Submission ID,Common Name,Scientific Name,Taxonomic Order,Count,State/Province,County,Location ID,Location,Latitude,Longitude,Date,Time,Protocol,Duration (Min),All Obs Reported,Distance Traveled (km),Area Covered (ha),Number of Observers,Breeding Code,Observation Details,Checklist Comments,ML Catalog Numbers
S95454099,黑長尾雉,Syrmaticus mikado,1368,3,TW-TXG,,L2395343,台中大雪山IBA--小雪山莊(50K)(Dasyueshan IBA--Xiaoxueshan Lodge (50K)),24.2792643,121.0259056,2021-10-02,08:10 AM,eBird - Traveling Count,56,1,2.362,,2
S95423205,藍腹鷴,Lophura swinhoii,1424,1,TW-TXG,,L3204811,台中大雪山IBA--收費站(35K)(Dasyueshan IBA--Ticket Booth (35K)),24.2441848,120.9752089,2021-10-01,04:08 PM,eBird - Traveling Count,35,1,5.387,,3
S95455663,野鴿(野化),Columba livia (Feral Pigeon),1842,1,TW-TXG,,L1668212,台中大雪山IBA--鞍馬山莊(43K)(Dasyueshan IBA--Anmashan Lodge (43K)),24.2551921,121.0080309,2021-10-02,09:43 AM,eBird - Stationary Count,17,1,,,2
S95423055,金背鳩,Streptopelia orientalis,1988,3,TW-TXG,,L3624542,台中--東勢林業文化園區(Taichung--Dongshi Forestry Culture Park),24.2442193,120.8344549,2021-10-01,10:14 AM,eBird - Traveling Count,22,1,.969,,3
S95423070,金背鳩,Streptopelia orientalis,1988,1,TW-TXG,,L3987481,台中大雪山IBA--大雪山林道0-15K(標記於9K處)(Dasyueshan IBA--Dasyueshan Forest-Road 0-15K),24.2152,120.88393,2021-10-01,10:56 AM,eBird - Traveling Count,36,1,.601,,3
S95423094,金背鳩,Streptopelia orientalis,1988,2,TW-TXG,,L3866533,台中大雪山IBA--大雪山林道12K(Dasyueshan IBA--Dasyueshan Forest-Road 12K),24.2208817,120.8941362,2021-10-01,12:26 PM,eBird - Traveling Count,18,1,1.189,,3
S95423070,紅鳩,Streptopelia tranquebarica,2024,7,TW-TXG,,L3987481,台中大雪山IBA--大雪山林道0-15K(標記於9K處)(Dasyueshan IBA--Dasyueshan Forest-Road 0-15K),24.2152,120.88393,2021-10-01,10:56 AM,eBird - Traveling Count,36,1,.601,,3
S95423094,綠鳩,Treron sieboldii,2514,25,TW-TXG,,L3866533,台中大雪山IBA--大雪山林道12K(Dasyueshan IBA--Dasyueshan Forest-Road 12K),24.2208817,120.8941362,2021-10-01,12:26 PM,eBird - Traveling Count,18,1,1.189,,3
S95423127,綠鳩,Treron sieboldii,2514,3,TW-TXG,,L9128028,台中大雪山IBA--大雪山林道15-23K(標記在19K處)(Dasyueshan IBA--Dasyueshan Forest-Road 15-23K),24.2482832,120.9184968,2021-10-01,01:15 PM,eBird - Stationary Count,26,1,,,3
S95423070,小雨燕,Apus nipalensis,4051,8,TW-TXG,,L3987481,台中大雪山IBA--大雪山林道0-15K(標記於9K處)(Dasyueshan IBA--Dasyueshan Forest-Road 0-15K),24.2152,120.88393,2021-10-01,10:56 AM,eBird - Traveling Count,36,1,.601,,3
S95455663,小雨燕,Apus nipalensis,4051,7,TW-TXG,,L1668212,台中大雪山IBA--鞍馬山莊(43K)(Dasyueshan IBA--Anmashan Lodge (43K)),24.2551921,121.0080309,2021-10-02,09:43 AM,eBird - Stationary Count,17,1,,,2
S95423055,小白鷺,Egretta garzetta,7217,8,TW-TXG,,L3624542,台中--東勢林業文化園區(Taichung--Dongshi Forestry Culture Park),24.2442193,120.8344549,2021-10-01,10:14 AM,eBird - Traveling Count,22,1,.969,,3
S95423070,小白鷺,Egretta garzetta,7217,3,TW-TXG,,L3987481,台中大雪山IBA--大雪山林道0-15K(標記於9K處)(Dasyueshan IBA--Dasyueshan Forest-Road 0-15K),24.2152,120.88393,2021-10-01,10:56 AM,eBird - Traveling Count,36,1,.601,,3
S95423055,黃頭鷺,Bubulcus ibis,7247,3,TW-TXG,,L3624542,台中--東勢林業文化園區(Taichung--Dongshi Forestry Culture Park),24.2442193,120.8344549,2021-10-01,10:14 AM,eBird - Traveling Count,22,1,.969,,3
S95423070,夜鷺,Nycticorax nycticorax,7305,1,TW-TXG,,L3987481,台中大雪山IBA--大雪山林道0-15K(標記於9K處)(Dasyueshan IBA--Dasyueshan Forest-Road 0-15K),24.2152,120.88393,2021-10-01,10:56 AM,eBird - Traveling Count,36,1,.601,,3
S95423055,黑冠麻鷺,Gorsachius melanolophus,7332,1,TW-TXG,,L3624542,台中--東勢林業文化園區(Taichung--Dongshi Forestry Culture Park),24.2442193,120.8344549,2021-10-01,10:14 AM,eBird - Traveling Count,22,1,.969,,3
S95423070,東方蜂鷹,Pernis ptilorhynchus,7476,2,TW-TXG,,L3987481,台中大雪山IBA--大雪山林道0-15K(標記於9K處)(Dasyueshan IBA--Dasyueshan Forest-Road 0-15K),24.2152,120.88393,2021-10-01,10:56 AM,eBird - Traveling Count,36,1,.601,,3
S95423070,大冠鷲,Spilornis cheela,7554,2,TW-TXG,,L3987481,台中大雪山IBA--大雪山林道0-15K(標記於9K處)(Dasyueshan IBA--Dasyueshan Forest-Road 0-15K),24.2152,120.88393,2021-10-01,10:56 AM,eBird - Traveling Count,36,1,.601,,3
S95423146,大冠鷲,Spilornis cheela,7554,1,TW-TXG,,L5612524,台中大雪山IBA--大雪山林道23-35K(標示在29K附近)(Dasyueshan IBA--Dasyueshan Forest-Road 23-35K),24.2345395,120.9654145,2021-10-01,02:02 PM,eBird - Stationary Count,8,1,,,3
S95423094,鳳頭蒼鷹,Accipiter trivirgatus,7742,1,TW-TXG,,L3866533,台中大雪山IBA--大雪山林道12K(Dasyueshan IBA--Dasyueshan Forest-Road 12K),24.2208817,120.8941362,2021-10-01,12:26 PM,eBird - Traveling Count,18,1,1.189,,3
S95455663,鳳頭蒼鷹,Accipiter trivirgatus,7742,1,TW-TXG,,L1668212,台中大雪山IBA--鞍馬山莊(43K)(Dasyueshan IBA--Anmashan Lodge (43K)),24.2551921,121.0080309,2021-10-02,09:43 AM,eBird - Stationary Count,17,1,,,2
S95455663,松雀鷹,Accipiter virgatus,7856,1,TW-TXG,,L1668212,台中大雪山IBA--鞍馬山莊(43K)(Dasyueshan IBA--Anmashan Lodge (43K)),24.2551921,121.0080309,2021-10-02,09:43 AM,eBird - Stationary Count,17,1,,,2
S95423217,黃嘴角鴞,Otus spilocephalus,8249,1,TW-TXG,,L3776715,台中大雪山IBA--大雪山林道23K(Dasyueshan IBA--Dasyueshan Forest-Road 23K),24.2477056,120.934284,2021-10-01,06:40 PM,eBird - Stationary Count,4,1,,,3
S95423233,黃嘴角鴞,Otus spilocephalus,8249,1,TW-TXG,,L3866551,台中大雪山IBA--大雪山林道31-32.5K(Dasyueshan IBA--Dasyueshan Forest-Road 31-32.5K),24.2281803,120.9778619,2021-10-01,07:10 PM,eBird - Traveling Count,16,1,1.755,,3
S95423245,黃嘴角鴞,Otus spilocephalus,8249,3,TW-TXG,,L2259782,台中大雪山IBA--大雪山林道35-50K(Dasyueshan IBA--Dasyueshan Forest-Road 35-50K),24.258706,121.0091239,2021-10-01,08:17 PM,eBird - Traveling Count,27,1,1.659,,3
S95423146,鵂鶹,Taenioptynx brodiei,8653,1,TW-TXG,,L5612524,台中大雪山IBA--大雪山林道23-35K(標示在29K附近)(Dasyueshan IBA--Dasyueshan Forest-Road 23-35K),24.2345395,120.9654145,2021-10-01,02:02 PM,eBird - Stationary Count,8,1,,,3
S95423245,東方灰林鴞,Strix nivicolum,8763,2,TW-TXG,,L2259782,台中大雪山IBA--大雪山林道35-50K(Dasyueshan IBA--Dasyueshan Forest-Road 35-50K),24.258706,121.0091239,2021-10-01,08:17 PM,eBird - Traveling Count,27,1,1.659,,3
S95423070,翠鳥,Alcedo atthis,9389,1,TW-TXG,,L3987481,台中大雪山IBA--大雪山林道0-15K(標記於9K處)(Dasyueshan IBA--Dasyueshan Forest-Road 0-15K),24.2152,120.88393,2021-10-01,10:56 AM,eBird - Traveling Count,36,1,.601,,3
S95423055,五色鳥,Psilopogon nuchalis,10296,4,TW-TXG,,L3624542,台中--東勢林業文化園區(Taichung--Dongshi Forestry Culture Park),24.2442193,120.8344549,2021-10-01,10:14 AM,eBird - Traveling Count,22,1,.969,,3
S95423070,五色鳥,Psilopogon nuchalis,10296,1,TW-TXG,,L3987481,台中大雪山IBA--大雪山林道0-15K(標記於9K處)(Dasyueshan IBA--Dasyueshan Forest-Road 0-15K),24.2152,120.88393,2021-10-01,10:56 AM,eBird - Traveling Count,36,1,.601,,3
S95423055,小啄木,Yungipicus canicapillus,10743,2,TW-TXG,,L3624542,台中--東勢林業文化園區(Taichung--Dongshi Forestry Culture Park),24.2442193,120.8344549,2021-10-01,10:14 AM,eBird - Traveling Count,22,1,.969,,3
S95455663,遊隼,Falco peregrinus,11575,1,TW-TXG,,L1668212,台中大雪山IBA--鞍馬山莊(43K)(Dasyueshan IBA--Anmashan Lodge (43K)),24.2551921,121.0080309,2021-10-02,09:43 AM,eBird - Stationary Count,17,1,,,2
S95423094,灰喉山椒鳥,Pericrocotus solaris,17875,2,TW-TXG,,L3866533,台中大雪山IBA--大雪山林道12K(Dasyueshan IBA--Dasyueshan Forest-Road 12K),24.2208817,120.8941362,2021-10-01,12:26 PM,eBird - Traveling Count,18,1,1.189,,3
S95423146,灰喉山椒鳥,Pericrocotus solaris,17875,16,TW-TXG,,L5612524,台中大雪山IBA--大雪山林道23-35K(標示在29K附近)(Dasyueshan IBA--Dasyueshan Forest-Road 23-35K),24.2345395,120.9654145,2021-10-01,02:02 PM,eBird - Stationary Count,8,1,,,3
S95423094,綠畫眉,Erpornis zantholeuca,18318,3,TW-TXG,,L3866533,台中大雪山IBA--大雪山林道12K(Dasyueshan IBA--Dasyueshan Forest-Road 12K),24.2208817,120.8941362,2021-10-01,12:26 PM,eBird - Traveling Count,18,1,1.189,,3
S95423070,大卷尾,Dicrurus macrocercus,19657,3,TW-TXG,,L3987481,台中大雪山IBA--大雪山林道0-15K(標記於9K處)(Dasyueshan IBA--Dasyueshan Forest-Road 0-15K),24.2152,120.88393,2021-10-01,10:56 AM,eBird - Traveling Count,36,1,.601,,3
S95423094,小卷尾,Dicrurus aeneus,19691,1,TW-TXG,,L3866533,台中大雪山IBA--大雪山林道12K(Dasyueshan IBA--Dasyueshan Forest-Road 12K),24.2208817,120.8941362,2021-10-01,12:26 PM,eBird - Traveling Count,18,1,1.189,,3
S95423080,黑枕藍鶲,Hypothymis azurea,19899,1,TW-TXG,,L2259477,台中大雪山IBA--大雪山林道0-15K(標示在9K附近)(Dasyueshan IBA--Dasyueshan Forest-Road 0-15K),24.2151999,120.8839345,2021-10-01,12:13 PM,eBird - Traveling Count,6,1,.203,,3
S95423094,黑枕藍鶲,Hypothymis azurea,19899,3,TW-TXG,,L3866533,台中大雪山IBA--大雪山林道12K(Dasyueshan IBA--Dasyueshan Forest-Road 12K),24.2208817,120.8941362,2021-10-01,12:26 PM,eBird - Traveling Count,18,1,1.189,,3
S95423070,紅尾伯勞,Lanius cristatus,20246,2,TW-TXG,,L3987481,台中大雪山IBA--大雪山林道0-15K(標記於9K處)(Dasyueshan IBA--Dasyueshan Forest-Road 0-15K),24.2152,120.88393,2021-10-01,10:56 AM,eBird - Traveling Count,36,1,.601,,3
S95423055,樹鵲,Dendrocitta formosae,20650,8,TW-TXG,,L3624542,台中--東勢林業文化園區(Taichung--Dongshi Forestry Culture Park),24.2442193,120.8344549,2021-10-01,10:14 AM,eBird - Traveling Count,22,1,.969,,3
S95423094,樹鵲,Dendrocitta formosae,20650,14,TW-TXG,,L3866533,台中大雪山IBA--大雪山林道12K(Dasyueshan IBA--Dasyueshan Forest-Road 12K),24.2208817,120.8941362,2021-10-01,12:26 PM,eBird - Traveling Count,18,1,1.189,,3
S95454099,星鴉,Nucifraga caryocatactes,20691,2,TW-TXG,,L2395343,台中大雪山IBA--小雪山莊(50K)(Dasyueshan IBA--Xiaoxueshan Lodge (50K)),24.2792643,121.0259056,2021-10-02,08:10 AM,eBird - Traveling Count,56,1,2.362,,2
S95455663,巨嘴鴉,Corvus macrorhynchos,20792,1,TW-TXG,,L1668212,台中大雪山IBA--鞍馬山莊(43K)(Dasyueshan IBA--Anmashan Lodge (43K)),24.2551921,121.0080309,2021-10-02,09:43 AM,eBird - Stationary Count,17,1,,,2
S95454115,煤山雀,Periparus ater,21146,1,TW-TXG,,L1036972,台中大雪山IBA--大雪山林道47K(Dasyueshan IBA--Dasyueshan Forest-Road 47K),24.2708435,121.024418,2021-10-02,08:02 AM,eBird - Traveling Count,8,1,3.074,,2
S95454099,煤山雀,Periparus ater,21146,6,TW-TXG,,L2395343,台中大雪山IBA--小雪山莊(50K)(Dasyueshan IBA--Xiaoxueshan Lodge (50K)),24.2792643,121.0259056,2021-10-02,08:10 AM,eBird - Traveling Count,56,1,2.362,,2
S95423161,青背山雀,Parus monticolus,21362,2,TW-TXG,,L1668212,台中大雪山IBA--鞍馬山莊(43K)(Dasyueshan IBA--Anmashan Lodge (43K)),24.2551921,121.0080309,2021-10-01,02:58 PM,eBird - Traveling Count,13,1,.717,,3
S95423127,黃山雀,Machlolophus holsti,21411,1,TW-TXG,,L9128028,台中大雪山IBA--大雪山林道15-23K(標記在19K處)(Dasyueshan IBA--Dasyueshan Forest-Road 15-23K),24.2482832,120.9184968,2021-10-01,01:15 PM,eBird - Stationary Count,26,1,,,3
S95423146,黃山雀,Machlolophus holsti,21411,1,TW-TXG,,L5612524,台中大雪山IBA--大雪山林道23-35K(標示在29K附近)(Dasyueshan IBA--Dasyueshan Forest-Road 23-35K),24.2345395,120.9654145,2021-10-01,02:02 PM,eBird - Stationary Count,8,1,,,3
S95423070,褐頭鷦鶯,Prinia inornata,22454,2,TW-TXG,,L3987481,台中大雪山IBA--大雪山林道0-15K(標記於9K處)(Dasyueshan IBA--Dasyueshan Forest-Road 0-15K),24.2152,120.88393,2021-10-01,10:56 AM,eBird - Traveling Count,36,1,.601,,3
S95454115,台灣鷦眉,Pnoepyga formosana,23138,4,TW-TXG,,L1036972,台中大雪山IBA--大雪山林道47K(Dasyueshan IBA--Dasyueshan Forest-Road 47K),24.2708435,121.024418,2021-10-02,08:02 AM,eBird - Traveling Count,8,1,3.074,,2
S95423070,洋燕,Hirundo tahitica,23319,4,TW-TXG,,L3987481,台中大雪山IBA--大雪山林道0-15K(標記於9K處)(Dasyueshan IBA--Dasyueshan Forest-Road 0-15K),24.2152,120.88393,2021-10-01,10:56 AM,eBird - Traveling Count,36,1,.601,,3
S95423070,赤腰燕,Cecropis striolata,23351,4,TW-TXG,,L3987481,台中大雪山IBA--大雪山林道0-15K(標記於9K處)(Dasyueshan IBA--Dasyueshan Forest-Road 0-15K),24.2152,120.88393,2021-10-01,10:56 AM,eBird - Traveling Count,36,1,.601,,3
S95423127,東方毛腳燕,Delichon dasypus,23414,1,TW-TXG,,L9128028,台中大雪山IBA--大雪山林道15-23K(標記在19K處)(Dasyueshan IBA--Dasyueshan Forest-Road 15-23K),24.2482832,120.9184968,2021-10-01,01:15 PM,eBird - Stationary Count,26,1,,,3
S95423080,白環鸚嘴鵯,Spizixos semitorques,23637,3,TW-TXG,,L2259477,台中大雪山IBA--大雪山林道0-15K(標示在9K附近)(Dasyueshan IBA--Dasyueshan Forest-Road 0-15K),24.2151999,120.8839345,2021-10-01,12:13 PM,eBird - Traveling Count,6,1,.203,,3
S95423055,白頭翁,Pycnonotus sinensis,23672,31,TW-TXG,,L3624542,台中--東勢林業文化園區(Taichung--Dongshi Forestry Culture Park),24.2442193,120.8344549,2021-10-01,10:14 AM,eBird - Traveling Count,22,1,.969,,3
S95423070,白頭翁,Pycnonotus sinensis,23672,8,TW-TXG,,L3987481,台中大雪山IBA--大雪山林道0-15K(標記於9K處)(Dasyueshan IBA--Dasyueshan Forest-Road 0-15K),24.2152,120.88393,2021-10-01,10:56 AM,eBird - Traveling Count,36,1,.601,,3
S95423055,紅嘴黑鵯,Hypsipetes leucocephalus,23854,14,TW-TXG,,L3624542,台中--東勢林業文化園區(Taichung--Dongshi Forestry Culture Park),24.2442193,120.8344549,2021-10-01,10:14 AM,eBird - Traveling Count,22,1,.969,,3
S95423094,紅嘴黑鵯,Hypsipetes leucocephalus,23854,7,TW-TXG,,L3866533,台中大雪山IBA--大雪山林道12K(Dasyueshan IBA--Dasyueshan Forest-Road 12K),24.2208817,120.8941362,2021-10-01,12:26 PM,eBird - Traveling Count,18,1,1.189,,3
S95423127,棕面鶯,Abroscopus albogularis,24247,5,TW-TXG,,L9128028,台中大雪山IBA--大雪山林道15-23K(標記在19K處)(Dasyueshan IBA--Dasyueshan Forest-Road 15-23K),24.2482832,120.9184968,2021-10-01,01:15 PM,eBird - Stationary Count,26,1,,,3
S95423146,棕面鶯,Abroscopus albogularis,24247,3,TW-TXG,,L5612524,台中大雪山IBA--大雪山林道23-35K(標示在29K附近)(Dasyueshan IBA--Dasyueshan Forest-Road 23-35K),24.2345395,120.9654145,2021-10-01,02:02 PM,eBird - Stationary Count,8,1,,,3
S95454099,深山鶯,Horornis acanthizoides,24304,4,TW-TXG,,L2395343,台中大雪山IBA--小雪山莊(50K)(Dasyueshan IBA--Xiaoxueshan Lodge (50K)),24.2792643,121.0259056,2021-10-02,08:10 AM,eBird - Traveling Count,56,1,2.362,,2
S95423182,紅頭山雀,Aegithalos concinnus,24356,30,TW-TXG,,L2259782,台中大雪山IBA--大雪山林道35-50K(Dasyueshan IBA--Dasyueshan Forest-Road 35-50K),24.258706,121.0091239,2021-10-01,03:17 PM,eBird - Traveling Count,30,1,1.571,,3
S95423205,紅頭山雀,Aegithalos concinnus,24356,30,TW-TXG,,L3204811,台中大雪山IBA--收費站(35K)(Dasyueshan IBA--Ticket Booth (35K)),24.2441848,120.9752089,2021-10-01,04:08 PM,eBird - Traveling Count,35,1,5.387,,3
S95454099,褐頭花翼,Fulvetta formosana,24544,1,TW-TXG,,L2395343,台中大雪山IBA--小雪山莊(50K)(Dasyueshan IBA--Xiaoxueshan Lodge (50K)),24.2792643,121.0259056,2021-10-02,08:10 AM,eBird - Traveling Count,56,1,2.362,,2
S95423127,冠羽畫眉,Yuhina brunneiceps,24643,22,TW-TXG,,L9128028,台中大雪山IBA--大雪山林道15-23K(標記在19K處)(Dasyueshan IBA--Dasyueshan Forest-Road 15-23K),24.2482832,120.9184968,2021-10-01,01:15 PM,eBird - Stationary Count,26,1,,,3
S95423182,冠羽畫眉,Yuhina brunneiceps,24643,25,TW-TXG,,L2259782,台中大雪山IBA--大雪山林道35-50K(Dasyueshan IBA--Dasyueshan Forest-Road 35-50K),24.258706,121.0091239,2021-10-01,03:17 PM,eBird - Traveling Count,30,1,1.571,,3
S95454099,冠羽畫眉,Yuhina brunneiceps,24643,6,TW-TXG,,L2395343,台中大雪山IBA--小雪山莊(50K)(Dasyueshan IBA--Xiaoxueshan Lodge (50K)),24.2792643,121.0259056,2021-10-02,08:10 AM,eBird - Traveling Count,56,1,2.362,,2
S95423055,斯氏繡眼,Zosterops simplex,24735,14,TW-TXG,,L3624542,台中--東勢林業文化園區(Taichung--Dongshi Forestry Culture Park),24.2442193,120.8344549,2021-10-01,10:14 AM,eBird - Traveling Count,22,1,.969,,3
S95423094,斯氏繡眼,Zosterops simplex,24735,15,TW-TXG,,L3866533,台中大雪山IBA--大雪山林道12K(Dasyueshan IBA--Dasyueshan Forest-Road 12K),24.2208817,120.8941362,2021-10-01,12:26 PM,eBird - Traveling Count,18,1,1.189,,3
S95423080,山紅頭,Cyanoderma ruficeps,25080,2,TW-TXG,,L2259477,台中大雪山IBA--大雪山林道0-15K(標示在9K附近)(Dasyueshan IBA--Dasyueshan Forest-Road 0-15K),24.2151999,120.8839345,2021-10-01,12:13 PM,eBird - Traveling Count,6,1,.203,,3
S95423094,山紅頭,Cyanoderma ruficeps,25080,6,TW-TXG,,L3866533,台中大雪山IBA--大雪山林道12K(Dasyueshan IBA--Dasyueshan Forest-Road 12K),24.2208817,120.8941362,2021-10-01,12:26 PM,eBird - Traveling Count,18,1,1.189,,3
S95423127,山紅頭,Cyanoderma ruficeps,25080,3,TW-TXG,,L9128028,台中大雪山IBA--大雪山林道15-23K(標記在19K處)(Dasyueshan IBA--Dasyueshan Forest-Road 15-23K),24.2482832,120.9184968,2021-10-01,01:15 PM,eBird - Stationary Count,26,1,,,3
S95454099,山紅頭,Cyanoderma ruficeps,25080,1,TW-TXG,,L2395343,台中大雪山IBA--小雪山莊(50K)(Dasyueshan IBA--Xiaoxueshan Lodge (50K)),24.2792643,121.0259056,2021-10-02,08:10 AM,eBird - Traveling Count,56,1,2.362,,2
S95423080,小彎嘴,Pomatorhinus musicus,25143,7,TW-TXG,,L2259477,台中大雪山IBA--大雪山林道0-15K(標示在9K附近)(Dasyueshan IBA--Dasyueshan Forest-Road 0-15K),24.2151999,120.8839345,2021-10-01,12:13 PM,eBird - Traveling Count,6,1,.203,,3
S95423070,小彎嘴,Pomatorhinus musicus,25143,1,TW-TXG,,L3987481,台中大雪山IBA--大雪山林道0-15K(標記於9K處)(Dasyueshan IBA--Dasyueshan Forest-Road 0-15K),24.2152,120.88393,2021-10-01,10:56 AM,eBird - Traveling Count,36,1,.601,,3
S95423094,頭烏線,Schoeniparus brunneus,25299,1,TW-TXG,,L3866533,台中大雪山IBA--大雪山林道12K(Dasyueshan IBA--Dasyueshan Forest-Road 12K),24.2208817,120.8941362,2021-10-01,12:26 PM,eBird - Traveling Count,18,1,1.189,,3
S95423094,繡眼畫眉,Alcippe morrisonia,25509,14,TW-TXG,,L3866533,台中大雪山IBA--大雪山林道12K(Dasyueshan IBA--Dasyueshan Forest-Road 12K),24.2208817,120.8941362,2021-10-01,12:26 PM,eBird - Traveling Count,18,1,1.189,,3
S95423127,繡眼畫眉,Alcippe morrisonia,25509,9,TW-TXG,,L9128028,台中大雪山IBA--大雪山林道15-23K(標記在19K處)(Dasyueshan IBA--Dasyueshan Forest-Road 15-23K),24.2482832,120.9184968,2021-10-01,01:15 PM,eBird - Stationary Count,26,1,,,3
S95454115,繡眼畫眉,Alcippe morrisonia,25509,5,TW-TXG,,L1036972,台中大雪山IBA--大雪山林道47K(Dasyueshan IBA--Dasyueshan Forest-Road 47K),24.2708435,121.024418,2021-10-02,08:02 AM,eBird - Traveling Count,8,1,3.074,,2
S95454099,繡眼畫眉,Alcippe morrisonia,25509,6,TW-TXG,,L2395343,台中大雪山IBA--小雪山莊(50K)(Dasyueshan IBA--Xiaoxueshan Lodge (50K)),24.2792643,121.0259056,2021-10-02,08:10 AM,eBird - Traveling Count,56,1,2.362,,2
S95423205,繡眼畫眉,Alcippe morrisonia,25509,7,TW-TXG,,L3204811,台中大雪山IBA--收費站(35K)(Dasyueshan IBA--Ticket Booth (35K)),24.2441848,120.9752089,2021-10-01,04:08 PM,eBird - Traveling Count,35,1,5.387,,3
S95454099,台灣噪眉,Trochalopteron morrisonianum,25557,8,TW-TXG,,L2395343,台中大雪山IBA--小雪山莊(50K)(Dasyueshan IBA--Xiaoxueshan Lodge (50K)),24.2792643,121.0259056,2021-10-02,08:10 AM,eBird - Traveling Count,56,1,2.362,,2
S95423127,白耳畫眉,Heterophasia auricularis,25599,11,TW-TXG,,L9128028,台中大雪山IBA--大雪山林道15-23K(標記在19K處)(Dasyueshan IBA--Dasyueshan Forest-Road 15-23K),24.2482832,120.9184968,2021-10-01,01:15 PM,eBird - Stationary Count,26,1,,,3
S95423182,紋翼畫眉,Actinodura morrisoniana,25622,5,TW-TXG,,L2259782,台中大雪山IBA--大雪山林道35-50K(Dasyueshan IBA--Dasyueshan Forest-Road 35-50K),24.258706,121.0091239,2021-10-01,03:17 PM,eBird - Traveling Count,30,1,1.571,,3
S95423146,黃胸藪眉,Liocichla steerii,25695,7,TW-TXG,,L5612524,台中大雪山IBA--大雪山林道23-35K(標示在29K附近)(Dasyueshan IBA--Dasyueshan Forest-Road 23-35K),24.2345395,120.9654145,2021-10-01,02:02 PM,eBird - Stationary Count,8,1,,,3
S95454099,黃胸藪眉,Liocichla steerii,25695,4,TW-TXG,,L2395343,台中大雪山IBA--小雪山莊(50K)(Dasyueshan IBA--Xiaoxueshan Lodge (50K)),24.2792643,121.0259056,2021-10-02,08:10 AM,eBird - Traveling Count,56,1,2.362,,2
S95454115,火冠戴菊鳥,Regulus goodfellowi,25971,9,TW-TXG,,L1036972,台中大雪山IBA--大雪山林道47K(Dasyueshan IBA--Dasyueshan Forest-Road 47K),24.2708435,121.024418,2021-10-02,08:02 AM,eBird - Traveling Count,8,1,3.074,,2
S95454099,火冠戴菊鳥,Regulus goodfellowi,25971,8,TW-TXG,,L2395343,台中大雪山IBA--小雪山莊(50K)(Dasyueshan IBA--Xiaoxueshan Lodge (50K)),24.2792643,121.0259056,2021-10-02,08:10 AM,eBird - Traveling Count,56,1,2.362,,2
S95423146,茶腹鳾,Sitta europaea,25988,1,TW-TXG,,L5612524,台中大雪山IBA--大雪山林道23-35K(標示在29K附近)(Dasyueshan IBA--Dasyueshan Forest-Road 23-35K),24.2345395,120.9654145,2021-10-01,02:02 PM,eBird - Stationary Count,8,1,,,3
S95423182,茶腹鳾,Sitta europaea,25988,2,TW-TXG,,L2259782,台中大雪山IBA--大雪山林道35-50K(Dasyueshan IBA--Dasyueshan Forest-Road 35-50K),24.258706,121.0091239,2021-10-01,03:17 PM,eBird - Traveling Count,30,1,1.571,,3
S95423205,茶腹鳾,Sitta europaea,25988,2,TW-TXG,,L3204811,台中大雪山IBA--收費站(35K)(Dasyueshan IBA--Ticket Booth (35K)),24.2441848,120.9752089,2021-10-01,04:08 PM,eBird - Traveling Count,35,1,5.387,,3
S95423070,家八哥,Acridotheres tristis,26935,1,TW-TXG,,L3987481,台中大雪山IBA--大雪山林道0-15K(標記於9K處)(Dasyueshan IBA--Dasyueshan Forest-Road 0-15K),24.2152,120.88393,2021-10-01,10:56 AM,eBird - Traveling Count,36,1,.601,,3
S95423070,白尾八哥,Acridotheres javanicus,26952,12,TW-TXG,,L3987481,台中大雪山IBA--大雪山林道0-15K(標記於9K處)(Dasyueshan IBA--Dasyueshan Forest-Road 0-15K),24.2152,120.88393,2021-10-01,10:56 AM,eBird - Traveling Count,36,1,.601,,3
S95423205,紅尾鶲,Muscicapa ferruginea,27815,1,TW-TXG,,L3204811,台中大雪山IBA--收費站(35K)(Dasyueshan IBA--Ticket Booth (35K)),24.2441848,120.9752089,2021-10-01,04:08 PM,eBird - Traveling Count,35,1,5.387,,3
S95423055,白腰鵲鴝,Copsychus malabaricus,28031,1,TW-TXG,,L3624542,台中--東勢林業文化園區(Taichung--Dongshi Forestry Culture Park),24.2442193,120.8344549,2021-10-01,10:14 AM,eBird - Traveling Count,22,1,.969,,3
S95454115,小翼鶇,Brachypteryx goodfellowi,28374,4,TW-TXG,,L1036972,台中大雪山IBA--大雪山林道47K(Dasyueshan IBA--Dasyueshan Forest-Road 47K),24.2708435,121.024418,2021-10-02,08:02 AM,eBird - Traveling Count,8,1,3.074,,2
S95454099,小翼鶇,Brachypteryx goodfellowi,28374,1,TW-TXG,,L2395343,台中大雪山IBA--小雪山莊(50K)(Dasyueshan IBA--Xiaoxueshan Lodge (50K)),24.2792643,121.0259056,2021-10-02,08:10 AM,eBird - Traveling Count,56,1,2.362,,2
S95423182,台灣紫嘯鶇,Myophonus insularis,28441,1,TW-TXG,,L2259782,台中大雪山IBA--大雪山林道35-50K(Dasyueshan IBA--Dasyueshan Forest-Road 35-50K),24.258706,121.0091239,2021-10-01,03:17 PM,eBird - Traveling Count,30,1,1.571,,3
S95423205,台灣紫嘯鶇,Myophonus insularis,28441,1,TW-TXG,,L3204811,台中大雪山IBA--收費站(35K)(Dasyueshan IBA--Ticket Booth (35K)),24.2441848,120.9752089,2021-10-01,04:08 PM,eBird - Traveling Count,35,1,5.387,,3
S95423205,白尾鴝,Myiomela leucura,28483,1,TW-TXG,,L3204811,台中大雪山IBA--收費站(35K)(Dasyueshan IBA--Ticket Booth (35K)),24.2441848,120.9752089,2021-10-01,04:08 PM,eBird - Traveling Count,35,1,5.387,,3
S95454115,栗背林鴝,Tarsiger johnstoniae,28505,2,TW-TXG,,L1036972,台中大雪山IBA--大雪山林道47K(Dasyueshan IBA--Dasyueshan Forest-Road 47K),24.2708435,121.024418,2021-10-02,08:02 AM,eBird - Traveling Count,8,1,3.074,,2
S95423070,鉛色水鶇,Phoenicurus fuliginosus,28606,1,TW-TXG,,L3987481,台中大雪山IBA--大雪山林道0-15K(標記於9K處)(Dasyueshan IBA--Dasyueshan Forest-Road 0-15K),24.2152,120.88393,2021-10-01,10:56 AM,eBird - Traveling Count,36,1,.601,,3
S95423108,綠啄花,Dicaeum minullum,29027,1,TW-TXG,,L1036980,台中大雪山IBA--橫流溪(15K)(Dasyueshan IBA--Hengliu Creek (15K)),24.2392182,120.9095398,2021-10-01,01:09 PM,eBird - Casual Observation,,0,,,3
S95423146,紅胸啄花,Dicaeum ignipectus,29077,4,TW-TXG,,L5612524,台中大雪山IBA--大雪山林道23-35K(標示在29K附近)(Dasyueshan IBA--Dasyueshan Forest-Road 23-35K),24.2345395,120.9654145,2021-10-01,02:02 PM,eBird - Stationary Count,8,1,,,3
S95423182,紅胸啄花,Dicaeum ignipectus,29077,2,TW-TXG,,L2259782,台中大雪山IBA--大雪山林道35-50K(Dasyueshan IBA--Dasyueshan Forest-Road 35-50K),24.258706,121.0091239,2021-10-01,03:17 PM,eBird - Traveling Count,30,1,1.571,,3
S95423161,紅胸啄花,Dicaeum ignipectus,29077,3,TW-TXG,,L1668212,台中大雪山IBA--鞍馬山莊(43K)(Dasyueshan IBA--Anmashan Lodge (43K)),24.2551921,121.0080309,2021-10-01,02:58 PM,eBird - Traveling Count,13,1,.717,,3
S95423070,白腰文鳥,Lonchura striata,30063,4,TW-TXG,,L3987481,台中大雪山IBA--大雪山林道0-15K(標記於9K處)(Dasyueshan IBA--Dasyueshan Forest-Road 0-15K),24.2152,120.88393,2021-10-01,10:56 AM,eBird - Traveling Count,36,1,.601,,3
S95423070,麻雀,Passer montanus,30560,2,TW-TXG,,L3987481,台中大雪山IBA--大雪山林道0-15K(標記於9K處)(Dasyueshan IBA--Dasyueshan Forest-Road 0-15K),24.2152,120.88393,2021-10-01,10:56 AM,eBird - Traveling Count,36,1,.601,,3
S95423055,灰鶺鴒,Motacilla cinerea,30633,1,TW-TXG,,L3624542,台中--東勢林業文化園區(Taichung--Dongshi Forestry Culture Park),24.2442193,120.8344549,2021-10-01,10:14 AM,eBird - Traveling Count,22,1,.969,,3
S95423070,灰鶺鴒,Motacilla cinerea,30633,1,TW-TXG,,L3987481,台中大雪山IBA--大雪山林道0-15K(標記於9K處)(Dasyueshan IBA--Dasyueshan Forest-Road 0-15K),24.2152,120.88393,2021-10-01,10:56 AM,eBird - Traveling Count,36,1,.601,,3
S95423055,白鶺鴒,Motacilla alba,30675,1,TW-TXG,,L3624542,台中--東勢林業文化園區(Taichung--Dongshi Forestry Culture Park),24.2442193,120.8344549,2021-10-01,10:14 AM,eBird - Traveling Count,22,1,.969,,3
S95454099,台灣朱雀,Carpodacus formosanus,31123,1,TW-TXG,,L2395343,台中大雪山IBA--小雪山莊(50K)(Dasyueshan IBA--Xiaoxueshan Lodge (50K)),24.2792643,121.0259056,2021-10-02,08:10 AM,eBird - Traveling Count,56,1,2.362,,2
S95454099,灰鷽,Pyrrhula owstoni,31193,4,TW-TXG,,L2395343,台中大雪山IBA--小雪山莊(50K)(Dasyueshan IBA--Xiaoxueshan Lodge (50K)),24.2792643,121.0259056,2021-10-02,08:10 AM,eBird - Traveling Count,56,1,2.362,,2
