Submission ID,Common Name,Scientific Name,Taxonomic Order,Count,State/Province,County,Location ID,Location,Latitude,Longitude,Date,Time,Protocol,Duration (Min),All Obs Reported,Distance Traveled (km),Area Covered (ha),Number of Observers,Breeding Code,Observation Details,Checklist Comments,ML Catalog Numbers
S95455537,黑長尾雉,Syrmaticus mikado,1368,3,TW-TXG,,L2395343,台中大雪山IBA--小雪山莊(50K)(Dasyueshan IBA--Xiaoxueshan Lodge (50K)),24.2792643,121.0259056,2021-10-02,07:14 AM,eBird - Traveling Count,33,1,.34,,4,,,停車場
S95424845,藍腹鷴,Lophura swinhoii,1424,2,TW-TXG,,L2626987,台中大雪山IBA--大雪山林道23.5K(Dasyueshan IBA--Dasyueshan Forest-Road 23.5K),24.2464709,120.9355546,2021-10-01,02:59 PM,eBird - Stationary Count,14,1,,,4
S95424602,台灣竹雞,Bambusicola sonorivox,1520,1,TW-TXG,,L2259477,台中大雪山IBA--大雪山林道0-15K(標示在9K附近)(Dasyueshan IBA--Dasyueshan Forest-Road 0-15K),24.2151999,120.8839345,2021-10-01,11:24 AM,eBird - Stationary Count,3,1,,,4,,,十公里
S95424558,台灣竹雞,Bambusicola sonorivox,1520,2,TW-TXG,,L3987481,台中大雪山IBA--大雪山林道0-15K(標記於9K處)(Dasyueshan IBA--Dasyueshan Forest-Road 0-15K),24.2152,120.88393,2021-10-01,10:56 AM,eBird - Stationary Count,7,1,,,4,,,平埔橋
S95424541,野鴿(野化),Columba livia (Feral Pigeon),1842,2,TW-TXG,,L3987481,台中大雪山IBA--大雪山林道0-15K(標記於9K處)(Dasyueshan IBA--Dasyueshan Forest-Road 0-15K),24.2152,120.88393,2021-10-01,10:45 AM,eBird - Stationary Count,7,1,,,4,,,中坑派出所
S95424887,灰林鴿,Columba pulchricollis,1890,5,TW-TXG,,L5612524,台中大雪山IBA--大雪山林道23-35K(標示在29K附近)(Dasyueshan IBA--Dasyueshan Forest-Road 23-35K),24.2345395,120.9654145,2021-10-01,03:40 PM,eBird - Traveling Count,27,1,.13,,4,,,雪山橋
S95455533,灰林鴿,Columba pulchricollis,1890,1,TW-TXG,,L2395343,台中大雪山IBA--小雪山莊(50K)(Dasyueshan IBA--Xiaoxueshan Lodge (50K)),24.2792643,121.0259056,2021-10-02,05:54 AM,eBird - Traveling Count,76,1,1.06,,4,,,天池
S95424531,金背鳩,Streptopelia orientalis,1988,3,TW-TXG,,L3624542,台中--東勢林業文化園區(Taichung--Dongshi Forestry Culture Park),24.2442193,120.8344549,2021-10-01,10:10 AM,eBird - Traveling Count,27,1,1.,,4
S95424616,金背鳩,Streptopelia orientalis,1988,5,TW-TXG,,L2259477,台中大雪山IBA--大雪山林道0-15K(標示在9K附近)(Dasyueshan IBA--Dasyueshan Forest-Road 0-15K),24.2151999,120.8839345,2021-10-01,11:28 AM,eBird - Traveling Count,6,1,3.22,,4
S95424541,金背鳩,Streptopelia orientalis,1988,1,TW-TXG,,L3987481,台中大雪山IBA--大雪山林道0-15K(標記於9K處)(Dasyueshan IBA--Dasyueshan Forest-Road 0-15K),24.2152,120.88393,2021-10-01,10:45 AM,eBird - Stationary Count,7,1,,,4,,,中坑派出所
S95424558,金背鳩,Streptopelia orientalis,1988,2,TW-TXG,,L3987481,台中大雪山IBA--大雪山林道0-15K(標記於9K處)(Dasyueshan IBA--Dasyueshan Forest-Road 0-15K),24.2152,120.88393,2021-10-01,10:56 AM,eBird - Stationary Count,7,1,,,4,,,平埔橋
S95424594,金背鳩,Streptopelia orientalis,1988,2,TW-TXG,,L3987481,台中大雪山IBA--大雪山林道0-15K(標記於9K處)(Dasyueshan IBA--Dasyueshan Forest-Road 0-15K),24.2152,120.88393,2021-10-01,11:15 AM,eBird - Traveling Count,5,1,3.,,4
S95424643,金背鳩,Streptopelia orientalis,1988,1,TW-TXG,,L3987481,台中大雪山IBA--大雪山林道0-15K(標記於9K處)(Dasyueshan IBA--Dasyueshan Forest-Road 0-15K),24.2152,120.88393,2021-10-01,11:46 AM,eBird - Traveling Count,5,1,3.01,,4
S95424674,金背鳩,Streptopelia orientalis,1988,1,TW-TXG,,L3987481,台中大雪山IBA--大雪山林道0-15K(標記於9K處)(Dasyueshan IBA--Dasyueshan Forest-Road 0-15K),24.2152,120.88393,2021-10-01,12:32 PM,eBird - Traveling Count,9,1,1.98,,4
S95424681,金背鳩,Streptopelia orientalis,1988,2,TW-TXG,,L3987481,台中大雪山IBA--大雪山林道0-15K(標記於9K處)(Dasyueshan IBA--Dasyueshan Forest-Road 0-15K),24.2152,120.88393,2021-10-01,12:40 PM,eBird - Stationary Count,6,1,,,4,,,中坑派出所
S95424740,金背鳩,Streptopelia orientalis,1988,2,TW-TXG,,L5757504,台中大雪山IBA--富山巷(Dasyueshan IBA--Fushan Lane (14K)),24.2323219,120.9015316,2021-10-01,01:10 PM,eBird - Traveling Count,6,1,2.77,,4
S95424558,紅鳩,Streptopelia tranquebarica,2024,7,TW-TXG,,L3987481,台中大雪山IBA--大雪山林道0-15K(標記於9K處)(Dasyueshan IBA--Dasyueshan Forest-Road 0-15K),24.2152,120.88393,2021-10-01,10:56 AM,eBird - Stationary Count,7,1,,,4,,,平埔橋
S95424570,紅鳩,Streptopelia tranquebarica,2024,15,TW-TXG,,L3987481,台中大雪山IBA--大雪山林道0-15K(標記於9K處)(Dasyueshan IBA--Dasyueshan Forest-Road 0-15K),24.2152,120.88393,2021-10-01,11:03 AM,eBird - Traveling Count,5,1,2.98,,4
S95424681,紅鳩,Streptopelia tranquebarica,2024,9,TW-TXG,,L3987481,台中大雪山IBA--大雪山林道0-15K(標記於9K處)(Dasyueshan IBA--Dasyueshan Forest-Road 0-15K),24.2152,120.88393,2021-10-01,12:40 PM,eBird - Stationary Count,6,1,,,4,,,中坑派出所
S95424721,紅鳩,Streptopelia tranquebarica,2024,3,TW-TXG,,L3987481,台中大雪山IBA--大雪山林道0-15K(標記於9K處)(Dasyueshan IBA--Dasyueshan Forest-Road 0-15K),24.2152,120.88393,2021-10-01,12:46 PM,eBird - Traveling Count,11,1,3.5,,4
S95424531,珠頸斑鳩,Streptopelia chinensis,2034,3,TW-TXG,,L3624542,台中--東勢林業文化園區(Taichung--Dongshi Forestry Culture Park),24.2442193,120.8344549,2021-10-01,10:10 AM,eBird - Traveling Count,27,1,1.,,4
S95424541,珠頸斑鳩,Streptopelia chinensis,2034,1,TW-TXG,,L3987481,台中大雪山IBA--大雪山林道0-15K(標記於9K處)(Dasyueshan IBA--Dasyueshan Forest-Road 0-15K),24.2152,120.88393,2021-10-01,10:45 AM,eBird - Stationary Count,7,1,,,4,,,中坑派出所
S95424558,珠頸斑鳩,Streptopelia chinensis,2034,1,TW-TXG,,L3987481,台中大雪山IBA--大雪山林道0-15K(標記於9K處)(Dasyueshan IBA--Dasyueshan Forest-Road 0-15K),24.2152,120.88393,2021-10-01,10:56 AM,eBird - Stationary Count,7,1,,,4,,,平埔橋
S95424570,珠頸斑鳩,Streptopelia chinensis,2034,1,TW-TXG,,L3987481,台中大雪山IBA--大雪山林道0-15K(標記於9K處)(Dasyueshan IBA--Dasyueshan Forest-Road 0-15K),24.2152,120.88393,2021-10-01,11:03 AM,eBird - Traveling Count,5,1,2.98,,4
S95424581,珠頸斑鳩,Streptopelia chinensis,2034,2,TW-TXG,,L3987481,台中大雪山IBA--大雪山林道0-15K(標記於9K處)(Dasyueshan IBA--Dasyueshan Forest-Road 0-15K),24.2152,120.88393,2021-10-01,11:10 AM,eBird - Stationary Count,5,1,,,4,,,小南坑
S95424594,珠頸斑鳩,Streptopelia chinensis,2034,1,TW-TXG,,L3987481,台中大雪山IBA--大雪山林道0-15K(標記於9K處)(Dasyueshan IBA--Dasyueshan Forest-Road 0-15K),24.2152,120.88393,2021-10-01,11:15 AM,eBird - Traveling Count,5,1,3.,,4
S95424674,珠頸斑鳩,Streptopelia chinensis,2034,1,TW-TXG,,L3987481,台中大雪山IBA--大雪山林道0-15K(標記於9K處)(Dasyueshan IBA--Dasyueshan Forest-Road 0-15K),24.2152,120.88393,2021-10-01,12:32 PM,eBird - Traveling Count,9,1,1.98,,4
S95424681,珠頸斑鳩,Streptopelia chinensis,2034,1,TW-TXG,,L3987481,台中大雪山IBA--大雪山林道0-15K(標記於9K處)(Dasyueshan IBA--Dasyueshan Forest-Road 0-15K),24.2152,120.88393,2021-10-01,12:40 PM,eBird - Stationary Count,6,1,,,4,,,中坑派出所
S95424721,珠頸斑鳩,Streptopelia chinensis,2034,2,TW-TXG,,L3987481,台中大雪山IBA--大雪山林道0-15K(標記於9K處)(Dasyueshan IBA--Dasyueshan Forest-Road 0-15K),24.2152,120.88393,2021-10-01,12:46 PM,eBird - Traveling Count,11,1,3.5,,4
S95424732,珠頸斑鳩,Streptopelia chinensis,2034,3,TW-TXG,,L3987481,台中大雪山IBA--大雪山林道0-15K(標記於9K處)(Dasyueshan IBA--Dasyueshan Forest-Road 0-15K),24.2152,120.88393,2021-10-01,12:58 PM,eBird - Traveling Count,6,1,3.36,,4
S95424740,珠頸斑鳩,Streptopelia chinensis,2034,1,TW-TXG,,L5757504,台中大雪山IBA--富山巷(Dasyueshan IBA--Fushan Lane (14K)),24.2323219,120.9015316,2021-10-01,01:10 PM,eBird - Traveling Count,6,1,2.77,,4
S95424774,珠頸斑鳩,Streptopelia chinensis,2034,1,TW-TXG,,L5757504,台中大雪山IBA--富山巷(Dasyueshan IBA--Fushan Lane (14K)),24.2323219,120.9015316,2021-10-01,01:39 PM,eBird - Traveling Count,6,1,2.51,,4
S95424531,小雨燕,Apus nipalensis,4051,15,TW-TXG,,L3624542,台中--東勢林業文化園區(Taichung--Dongshi Forestry Culture Park),24.2442193,120.8344549,2021-10-01,10:10 AM,eBird - Traveling Count,27,1,1.,,4
S95424674,小雨燕,Apus nipalensis,4051,12,TW-TXG,,L3987481,台中大雪山IBA--大雪山林道0-15K(標記於9K處)(Dasyueshan IBA--Dasyueshan Forest-Road 0-15K),24.2152,120.88393,2021-10-01,12:32 PM,eBird - Traveling Count,9,1,1.98,,4
S95455573,小雨燕,Apus nipalensis,4051,4,TW-TXG,,L3204811,台中大雪山IBA--收費站(35K)(Dasyueshan IBA--Ticket Booth (35K)),24.2441848,120.9752089,2021-10-02,08:38 AM,eBird - Traveling Count,16,1,.16,,4
S95424681,小環頸鴴,Charadrius dubius,5775,1,TW-TXG,,L3987481,台中大雪山IBA--大雪山林道0-15K(標記於9K處)(Dasyueshan IBA--Dasyueshan Forest-Road 0-15K),24.2152,120.88393,2021-10-01,12:40 PM,eBird - Stationary Count,6,1,,,4,,,中坑派出所
S95424531,磯鷸,Actitis hypoleucos,6025,1,TW-TXG,,L3624542,台中--東勢林業文化園區(Taichung--Dongshi Forestry Culture Park),24.2442193,120.8344549,2021-10-01,10:10 AM,eBird - Traveling Count,27,1,1.,,4
S95424541,磯鷸,Actitis hypoleucos,6025,1,TW-TXG,,L3987481,台中大雪山IBA--大雪山林道0-15K(標記於9K處)(Dasyueshan IBA--Dasyueshan Forest-Road 0-15K),24.2152,120.88393,2021-10-01,10:45 AM,eBird - Stationary Count,7,1,,,4,,,中坑派出所
S95424531,小白鷺,Egretta garzetta,7217,8,TW-TXG,,L3624542,台中--東勢林業文化園區(Taichung--Dongshi Forestry Culture Park),24.2442193,120.8344549,2021-10-01,10:10 AM,eBird - Traveling Count,27,1,1.,,4
S95424541,小白鷺,Egretta garzetta,7217,1,TW-TXG,,L3987481,台中大雪山IBA--大雪山林道0-15K(標記於9K處)(Dasyueshan IBA--Dasyueshan Forest-Road 0-15K),24.2152,120.88393,2021-10-01,10:45 AM,eBird - Stationary Count,7,1,,,4,,,中坑派出所
S95424558,小白鷺,Egretta garzetta,7217,1,TW-TXG,,L3987481,台中大雪山IBA--大雪山林道0-15K(標記於9K處)(Dasyueshan IBA--Dasyueshan Forest-Road 0-15K),24.2152,120.88393,2021-10-01,10:56 AM,eBird - Stationary Count,7,1,,,4,,,平埔橋
S95424531,黃頭鷺,Bubulcus ibis,7247,6,TW-TXG,,L3624542,台中--東勢林業文化園區(Taichung--Dongshi Forestry Culture Park),24.2442193,120.8344549,2021-10-01,10:10 AM,eBird - Traveling Count,27,1,1.,,4
S95424541,黃頭鷺,Bubulcus ibis,7247,1,TW-TXG,,L3987481,台中大雪山IBA--大雪山林道0-15K(標記於9K處)(Dasyueshan IBA--Dasyueshan Forest-Road 0-15K),24.2152,120.88393,2021-10-01,10:45 AM,eBird - Stationary Count,7,1,,,4,,,中坑派出所
S95424548,黃頭鷺,Bubulcus ibis,7247,2,TW-TXG,,L3987481,台中大雪山IBA--大雪山林道0-15K(標記於9K處)(Dasyueshan IBA--Dasyueshan Forest-Road 0-15K),24.2152,120.88393,2021-10-01,10:53 AM,eBird - Traveling Count,2,1,1.28,,4
S95424594,黃頭鷺,Bubulcus ibis,7247,2,TW-TXG,,L3987481,台中大雪山IBA--大雪山林道0-15K(標記於9K處)(Dasyueshan IBA--Dasyueshan Forest-Road 0-15K),24.2152,120.88393,2021-10-01,11:15 AM,eBird - Traveling Count,5,1,3.,,4
S95424594,夜鷺,Nycticorax nycticorax,7305,1,TW-TXG,,L3987481,台中大雪山IBA--大雪山林道0-15K(標記於9K處)(Dasyueshan IBA--Dasyueshan Forest-Road 0-15K),24.2152,120.88393,2021-10-01,11:15 AM,eBird - Traveling Count,5,1,3.,,4
S95424531,黑冠麻鷺,Gorsachius melanolophus,7332,1,TW-TXG,,L3624542,台中--東勢林業文化園區(Taichung--Dongshi Forestry Culture Park),24.2442193,120.8344549,2021-10-01,10:10 AM,eBird - Traveling Count,27,1,1.,,4
S95424681,東方蜂鷹,Pernis ptilorhynchus,7476,2,TW-TXG,,L3987481,台中大雪山IBA--大雪山林道0-15K(標記於9K處)(Dasyueshan IBA--Dasyueshan Forest-Road 0-15K),24.2152,120.88393,2021-10-01,12:40 PM,eBird - Stationary Count,6,1,,,4,,,中坑派出所
S95424735,大冠鷲,Spilornis cheela,7554,1,TW-TXG,,L2259477,台中大雪山IBA--大雪山林道0-15K(標示在9K附近)(Dasyueshan IBA--Dasyueshan Forest-Road 0-15K),24.2151999,120.8839345,2021-10-01,01:04 PM,eBird - Traveling Count,5,1,3.01,,4
S95424662,大冠鷲,Spilornis cheela,7554,1,TW-TXG,,L3987481,台中大雪山IBA--大雪山林道0-15K(標記於9K處)(Dasyueshan IBA--Dasyueshan Forest-Road 0-15K),24.2152,120.88393,2021-10-01,11:56 AM,eBird - Traveling Count,5,1,3.18,,4
S95424747,大冠鷲,Spilornis cheela,7554,1,TW-TXG,,L5757504,台中大雪山IBA--富山巷(Dasyueshan IBA--Fushan Lane (14K)),24.2323219,120.9015316,2021-10-01,01:16 PM,eBird - Stationary Count,13,1,,,4,,,富山一號橋
S95455686,熊鷹,Nisaetus nipalensis,7610,2,TW-TXG,,L1668212,台中大雪山IBA--鞍馬山莊(43K)(Dasyueshan IBA--Anmashan Lodge (43K)),24.2551921,121.0080309,2021-10-02,09:50 AM,eBird - Stationary Count,6,1,,,4
S95424541,林鵰,Ictinaetus malaiensis,7637,1,TW-TXG,,L3987481,台中大雪山IBA--大雪山林道0-15K(標記於9K處)(Dasyueshan IBA--Dasyueshan Forest-Road 0-15K),24.2152,120.88393,2021-10-01,10:45 AM,eBird - Stationary Count,7,1,,,4,,,中坑派出所
S95424581,林鵰,Ictinaetus malaiensis,7637,1,TW-TXG,,L3987481,台中大雪山IBA--大雪山林道0-15K(標記於9K處)(Dasyueshan IBA--Dasyueshan Forest-Road 0-15K),24.2152,120.88393,2021-10-01,11:10 AM,eBird - Stationary Count,5,1,,,4,,,小南坑
S95424732,林鵰,Ictinaetus malaiensis,7637,2,TW-TXG,,L3987481,台中大雪山IBA--大雪山林道0-15K(標記於9K處)(Dasyueshan IBA--Dasyueshan Forest-Road 0-15K),24.2152,120.88393,2021-10-01,12:58 PM,eBird - Traveling Count,6,1,3.36,,4
S95424541,鳳頭蒼鷹,Accipiter trivirgatus,7742,1,TW-TXG,,L3987481,台中大雪山IBA--大雪山林道0-15K(標記於9K處)(Dasyueshan IBA--Dasyueshan Forest-Road 0-15K),24.2152,120.88393,2021-10-01,10:45 AM,eBird - Stationary Count,7,1,,,4,,,中坑派出所
S95455686,鳳頭蒼鷹,Accipiter trivirgatus,7742,1,TW-TXG,,L1668212,台中大雪山IBA--鞍馬山莊(43K)(Dasyueshan IBA--Anmashan Lodge (43K)),24.2551921,121.0080309,2021-10-02,09:50 AM,eBird - Stationary Count,6,1,,,4
S95425775,黃嘴角鴞,Otus spilocephalus,8249,1,TW-TXG,,L2259477,台中大雪山IBA--大雪山林道0-15K(標示在9K附近)(Dasyueshan IBA--Dasyueshan Forest-Road 0-15K),24.2151999,120.8839345,2021-10-01,07:32 PM,eBird - Stationary Count,6,1,,,4,,,約13.5k
S95425941,黃嘴角鴞,Otus spilocephalus,8249,1,TW-TXG,,L2259477,台中大雪山IBA--大雪山林道0-15K(標示在9K附近)(Dasyueshan IBA--Dasyueshan Forest-Road 0-15K),24.2151999,120.8839345,2021-10-01,07:57 PM,eBird - Traveling Count,15,1,3.01,,4
S95425787,黃嘴角鴞,Otus spilocephalus,8249,1,TW-TXG,,L3987481,台中大雪山IBA--大雪山林道0-15K(標記於9K處)(Dasyueshan IBA--Dasyueshan Forest-Road 0-15K),24.2152,120.88393,2021-10-01,07:51 PM,eBird - Stationary Count,6,1,,,4,,,7.5k
S95425728,黃嘴角鴞,Otus spilocephalus,8249,1,TW-TXG,,L5612524,台中大雪山IBA--大雪山林道23-35K(標示在29K附近)(Dasyueshan IBA--Dasyueshan Forest-Road 23-35K),24.2345395,120.9654145,2021-10-01,06:54 PM,eBird - Traveling Count,6,1,3.09,,4
S95426031,黃嘴角鴞,Otus spilocephalus,8249,1,TW-TXG,,L5612524,台中大雪山IBA--大雪山林道23-35K(標示在29K附近)(Dasyueshan IBA--Dasyueshan Forest-Road 23-35K),24.2345395,120.9654145,2021-10-01,08:47 PM,eBird - Traveling Count,10,1,2.99,,4
S95425738,黃嘴角鴞,Otus spilocephalus,8249,1,TW-TXG,,L3776715,台中大雪山IBA--大雪山林道23K(Dasyueshan IBA--Dasyueshan Forest-Road 23K),24.2477056,120.934284,2021-10-01,07:08 PM,eBird - Traveling Count,6,1,3.04,,4,,G
S95425947,領角鴞,Otus lettia,8268,1,TW-TXG,,L2809040,台中大雪山IBA--出雲山農莊(13K)(Dasyueshan IBA--Chuyunshan Lodge (13K)),24.2269905,120.8942688,2021-10-01,08:13 PM,eBird - Traveling Count,5,1,3.22,,4
S95425787,領角鴞,Otus lettia,8268,1,TW-TXG,,L3987481,台中大雪山IBA--大雪山林道0-15K(標記於9K處)(Dasyueshan IBA--Dasyueshan Forest-Road 0-15K),24.2152,120.88393,2021-10-01,07:51 PM,eBird - Stationary Count,6,1,,,4,,,7.5k
S95424531,五色鳥,Psilopogon nuchalis,10296,2,TW-TXG,,L3624542,台中--東勢林業文化園區(Taichung--Dongshi Forestry Culture Park),24.2442193,120.8344549,2021-10-01,10:10 AM,eBird - Traveling Count,27,1,1.,,4
S95424602,五色鳥,Psilopogon nuchalis,10296,2,TW-TXG,,L2259477,台中大雪山IBA--大雪山林道0-15K(標示在9K附近)(Dasyueshan IBA--Dasyueshan Forest-Road 0-15K),24.2151999,120.8839345,2021-10-01,11:24 AM,eBird - Stationary Count,3,1,,,4,,,十公里
S95424721,五色鳥,Psilopogon nuchalis,10296,1,TW-TXG,,L3987481,台中大雪山IBA--大雪山林道0-15K(標記於9K處)(Dasyueshan IBA--Dasyueshan Forest-Road 0-15K),24.2152,120.88393,2021-10-01,12:46 PM,eBird - Traveling Count,11,1,3.5,,4
S95424623,五色鳥,Psilopogon nuchalis,10296,1,TW-TXG,,L5757504,台中大雪山IBA--富山巷(Dasyueshan IBA--Fushan Lane (14K)),24.2323219,120.9015316,2021-10-01,11:35 AM,eBird - Stationary Count,5,1,,,4
S95424761,五色鳥,Psilopogon nuchalis,10296,1,TW-TXG,,L5757504,台中大雪山IBA--富山巷(Dasyueshan IBA--Fushan Lane (14K)),24.2323219,120.9015316,2021-10-01,01:33 PM,eBird - Stationary Count,5,1,,,4
S95424531,小啄木,Yungipicus canicapillus,10743,2,TW-TXG,,L3624542,台中--東勢林業文化園區(Taichung--Dongshi Forestry Culture Park),24.2442193,120.8344549,2021-10-01,10:10 AM,eBird - Traveling Count,27,1,1.,,4
S95455533,大赤啄木,Dendrocopos leucotos,10830,1,TW-TXG,,L2395343,台中大雪山IBA--小雪山莊(50K)(Dasyueshan IBA--Xiaoxueshan Lodge (50K)),24.2792643,121.0259056,2021-10-02,05:54 AM,eBird - Traveling Count,76,1,1.06,,4,,,天池
S95424909,遊隼,Falco peregrinus,11575,1,TW-TXG,,L3204811,台中大雪山IBA--收費站(35K)(Dasyueshan IBA--Ticket Booth (35K)),24.2441848,120.9752089,2021-10-01,04:43 PM,eBird - Stationary Count,6,1,,,4
S95455686,遊隼,Falco peregrinus,11575,1,TW-TXG,,L1668212,台中大雪山IBA--鞍馬山莊(43K)(Dasyueshan IBA--Anmashan Lodge (43K)),24.2551921,121.0080309,2021-10-02,09:50 AM,eBird - Stationary Count,6,1,,,4
S95424827,灰喉山椒鳥,Pericrocotus solaris,17875,1,TW-TXG,,L9128028,台中大雪山IBA--大雪山林道15-23K(標記在19K處)(Dasyueshan IBA--Dasyueshan Forest-Road 15-23K),24.2482832,120.9184968,2021-10-01,02:25 PM,eBird - Traveling Count,29,1,2.82,,4
S95424541,大卷尾,Dicrurus macrocercus,19657,6,TW-TXG,,L3987481,台中大雪山IBA--大雪山林道0-15K(標記於9K處)(Dasyueshan IBA--Dasyueshan Forest-Road 0-15K),24.2152,120.88393,2021-10-01,10:45 AM,eBird - Stationary Count,7,1,,,4,,,中坑派出所
S95424548,大卷尾,Dicrurus macrocercus,19657,1,TW-TXG,,L3987481,台中大雪山IBA--大雪山林道0-15K(標記於9K處)(Dasyueshan IBA--Dasyueshan Forest-Road 0-15K),24.2152,120.88393,2021-10-01,10:53 AM,eBird - Traveling Count,2,1,1.28,,4
S95424558,大卷尾,Dicrurus macrocercus,19657,3,TW-TXG,,L3987481,台中大雪山IBA--大雪山林道0-15K(標記於9K處)(Dasyueshan IBA--Dasyueshan Forest-Road 0-15K),24.2152,120.88393,2021-10-01,10:56 AM,eBird - Stationary Count,7,1,,,4,,,平埔橋
S95424570,大卷尾,Dicrurus macrocercus,19657,6,TW-TXG,,L3987481,台中大雪山IBA--大雪山林道0-15K(標記於9K處)(Dasyueshan IBA--Dasyueshan Forest-Road 0-15K),24.2152,120.88393,2021-10-01,11:03 AM,eBird - Traveling Count,5,1,2.98,,4
S95424581,大卷尾,Dicrurus macrocercus,19657,1,TW-TXG,,L3987481,台中大雪山IBA--大雪山林道0-15K(標記於9K處)(Dasyueshan IBA--Dasyueshan Forest-Road 0-15K),24.2152,120.88393,2021-10-01,11:10 AM,eBird - Stationary Count,5,1,,,4,,,小南坑
S95424653,大卷尾,Dicrurus macrocercus,19657,2,TW-TXG,,L3987481,台中大雪山IBA--大雪山林道0-15K(標記於9K處)(Dasyueshan IBA--Dasyueshan Forest-Road 0-15K),24.2152,120.88393,2021-10-01,11:52 AM,eBird - Traveling Count,4,1,3.03,,4
S95424681,大卷尾,Dicrurus macrocercus,19657,2,TW-TXG,,L3987481,台中大雪山IBA--大雪山林道0-15K(標記於9K處)(Dasyueshan IBA--Dasyueshan Forest-Road 0-15K),24.2152,120.88393,2021-10-01,12:40 PM,eBird - Stationary Count,6,1,,,4,,,中坑派出所
S95424721,大卷尾,Dicrurus macrocercus,19657,2,TW-TXG,,L3987481,台中大雪山IBA--大雪山林道0-15K(標記於9K處)(Dasyueshan IBA--Dasyueshan Forest-Road 0-15K),24.2152,120.88393,2021-10-01,12:46 PM,eBird - Traveling Count,11,1,3.5,,4
S95424827,黑枕藍鶲,Hypothymis azurea,19899,1,TW-TXG,,L9128028,台中大雪山IBA--大雪山林道15-23K(標記在19K處)(Dasyueshan IBA--Dasyueshan Forest-Road 15-23K),24.2482832,120.9184968,2021-10-01,02:25 PM,eBird - Traveling Count,29,1,2.82,,4
S95424747,黑枕藍鶲,Hypothymis azurea,19899,3,TW-TXG,,L5757504,台中大雪山IBA--富山巷(Dasyueshan IBA--Fushan Lane (14K)),24.2323219,120.9015316,2021-10-01,01:16 PM,eBird - Stationary Count,13,1,,,4,,,富山一號橋
S95424750,黑枕藍鶲,Hypothymis azurea,19899,1,TW-TXG,,L5757504,台中大雪山IBA--富山巷(Dasyueshan IBA--Fushan Lane (14K)),24.2323219,120.9015316,2021-10-01,01:29 PM,eBird - Traveling Count,4,1,1.43,,4
S95424541,紅尾伯勞,Lanius cristatus,20246,1,TW-TXG,,L3987481,台中大雪山IBA--大雪山林道0-15K(標記於9K處)(Dasyueshan IBA--Dasyueshan Forest-Road 0-15K),24.2152,120.88393,2021-10-01,10:45 AM,eBird - Stationary Count,7,1,,,4,,,中坑派出所
S95424558,紅尾伯勞,Lanius cristatus,20246,1,TW-TXG,,L3987481,台中大雪山IBA--大雪山林道0-15K(標記於9K處)(Dasyueshan IBA--Dasyueshan Forest-Road 0-15K),24.2152,120.88393,2021-10-01,10:56 AM,eBird - Stationary Count,7,1,,,4,,,平埔橋
S95424662,紅尾伯勞,Lanius cristatus,20246,1,TW-TXG,,L3987481,台中大雪山IBA--大雪山林道0-15K(標記於9K處)(Dasyueshan IBA--Dasyueshan Forest-Road 0-15K),24.2152,120.88393,2021-10-01,11:56 AM,eBird - Traveling Count,5,1,3.18,,4
S95424721,紅尾伯勞,Lanius cristatus,20246,1,TW-TXG,,L3987481,台中大雪山IBA--大雪山林道0-15K(標記於9K處)(Dasyueshan IBA--Dasyueshan Forest-Road 0-15K),24.2152,120.88393,2021-10-01,12:46 PM,eBird - Traveling Count,11,1,3.5,,4
S95424732,紅尾伯勞,Lanius cristatus,20246,1,TW-TXG,,L3987481,台中大雪山IBA--大雪山林道0-15K(標記於9K處)(Dasyueshan IBA--Dasyueshan Forest-Road 0-15K),24.2152,120.88393,2021-10-01,12:58 PM,eBird - Traveling Count,6,1,3.36,,4
S95424531,樹鵲,Dendrocitta formosae,20650,5,TW-TXG,,L3624542,台中--東勢林業文化園區(Taichung--Dongshi Forestry Culture Park),24.2442193,120.8344549,2021-10-01,10:10 AM,eBird - Traveling Count,27,1,1.,,4
S95424602,樹鵲,Dendrocitta formosae,20650,2,TW-TXG,,L2259477,台中大雪山IBA--大雪山林道0-15K(標示在9K附近)(Dasyueshan IBA--Dasyueshan Forest-Road 0-15K),24.2151999,120.8839345,2021-10-01,11:24 AM,eBird - Stationary Count,3,1,,,4,,,十公里
S95424558,樹鵲,Dendrocitta formosae,20650,1,TW-TXG,,L3987481,台中大雪山IBA--大雪山林道0-15K(標記於9K處)(Dasyueshan IBA--Dasyueshan Forest-Road 0-15K),24.2152,120.88393,2021-10-01,10:56 AM,eBird - Stationary Count,7,1,,,4,,,平埔橋
S95424594,樹鵲,Dendrocitta formosae,20650,2,TW-TXG,,L3987481,台中大雪山IBA--大雪山林道0-15K(標記於9K處)(Dasyueshan IBA--Dasyueshan Forest-Road 0-15K),24.2152,120.88393,2021-10-01,11:15 AM,eBird - Traveling Count,5,1,3.,,4
S95424750,樹鵲,Dendrocitta formosae,20650,2,TW-TXG,,L5757504,台中大雪山IBA--富山巷(Dasyueshan IBA--Fushan Lane (14K)),24.2323219,120.9015316,2021-10-01,01:29 PM,eBird - Traveling Count,4,1,1.43,,4
S95455555,星鴉,Nucifraga caryocatactes,20691,2,TW-TXG,,L14307733,台中大雪山IBA--大雪山林道48.5K觀景台(Dasyueshan IBA--Dasyueshan Forest-Road 48.5K Observation Desk),24.2737722,121.0326634,2021-10-02,07:58 AM,eBird - Traveling Count,17,1,.25,,4
S95455533,星鴉,Nucifraga caryocatactes,20691,2,TW-TXG,,L2395343,台中大雪山IBA--小雪山莊(50K)(Dasyueshan IBA--Xiaoxueshan Lodge (50K)),24.2792643,121.0259056,2021-10-02,05:54 AM,eBird - Traveling Count,76,1,1.06,,4,,,天池
S95455537,星鴉,Nucifraga caryocatactes,20691,1,TW-TXG,,L2395343,台中大雪山IBA--小雪山莊(50K)(Dasyueshan IBA--Xiaoxueshan Lodge (50K)),24.2792643,121.0259056,2021-10-02,07:14 AM,eBird - Traveling Count,33,1,.34,,4,,,停車場
S95455588,巨嘴鴉,Corvus macrorhynchos,20792,1,TW-TXG,,L4305412,台中大雪山IBA--大雪山林道35-43K(Dasyueshan IBA--Dasyueshan Forest-Road 35-43K),24.2623617,120.9944969,2021-10-02,09:23 AM,eBird - Traveling Count,7,1,3.75,,4
S95424931,巨嘴鴉,Corvus macrorhynchos,20792,1,TW-TXG,,L1668212,台中大雪山IBA--鞍馬山莊(43K)(Dasyueshan IBA--Anmashan Lodge (43K)),24.2551921,121.0080309,2021-10-01,05:03 PM,eBird - Stationary Count,35,1,,,4
S95455686,巨嘴鴉,Corvus macrorhynchos,20792,2,TW-TXG,,L1668212,台中大雪山IBA--鞍馬山莊(43K)(Dasyueshan IBA--Anmashan Lodge (43K)),24.2551921,121.0080309,2021-10-02,09:50 AM,eBird - Stationary Count,6,1,,,4
S95455527,煤山雀,Periparus ater,21146,2,TW-TXG,,L4084192,台中大雪山IBA--大雪山林道43-50K(Dasyueshan IBA--Dasyueshan Forest-Road 43-50K),24.2653828,121.0173655,2021-10-02,05:44 AM,eBird - Traveling Count,8,1,3.77,,4
S95455533,煤山雀,Periparus ater,21146,6,TW-TXG,,L2395343,台中大雪山IBA--小雪山莊(50K)(Dasyueshan IBA--Xiaoxueshan Lodge (50K)),24.2792643,121.0259056,2021-10-02,05:54 AM,eBird - Traveling Count,76,1,1.06,,4,,,天池
S95455537,煤山雀,Periparus ater,21146,3,TW-TXG,,L2395343,台中大雪山IBA--小雪山莊(50K)(Dasyueshan IBA--Xiaoxueshan Lodge (50K)),24.2792643,121.0259056,2021-10-02,07:14 AM,eBird - Traveling Count,33,1,.34,,4,,,停車場
S95424887,青背山雀,Parus monticolus,21362,1,TW-TXG,,L5612524,台中大雪山IBA--大雪山林道23-35K(標示在29K附近)(Dasyueshan IBA--Dasyueshan Forest-Road 23-35K),24.2345395,120.9654145,2021-10-01,03:40 PM,eBird - Traveling Count,27,1,.13,,4,,,雪山橋
S95455592,青背山雀,Parus monticolus,21362,1,TW-TXG,,L4305412,台中大雪山IBA--大雪山林道35-43K(Dasyueshan IBA--Dasyueshan Forest-Road 35-43K),24.2623617,120.9944969,2021-10-02,09:31 AM,eBird - Traveling Count,13,1,3.47,,4
S95455533,青背山雀,Parus monticolus,21362,2,TW-TXG,,L2395343,台中大雪山IBA--小雪山莊(50K)(Dasyueshan IBA--Xiaoxueshan Lodge (50K)),24.2792643,121.0259056,2021-10-02,05:54 AM,eBird - Traveling Count,76,1,1.06,,4,,,天池
S95424931,青背山雀,Parus monticolus,21362,10,TW-TXG,,L1668212,台中大雪山IBA--鞍馬山莊(43K)(Dasyueshan IBA--Anmashan Lodge (43K)),24.2551921,121.0080309,2021-10-01,05:03 PM,eBird - Stationary Count,35,1,,,4
S95424721,褐頭鷦鶯,Prinia inornata,22454,1,TW-TXG,,L3987481,台中大雪山IBA--大雪山林道0-15K(標記於9K處)(Dasyueshan IBA--Dasyueshan Forest-Road 0-15K),24.2152,120.88393,2021-10-01,12:46 PM,eBird - Traveling Count,11,1,3.5,,4
S95455533,台灣鷦眉,Pnoepyga formosana,23138,2,TW-TXG,,L2395343,台中大雪山IBA--小雪山莊(50K)(Dasyueshan IBA--Xiaoxueshan Lodge (50K)),24.2792643,121.0259056,2021-10-02,05:54 AM,eBird - Traveling Count,76,1,1.06,,4,,,天池
S95424616,洋燕,Hirundo tahitica,23319,7,TW-TXG,,L2259477,台中大雪山IBA--大雪山林道0-15K(標示在9K附近)(Dasyueshan IBA--Dasyueshan Forest-Road 0-15K),24.2151999,120.8839345,2021-10-01,11:28 AM,eBird - Traveling Count,6,1,3.22,,4
S95424541,洋燕,Hirundo tahitica,23319,24,TW-TXG,,L3987481,台中大雪山IBA--大雪山林道0-15K(標記於9K處)(Dasyueshan IBA--Dasyueshan Forest-Road 0-15K),24.2152,120.88393,2021-10-01,10:45 AM,eBird - Stationary Count,7,1,,,4,,,中坑派出所
S95424548,洋燕,Hirundo tahitica,23319,11,TW-TXG,,L3987481,台中大雪山IBA--大雪山林道0-15K(標記於9K處)(Dasyueshan IBA--Dasyueshan Forest-Road 0-15K),24.2152,120.88393,2021-10-01,10:53 AM,eBird - Traveling Count,2,1,1.28,,4
S95424570,洋燕,Hirundo tahitica,23319,1,TW-TXG,,L3987481,台中大雪山IBA--大雪山林道0-15K(標記於9K處)(Dasyueshan IBA--Dasyueshan Forest-Road 0-15K),24.2152,120.88393,2021-10-01,11:03 AM,eBird - Traveling Count,5,1,2.98,,4
S95424643,洋燕,Hirundo tahitica,23319,8,TW-TXG,,L3987481,台中大雪山IBA--大雪山林道0-15K(標記於9K處)(Dasyueshan IBA--Dasyueshan Forest-Road 0-15K),24.2152,120.88393,2021-10-01,11:46 AM,eBird - Traveling Count,5,1,3.01,,4
S95424662,洋燕,Hirundo tahitica,23319,1,TW-TXG,,L3987481,台中大雪山IBA--大雪山林道0-15K(標記於9K處)(Dasyueshan IBA--Dasyueshan Forest-Road 0-15K),24.2152,120.88393,2021-10-01,11:56 AM,eBird - Traveling Count,5,1,3.18,,4
S95424674,洋燕,Hirundo tahitica,23319,3,TW-TXG,,L3987481,台中大雪山IBA--大雪山林道0-15K(標記於9K處)(Dasyueshan IBA--Dasyueshan Forest-Road 0-15K),24.2152,120.88393,2021-10-01,12:32 PM,eBird - Traveling Count,9,1,1.98,,4
S95424721,洋燕,Hirundo tahitica,23319,4,TW-TXG,,L3987481,台中大雪山IBA--大雪山林道0-15K(標記於9K處)(Dasyueshan IBA--Dasyueshan Forest-Road 0-15K),24.2152,120.88393,2021-10-01,12:46 PM,eBird - Traveling Count,11,1,3.5,,4
S95424732,洋燕,Hirundo tahitica,23319,7,TW-TXG,,L3987481,台中大雪山IBA--大雪山林道0-15K(標記於9K處)(Dasyueshan IBA--Dasyueshan Forest-Road 0-15K),24.2152,120.88393,2021-10-01,12:58 PM,eBird - Traveling Count,6,1,3.36,,4
S95424740,洋燕,Hirundo tahitica,23319,1,TW-TXG,,L5757504,台中大雪山IBA--富山巷(Dasyueshan IBA--Fushan Lane (14K)),24.2323219,120.9015316,2021-10-01,01:10 PM,eBird - Traveling Count,6,1,2.77,,4
S95424548,赤腰燕,Cecropis striolata,23351,1,TW-TXG,,L3987481,台中大雪山IBA--大雪山林道0-15K(標記於9K處)(Dasyueshan IBA--Dasyueshan Forest-Road 0-15K),24.2152,120.88393,2021-10-01,10:53 AM,eBird - Traveling Count,2,1,1.28,,4
S95424570,赤腰燕,Cecropis striolata,23351,3,TW-TXG,,L3987481,台中大雪山IBA--大雪山林道0-15K(標記於9K處)(Dasyueshan IBA--Dasyueshan Forest-Road 0-15K),24.2152,120.88393,2021-10-01,11:03 AM,eBird - Traveling Count,5,1,2.98,,4
S95424653,赤腰燕,Cecropis striolata,23351,5,TW-TXG,,L3987481,台中大雪山IBA--大雪山林道0-15K(標記於9K處)(Dasyueshan IBA--Dasyueshan Forest-Road 0-15K),24.2152,120.88393,2021-10-01,11:52 AM,eBird - Traveling Count,4,1,3.03,,4
S95424721,赤腰燕,Cecropis striolata,23351,1,TW-TXG,,L3987481,台中大雪山IBA--大雪山林道0-15K(標記於9K處)(Dasyueshan IBA--Dasyueshan Forest-Road 0-15K),24.2152,120.88393,2021-10-01,12:46 PM,eBird - Traveling Count,11,1,3.5,,4
S95424887,東方毛腳燕,Delichon dasypus,23414,24,TW-TXG,,L5612524,台中大雪山IBA--大雪山林道23-35K(標示在29K附近)(Dasyueshan IBA--Dasyueshan Forest-Road 23-35K),24.2345395,120.9654145,2021-10-01,03:40 PM,eBird - Traveling Count,27,1,.13,,4,,,雪山橋
S95455555,東方毛腳燕,Delichon dasypus,23414,1,TW-TXG,,L14307733,台中大雪山IBA--大雪山林道48.5K觀景台(Dasyueshan IBA--Dasyueshan Forest-Road 48.5K Observation Desk),24.2737722,121.0326634,2021-10-02,07:58 AM,eBird - Traveling Count,17,1,.25,,4
S95455573,東方毛腳燕,Delichon dasypus,23414,1,TW-TXG,,L3204811,台中大雪山IBA--收費站(35K)(Dasyueshan IBA--Ticket Booth (35K)),24.2441848,120.9752089,2021-10-02,08:38 AM,eBird - Traveling Count,16,1,.16,,4
S95424643,燕科,Hirundinidae sp.,23450,1,TW-TXG,,L3987481,台中大雪山IBA--大雪山林道0-15K(標記於9K處)(Dasyueshan IBA--Dasyueshan Forest-Road 0-15K),24.2152,120.88393,2021-10-01,11:46 AM,eBird - Traveling Count,5,1,3.01,,4
S95424662,燕科,Hirundinidae sp.,23450,2,TW-TXG,,L3987481,台中大雪山IBA--大雪山林道0-15K(標記於9K處)(Dasyueshan IBA--Dasyueshan Forest-Road 0-15K),24.2152,120.88393,2021-10-01,11:56 AM,eBird - Traveling Count,5,1,3.18,,4
S95424636,燕科,Hirundinidae sp.,23450,1,TW-TXG,,L3866533,台中大雪山IBA--大雪山林道12K(Dasyueshan IBA--Dasyueshan Forest-Road 12K),24.2208817,120.8941362,2021-10-01,11:40 AM,eBird - Traveling Count,6,1,3.35,,4
S95424570,白環鸚嘴鵯,Spizixos semitorques,23637,1,TW-TXG,,L3987481,台中大雪山IBA--大雪山林道0-15K(標記於9K處)(Dasyueshan IBA--Dasyueshan Forest-Road 0-15K),24.2152,120.88393,2021-10-01,11:03 AM,eBird - Traveling Count,5,1,2.98,,4
S95424581,白環鸚嘴鵯,Spizixos semitorques,23637,1,TW-TXG,,L3987481,台中大雪山IBA--大雪山林道0-15K(標記於9K處)(Dasyueshan IBA--Dasyueshan Forest-Road 0-15K),24.2152,120.88393,2021-10-01,11:10 AM,eBird - Stationary Count,5,1,,,4,,,小南坑
S95424747,白環鸚嘴鵯,Spizixos semitorques,23637,2,TW-TXG,,L5757504,台中大雪山IBA--富山巷(Dasyueshan IBA--Fushan Lane (14K)),24.2323219,120.9015316,2021-10-01,01:16 PM,eBird - Stationary Count,13,1,,,4,,,富山一號橋
S95424750,白環鸚嘴鵯,Spizixos semitorques,23637,1,TW-TXG,,L5757504,台中大雪山IBA--富山巷(Dasyueshan IBA--Fushan Lane (14K)),24.2323219,120.9015316,2021-10-01,01:29 PM,eBird - Traveling Count,4,1,1.43,,4
S95424531,白頭翁,Pycnonotus sinensis,23672,20,TW-TXG,,L3624542,台中--東勢林業文化園區(Taichung--Dongshi Forestry Culture Park),24.2442193,120.8344549,2021-10-01,10:10 AM,eBird - Traveling Count,27,1,1.,,4
S95424541,白頭翁,Pycnonotus sinensis,23672,2,TW-TXG,,L3987481,台中大雪山IBA--大雪山林道0-15K(標記於9K處)(Dasyueshan IBA--Dasyueshan Forest-Road 0-15K),24.2152,120.88393,2021-10-01,10:45 AM,eBird - Stationary Count,7,1,,,4,,,中坑派出所
S95424558,白頭翁,Pycnonotus sinensis,23672,2,TW-TXG,,L3987481,台中大雪山IBA--大雪山林道0-15K(標記於9K處)(Dasyueshan IBA--Dasyueshan Forest-Road 0-15K),24.2152,120.88393,2021-10-01,10:56 AM,eBird - Stationary Count,7,1,,,4,,,平埔橋
S95424570,白頭翁,Pycnonotus sinensis,23672,2,TW-TXG,,L3987481,台中大雪山IBA--大雪山林道0-15K(標記於9K處)(Dasyueshan IBA--Dasyueshan Forest-Road 0-15K),24.2152,120.88393,2021-10-01,11:03 AM,eBird - Traveling Count,5,1,2.98,,4
S95424594,白頭翁,Pycnonotus sinensis,23672,4,TW-TXG,,L3987481,台中大雪山IBA--大雪山林道0-15K(標記於9K處)(Dasyueshan IBA--Dasyueshan Forest-Road 0-15K),24.2152,120.88393,2021-10-01,11:15 AM,eBird - Traveling Count,5,1,3.,,4
S95424681,白頭翁,Pycnonotus sinensis,23672,1,TW-TXG,,L3987481,台中大雪山IBA--大雪山林道0-15K(標記於9K處)(Dasyueshan IBA--Dasyueshan Forest-Road 0-15K),24.2152,120.88393,2021-10-01,12:40 PM,eBird - Stationary Count,6,1,,,4,,,中坑派出所
S95424721,白頭翁,Pycnonotus sinensis,23672,4,TW-TXG,,L3987481,台中大雪山IBA--大雪山林道0-15K(標記於9K處)(Dasyueshan IBA--Dasyueshan Forest-Road 0-15K),24.2152,120.88393,2021-10-01,12:46 PM,eBird - Traveling Count,11,1,3.5,,4
S95424747,白頭翁,Pycnonotus sinensis,23672,1,TW-TXG,,L5757504,台中大雪山IBA--富山巷(Dasyueshan IBA--Fushan Lane (14K)),24.2323219,120.9015316,2021-10-01,01:16 PM,eBird - Stationary Count,13,1,,,4,,,富山一號橋
S95424531,紅嘴黑鵯,Hypsipetes leucocephalus,23854,10,TW-TXG,,L3624542,台中--東勢林業文化園區(Taichung--Dongshi Forestry Culture Park),24.2442193,120.8344549,2021-10-01,10:10 AM,eBird - Traveling Count,27,1,1.,,4
S95424735,紅嘴黑鵯,Hypsipetes leucocephalus,23854,3,TW-TXG,,L2259477,台中大雪山IBA--大雪山林道0-15K(標示在9K附近)(Dasyueshan IBA--Dasyueshan Forest-Road 0-15K),24.2151999,120.8839345,2021-10-01,01:04 PM,eBird - Traveling Count,5,1,3.01,,4
S95424594,紅嘴黑鵯,Hypsipetes leucocephalus,23854,10,TW-TXG,,L3987481,台中大雪山IBA--大雪山林道0-15K(標記於9K處)(Dasyueshan IBA--Dasyueshan Forest-Road 0-15K),24.2152,120.88393,2021-10-01,11:15 AM,eBird - Traveling Count,5,1,3.,,4
S95424653,紅嘴黑鵯,Hypsipetes leucocephalus,23854,2,TW-TXG,,L3987481,台中大雪山IBA--大雪山林道0-15K(標記於9K處)(Dasyueshan IBA--Dasyueshan Forest-Road 0-15K),24.2152,120.88393,2021-10-01,11:52 AM,eBird - Traveling Count,4,1,3.03,,4
S95455578,棕面鶯,Abroscopus albogularis,24247,1,TW-TXG,,L3883231,台中大雪山IBA--大雪山210林道(Dasyueshan IBA--Dasyueshan 210 Forest-Road),24.2567906,120.9794766,2021-10-02,08:55 AM,eBird - Traveling Count,15,1,.41,,4
S95424616,棕面鶯,Abroscopus albogularis,24247,1,TW-TXG,,L2259477,台中大雪山IBA--大雪山林道0-15K(標示在9K附近)(Dasyueshan IBA--Dasyueshan Forest-Road 0-15K),24.2151999,120.8839345,2021-10-01,11:28 AM,eBird - Traveling Count,6,1,3.22,,4
S95424827,棕面鶯,Abroscopus albogularis,24247,2,TW-TXG,,L9128028,台中大雪山IBA--大雪山林道15-23K(標記在19K處)(Dasyueshan IBA--Dasyueshan Forest-Road 15-23K),24.2482832,120.9184968,2021-10-01,02:25 PM,eBird - Traveling Count,29,1,2.82,,4
S95424887,棕面鶯,Abroscopus albogularis,24247,1,TW-TXG,,L5612524,台中大雪山IBA--大雪山林道23-35K(標示在29K附近)(Dasyueshan IBA--Dasyueshan Forest-Road 23-35K),24.2345395,120.9654145,2021-10-01,03:40 PM,eBird - Traveling Count,27,1,.13,,4,,,雪山橋
S95455588,棕面鶯,Abroscopus albogularis,24247,1,TW-TXG,,L4305412,台中大雪山IBA--大雪山林道35-43K(Dasyueshan IBA--Dasyueshan Forest-Road 35-43K),24.2623617,120.9944969,2021-10-02,09:23 AM,eBird - Traveling Count,7,1,3.75,,4
S95455573,棕面鶯,Abroscopus albogularis,24247,1,TW-TXG,,L3204811,台中大雪山IBA--收費站(35K)(Dasyueshan IBA--Ticket Booth (35K)),24.2441848,120.9752089,2021-10-02,08:38 AM,eBird - Traveling Count,16,1,.16,,4
S95455584,棕面鶯,Abroscopus albogularis,24247,1,TW-TXG,,L3204811,台中大雪山IBA--收費站(35K)(Dasyueshan IBA--Ticket Booth (35K)),24.2441848,120.9752089,2021-10-02,09:13 AM,eBird - Traveling Count,7,1,.28,,4
S95455555,深山鶯,Horornis acanthizoides,24304,1,TW-TXG,,L14307733,台中大雪山IBA--大雪山林道48.5K觀景台(Dasyueshan IBA--Dasyueshan Forest-Road 48.5K Observation Desk),24.2737722,121.0326634,2021-10-02,07:58 AM,eBird - Traveling Count,17,1,.25,,4
S95455533,深山鶯,Horornis acanthizoides,24304,6,TW-TXG,,L2395343,台中大雪山IBA--小雪山莊(50K)(Dasyueshan IBA--Xiaoxueshan Lodge (50K)),24.2792643,121.0259056,2021-10-02,05:54 AM,eBird - Traveling Count,76,1,1.06,,4,,,天池
S95455537,深山鶯,Horornis acanthizoides,24304,2,TW-TXG,,L2395343,台中大雪山IBA--小雪山莊(50K)(Dasyueshan IBA--Xiaoxueshan Lodge (50K)),24.2792643,121.0259056,2021-10-02,07:14 AM,eBird - Traveling Count,33,1,.34,,4,,,停車場
S95424887,紅頭山雀,Aegithalos concinnus,24356,3,TW-TXG,,L5612524,台中大雪山IBA--大雪山林道23-35K(標示在29K附近)(Dasyueshan IBA--Dasyueshan Forest-Road 23-35K),24.2345395,120.9654145,2021-10-01,03:40 PM,eBird - Traveling Count,27,1,.13,,4,,,雪山橋
S95455567,紅頭山雀,Aegithalos concinnus,24356,5,TW-TXG,,L4305412,台中大雪山IBA--大雪山林道35-43K(Dasyueshan IBA--Dasyueshan Forest-Road 35-43K),24.2623617,120.9944969,2021-10-02,08:31 AM,eBird - Traveling Count,6,1,3.43,,4
S95455515,紅頭山雀,Aegithalos concinnus,24356,3,TW-TXG,,L4084192,台中大雪山IBA--大雪山林道43-50K(Dasyueshan IBA--Dasyueshan Forest-Road 43-50K),24.2653828,121.0173655,2021-10-02,05:35 AM,eBird - Traveling Count,9,1,2.99,,4
S95455527,紅頭山雀,Aegithalos concinnus,24356,3,TW-TXG,,L4084192,台中大雪山IBA--大雪山林道43-50K(Dasyueshan IBA--Dasyueshan Forest-Road 43-50K),24.2653828,121.0173655,2021-10-02,05:44 AM,eBird - Traveling Count,8,1,3.77,,4
S95455533,紅頭山雀,Aegithalos concinnus,24356,3,TW-TXG,,L2395343,台中大雪山IBA--小雪山莊(50K)(Dasyueshan IBA--Xiaoxueshan Lodge (50K)),24.2792643,121.0259056,2021-10-02,05:54 AM,eBird - Traveling Count,76,1,1.06,,4,,,天池
S95455555,褐頭花翼,Fulvetta formosana,24544,4,TW-TXG,,L14307733,台中大雪山IBA--大雪山林道48.5K觀景台(Dasyueshan IBA--Dasyueshan Forest-Road 48.5K Observation Desk),24.2737722,121.0326634,2021-10-02,07:58 AM,eBird - Traveling Count,17,1,.25,,4
S95455533,褐頭花翼,Fulvetta formosana,24544,7,TW-TXG,,L2395343,台中大雪山IBA--小雪山莊(50K)(Dasyueshan IBA--Xiaoxueshan Lodge (50K)),24.2792643,121.0259056,2021-10-02,05:54 AM,eBird - Traveling Count,76,1,1.06,,4,,,天池
S95455537,褐頭花翼,Fulvetta formosana,24544,2,TW-TXG,,L2395343,台中大雪山IBA--小雪山莊(50K)(Dasyueshan IBA--Xiaoxueshan Lodge (50K)),24.2792643,121.0259056,2021-10-02,07:14 AM,eBird - Traveling Count,33,1,.34,,4,,,停車場
S95424827,冠羽畫眉,Yuhina brunneiceps,24643,10,TW-TXG,,L9128028,台中大雪山IBA--大雪山林道15-23K(標記在19K處)(Dasyueshan IBA--Dasyueshan Forest-Road 15-23K),24.2482832,120.9184968,2021-10-01,02:25 PM,eBird - Traveling Count,29,1,2.82,,4
S95424887,冠羽畫眉,Yuhina brunneiceps,24643,6,TW-TXG,,L5612524,台中大雪山IBA--大雪山林道23-35K(標示在29K附近)(Dasyueshan IBA--Dasyueshan Forest-Road 23-35K),24.2345395,120.9654145,2021-10-01,03:40 PM,eBird - Traveling Count,27,1,.13,,4,,,雪山橋
S95455588,冠羽畫眉,Yuhina brunneiceps,24643,2,TW-TXG,,L4305412,台中大雪山IBA--大雪山林道35-43K(Dasyueshan IBA--Dasyueshan Forest-Road 35-43K),24.2623617,120.9944969,2021-10-02,09:23 AM,eBird - Traveling Count,7,1,3.75,,4
S95455515,冠羽畫眉,Yuhina brunneiceps,24643,1,TW-TXG,,L4084192,台中大雪山IBA--大雪山林道43-50K(Dasyueshan IBA--Dasyueshan Forest-Road 43-50K),24.2653828,121.0173655,2021-10-02,05:35 AM,eBird - Traveling Count,9,1,2.99,,4
S95455533,冠羽畫眉,Yuhina brunneiceps,24643,2,TW-TXG,,L2395343,台中大雪山IBA--小雪山莊(50K)(Dasyueshan IBA--Xiaoxueshan Lodge (50K)),24.2792643,121.0259056,2021-10-02,05:54 AM,eBird - Traveling Count,76,1,1.06,,4,,,天池
S95455537,冠羽畫眉,Yuhina brunneiceps,24643,6,TW-TXG,,L2395343,台中大雪山IBA--小雪山莊(50K)(Dasyueshan IBA--Xiaoxueshan Lodge (50K)),24.2792643,121.0259056,2021-10-02,07:14 AM,eBird - Traveling Count,33,1,.34,,4,,,停車場
S95455573,冠羽畫眉,Yuhina brunneiceps,24643,7,TW-TXG,,L3204811,台中大雪山IBA--收費站(35K)(Dasyueshan IBA--Ticket Booth (35K)),24.2441848,120.9752089,2021-10-02,08:38 AM,eBird - Traveling Count,16,1,.16,,4
S95455584,冠羽畫眉,Yuhina brunneiceps,24643,5,TW-TXG,,L3204811,台中大雪山IBA--收費站(35K)(Dasyueshan IBA--Ticket Booth (35K)),24.2441848,120.9752089,2021-10-02,09:13 AM,eBird - Traveling Count,7,1,.28,,4
S95424811,冠羽畫眉,Yuhina brunneiceps,24643,2,TW-TXG,,L1036980,台中大雪山IBA--橫流溪(15K)(Dasyueshan IBA--Hengliu Creek (15K)),24.2392182,120.9095398,2021-10-01,01:50 PM,eBird - Traveling Count,24,1,.55,,4
S95424531,斯氏繡眼,Zosterops simplex,24735,15,TW-TXG,,L3624542,台中--東勢林業文化園區(Taichung--Dongshi Forestry Culture Park),24.2442193,120.8344549,2021-10-01,10:10 AM,eBird - Traveling Count,27,1,1.,,4
S95424616,山紅頭,Cyanoderma ruficeps,25080,3,TW-TXG,,L2259477,台中大雪山IBA--大雪山林道0-15K(標示在9K附近)(Dasyueshan IBA--Dasyueshan Forest-Road 0-15K),24.2151999,120.8839345,2021-10-01,11:28 AM,eBird - Traveling Count,6,1,3.22,,4
S95424887,山紅頭,Cyanoderma ruficeps,25080,2,TW-TXG,,L5612524,台中大雪山IBA--大雪山林道23-35K(標示在29K附近)(Dasyueshan IBA--Dasyueshan Forest-Road 23-35K),24.2345395,120.9654145,2021-10-01,03:40 PM,eBird - Traveling Count,27,1,.13,,4,,,雪山橋
S95424616,小彎嘴,Pomatorhinus musicus,25143,1,TW-TXG,,L2259477,台中大雪山IBA--大雪山林道0-15K(標示在9K附近)(Dasyueshan IBA--Dasyueshan Forest-Road 0-15K),24.2151999,120.8839345,2021-10-01,11:28 AM,eBird - Traveling Count,6,1,3.22,,4
S95424616,頭烏線,Schoeniparus brunneus,25299,1,TW-TXG,,L2259477,台中大雪山IBA--大雪山林道0-15K(標示在9K附近)(Dasyueshan IBA--Dasyueshan Forest-Road 0-15K),24.2151999,120.8839345,2021-10-01,11:28 AM,eBird - Traveling Count,6,1,3.22,,4
S95424636,頭烏線,Schoeniparus brunneus,25299,1,TW-TXG,,L3866533,台中大雪山IBA--大雪山林道12K(Dasyueshan IBA--Dasyueshan Forest-Road 12K),24.2208817,120.8941362,2021-10-01,11:40 AM,eBird - Traveling Count,6,1,3.35,,4
S95424740,頭烏線,Schoeniparus brunneus,25299,1,TW-TXG,,L5757504,台中大雪山IBA--富山巷(Dasyueshan IBA--Fushan Lane (14K)),24.2323219,120.9015316,2021-10-01,01:10 PM,eBird - Traveling Count,6,1,2.77,,4
S95424811,頭烏線,Schoeniparus brunneus,25299,1,TW-TXG,,L1036980,台中大雪山IBA--橫流溪(15K)(Dasyueshan IBA--Hengliu Creek (15K)),24.2392182,120.9095398,2021-10-01,01:50 PM,eBird - Traveling Count,24,1,.55,,4
S95424616,繡眼畫眉,Alcippe morrisonia,25509,1,TW-TXG,,L2259477,台中大雪山IBA--大雪山林道0-15K(標示在9K附近)(Dasyueshan IBA--Dasyueshan Forest-Road 0-15K),24.2151999,120.8839345,2021-10-01,11:28 AM,eBird - Traveling Count,6,1,3.22,,4
S95424735,繡眼畫眉,Alcippe morrisonia,25509,4,TW-TXG,,L2259477,台中大雪山IBA--大雪山林道0-15K(標示在9K附近)(Dasyueshan IBA--Dasyueshan Forest-Road 0-15K),24.2151999,120.8839345,2021-10-01,01:04 PM,eBird - Traveling Count,5,1,3.01,,4
S95424827,繡眼畫眉,Alcippe morrisonia,25509,3,TW-TXG,,L9128028,台中大雪山IBA--大雪山林道15-23K(標記在19K處)(Dasyueshan IBA--Dasyueshan Forest-Road 15-23K),24.2482832,120.9184968,2021-10-01,02:25 PM,eBird - Traveling Count,29,1,2.82,,4
S95424887,繡眼畫眉,Alcippe morrisonia,25509,1,TW-TXG,,L5612524,台中大雪山IBA--大雪山林道23-35K(標示在29K附近)(Dasyueshan IBA--Dasyueshan Forest-Road 23-35K),24.2345395,120.9654145,2021-10-01,03:40 PM,eBird - Traveling Count,27,1,.13,,4,,,雪山橋
S95455588,繡眼畫眉,Alcippe morrisonia,25509,1,TW-TXG,,L4305412,台中大雪山IBA--大雪山林道35-43K(Dasyueshan IBA--Dasyueshan Forest-Road 35-43K),24.2623617,120.9944969,2021-10-02,09:23 AM,eBird - Traveling Count,7,1,3.75,,4
S95424805,繡眼畫眉,Alcippe morrisonia,25509,3,TW-TXG,,L1036980,台中大雪山IBA--橫流溪(15K)(Dasyueshan IBA--Hengliu Creek (15K)),24.2392182,120.9095398,2021-10-01,01:47 PM,eBird - Traveling Count,3,1,1.31,,4
S95455515,台灣噪眉,Trochalopteron morrisonianum,25557,1,TW-TXG,,L4084192,台中大雪山IBA--大雪山林道43-50K(Dasyueshan IBA--Dasyueshan Forest-Road 43-50K),24.2653828,121.0173655,2021-10-02,05:35 AM,eBird - Traveling Count,9,1,2.99,,4
S95455527,台灣噪眉,Trochalopteron morrisonianum,25557,3,TW-TXG,,L4084192,台中大雪山IBA--大雪山林道43-50K(Dasyueshan IBA--Dasyueshan Forest-Road 43-50K),24.2653828,121.0173655,2021-10-02,05:44 AM,eBird - Traveling Count,8,1,3.77,,4
S95455533,台灣噪眉,Trochalopteron morrisonianum,25557,7,TW-TXG,,L2395343,台中大雪山IBA--小雪山莊(50K)(Dasyueshan IBA--Xiaoxueshan Lodge (50K)),24.2792643,121.0259056,2021-10-02,05:54 AM,eBird - Traveling Count,76,1,1.06,,4,,,天池
S95455537,台灣噪眉,Trochalopteron morrisonianum,25557,1,TW-TXG,,L2395343,台中大雪山IBA--小雪山莊(50K)(Dasyueshan IBA--Xiaoxueshan Lodge (50K)),24.2792643,121.0259056,2021-10-02,07:14 AM,eBird - Traveling Count,33,1,.34,,4,,,停車場
S95424898,白耳畫眉,Heterophasia auricularis,25599,2,TW-TXG,,L3883231,台中大雪山IBA--大雪山210林道(Dasyueshan IBA--Dasyueshan 210 Forest-Road),24.2567906,120.9794766,2021-10-01,04:27 PM,eBird - Traveling Count,6,1,.26,,4
S95455578,白耳畫眉,Heterophasia auricularis,25599,3,TW-TXG,,L3883231,台中大雪山IBA--大雪山210林道(Dasyueshan IBA--Dasyueshan 210 Forest-Road),24.2567906,120.9794766,2021-10-02,08:55 AM,eBird - Traveling Count,15,1,.41,,4
S95424827,白耳畫眉,Heterophasia auricularis,25599,3,TW-TXG,,L9128028,台中大雪山IBA--大雪山林道15-23K(標記在19K處)(Dasyueshan IBA--Dasyueshan Forest-Road 15-23K),24.2482832,120.9184968,2021-10-01,02:25 PM,eBird - Traveling Count,29,1,2.82,,4
S95424845,白耳畫眉,Heterophasia auricularis,25599,4,TW-TXG,,L2626987,台中大雪山IBA--大雪山林道23.5K(Dasyueshan IBA--Dasyueshan Forest-Road 23.5K),24.2464709,120.9355546,2021-10-01,02:59 PM,eBird - Stationary Count,14,1,,,4
S95455573,白耳畫眉,Heterophasia auricularis,25599,2,TW-TXG,,L3204811,台中大雪山IBA--收費站(35K)(Dasyueshan IBA--Ticket Booth (35K)),24.2441848,120.9752089,2021-10-02,08:38 AM,eBird - Traveling Count,16,1,.16,,4
S95424887,黃胸藪眉,Liocichla steerii,25695,4,TW-TXG,,L5612524,台中大雪山IBA--大雪山林道23-35K(標示在29K附近)(Dasyueshan IBA--Dasyueshan Forest-Road 23-35K),24.2345395,120.9654145,2021-10-01,03:40 PM,eBird - Traveling Count,27,1,.13,,4,,,雪山橋
S95424893,黃胸藪眉,Liocichla steerii,25695,1,TW-TXG,,L5612524,台中大雪山IBA--大雪山林道23-35K(標示在29K附近)(Dasyueshan IBA--Dasyueshan Forest-Road 23-35K),24.2345395,120.9654145,2021-10-01,04:08 PM,eBird - Traveling Count,6,1,1.93,,4
S95455555,黃胸藪眉,Liocichla steerii,25695,1,TW-TXG,,L14307733,台中大雪山IBA--大雪山林道48.5K觀景台(Dasyueshan IBA--Dasyueshan Forest-Road 48.5K Observation Desk),24.2737722,121.0326634,2021-10-02,07:58 AM,eBird - Traveling Count,17,1,.25,,4
S95455555,火冠戴菊鳥,Regulus goodfellowi,25971,4,TW-TXG,,L14307733,台中大雪山IBA--大雪山林道48.5K觀景台(Dasyueshan IBA--Dasyueshan Forest-Road 48.5K Observation Desk),24.2737722,121.0326634,2021-10-02,07:58 AM,eBird - Traveling Count,17,1,.25,,4
S95455533,火冠戴菊鳥,Regulus goodfellowi,25971,18,TW-TXG,,L2395343,台中大雪山IBA--小雪山莊(50K)(Dasyueshan IBA--Xiaoxueshan Lodge (50K)),24.2792643,121.0259056,2021-10-02,05:54 AM,eBird - Traveling Count,76,1,1.06,,4,,,天池
S95424931,茶腹鳾,Sitta europaea,25988,2,TW-TXG,,L1668212,台中大雪山IBA--鞍馬山莊(43K)(Dasyueshan IBA--Anmashan Lodge (43K)),24.2551921,121.0080309,2021-10-01,05:03 PM,eBird - Stationary Count,35,1,,,4
S95455537,鷦鷯,Troglodytes troglodytes,26339,1,TW-TXG,,L2395343,台中大雪山IBA--小雪山莊(50K)(Dasyueshan IBA--Xiaoxueshan Lodge (50K)),24.2792643,121.0259056,2021-10-02,07:14 AM,eBird - Traveling Count,33,1,.34,,4,,,停車場
S95424811,河烏,Cinclus pallasii,26747,1,TW-TXG,,L1036980,台中大雪山IBA--橫流溪(15K)(Dasyueshan IBA--Hengliu Creek (15K)),24.2392182,120.9095398,2021-10-01,01:50 PM,eBird - Traveling Count,24,1,.55,,4
S95424541,白尾八哥,Acridotheres javanicus,26952,5,TW-TXG,,L3987481,台中大雪山IBA--大雪山林道0-15K(標記於9K處)(Dasyueshan IBA--Dasyueshan Forest-Road 0-15K),24.2152,120.88393,2021-10-01,10:45 AM,eBird - Stationary Count,7,1,,,4,,,中坑派出所
S95424548,白尾八哥,Acridotheres javanicus,26952,1,TW-TXG,,L3987481,台中大雪山IBA--大雪山林道0-15K(標記於9K處)(Dasyueshan IBA--Dasyueshan Forest-Road 0-15K),24.2152,120.88393,2021-10-01,10:53 AM,eBird - Traveling Count,2,1,1.28,,4
S95424570,白尾八哥,Acridotheres javanicus,26952,9,TW-TXG,,L3987481,台中大雪山IBA--大雪山林道0-15K(標記於9K處)(Dasyueshan IBA--Dasyueshan Forest-Road 0-15K),24.2152,120.88393,2021-10-01,11:03 AM,eBird - Traveling Count,5,1,2.98,,4
S95424662,白尾八哥,Acridotheres javanicus,26952,1,TW-TXG,,L3987481,台中大雪山IBA--大雪山林道0-15K(標記於9K處)(Dasyueshan IBA--Dasyueshan Forest-Road 0-15K),24.2152,120.88393,2021-10-01,11:56 AM,eBird - Traveling Count,5,1,3.18,,4
S95424721,白尾八哥,Acridotheres javanicus,26952,2,TW-TXG,,L3987481,台中大雪山IBA--大雪山林道0-15K(標記於9K處)(Dasyueshan IBA--Dasyueshan Forest-Road 0-15K),24.2152,120.88393,2021-10-01,12:46 PM,eBird - Traveling Count,11,1,3.5,,4
S95424732,白尾八哥,Acridotheres javanicus,26952,3,TW-TXG,,L3987481,台中大雪山IBA--大雪山林道0-15K(標記於9K處)(Dasyueshan IBA--Dasyueshan Forest-Road 0-15K),24.2152,120.88393,2021-10-01,12:58 PM,eBird - Traveling Count,6,1,3.36,,4
S95455533,小翼鶇,Brachypteryx goodfellowi,28374,1,TW-TXG,,L2395343,台中大雪山IBA--小雪山莊(50K)(Dasyueshan IBA--Xiaoxueshan Lodge (50K)),24.2792643,121.0259056,2021-10-02,05:54 AM,eBird - Traveling Count,76,1,1.06,,4,,,天池
S95424887,台灣紫嘯鶇,Myophonus insularis,28441,1,TW-TXG,,L5612524,台中大雪山IBA--大雪山林道23-35K(標示在29K附近)(Dasyueshan IBA--Dasyueshan Forest-Road 23-35K),24.2345395,120.9654145,2021-10-01,03:40 PM,eBird - Traveling Count,27,1,.13,,4,,,雪山橋
S95424909,台灣紫嘯鶇,Myophonus insularis,28441,1,TW-TXG,,L3204811,台中大雪山IBA--收費站(35K)(Dasyueshan IBA--Ticket Booth (35K)),24.2441848,120.9752089,2021-10-01,04:43 PM,eBird - Stationary Count,6,1,,,4
S95455592,小剪尾,Enicurus scouleri,28451,1,TW-TXG,,L4305412,台中大雪山IBA--大雪山林道35-43K(Dasyueshan IBA--Dasyueshan Forest-Road 35-43K),24.2623617,120.9944969,2021-10-02,09:31 AM,eBird - Traveling Count,13,1,3.47,,4
S95424898,白尾鴝,Myiomela leucura,28483,1,TW-TXG,,L3883231,台中大雪山IBA--大雪山210林道(Dasyueshan IBA--Dasyueshan 210 Forest-Road),24.2567906,120.9794766,2021-10-01,04:27 PM,eBird - Traveling Count,6,1,.26,,4
S95455578,白尾鴝,Myiomela leucura,28483,2,TW-TXG,,L3883231,台中大雪山IBA--大雪山210林道(Dasyueshan IBA--Dasyueshan 210 Forest-Road),24.2567906,120.9794766,2021-10-02,08:55 AM,eBird - Traveling Count,15,1,.41,,4
S95424811,白尾鴝,Myiomela leucura,28483,1,TW-TXG,,L1036980,台中大雪山IBA--橫流溪(15K)(Dasyueshan IBA--Hengliu Creek (15K)),24.2392182,120.9095398,2021-10-01,01:50 PM,eBird - Traveling Count,24,1,.55,,4
S95455559,栗背林鴝,Tarsiger johnstoniae,28505,1,TW-TXG,,L4084192,台中大雪山IBA--大雪山林道43-50K(Dasyueshan IBA--Dasyueshan Forest-Road 43-50K),24.2653828,121.0173655,2021-10-02,08:15 AM,eBird - Traveling Count,6,1,3.63,,4
S95455555,栗背林鴝,Tarsiger johnstoniae,28505,2,TW-TXG,,L14307733,台中大雪山IBA--大雪山林道48.5K觀景台(Dasyueshan IBA--Dasyueshan Forest-Road 48.5K Observation Desk),24.2737722,121.0326634,2021-10-02,07:58 AM,eBird - Traveling Count,17,1,.25,,4
S95455533,栗背林鴝,Tarsiger johnstoniae,28505,4,TW-TXG,,L2395343,台中大雪山IBA--小雪山莊(50K)(Dasyueshan IBA--Xiaoxueshan Lodge (50K)),24.2792643,121.0259056,2021-10-02,05:54 AM,eBird - Traveling Count,76,1,1.06,,4,,,天池
S95455537,栗背林鴝,Tarsiger johnstoniae,28505,1,TW-TXG,,L2395343,台中大雪山IBA--小雪山莊(50K)(Dasyueshan IBA--Xiaoxueshan Lodge (50K)),24.2792643,121.0259056,2021-10-02,07:14 AM,eBird - Traveling Count,33,1,.34,,4,,,停車場
S95424747,鉛色水鶇,Phoenicurus fuliginosus,28606,2,TW-TXG,,L5757504,台中大雪山IBA--富山巷(Dasyueshan IBA--Fushan Lane (14K)),24.2323219,120.9015316,2021-10-01,01:16 PM,eBird - Stationary Count,13,1,,,4,,,富山一號橋
S95424774,鉛色水鶇,Phoenicurus fuliginosus,28606,1,TW-TXG,,L5757504,台中大雪山IBA--富山巷(Dasyueshan IBA--Fushan Lane (14K)),24.2323219,120.9015316,2021-10-01,01:39 PM,eBird - Traveling Count,6,1,2.51,,4
S95424811,鉛色水鶇,Phoenicurus fuliginosus,28606,1,TW-TXG,,L1036980,台中大雪山IBA--橫流溪(15K)(Dasyueshan IBA--Hengliu Creek (15K)),24.2392182,120.9095398,2021-10-01,01:50 PM,eBird - Traveling Count,24,1,.55,,4
S95424898,紅胸啄花,Dicaeum ignipectus,29077,1,TW-TXG,,L3883231,台中大雪山IBA--大雪山210林道(Dasyueshan IBA--Dasyueshan 210 Forest-Road),24.2567906,120.9794766,2021-10-01,04:27 PM,eBird - Traveling Count,6,1,.26,,4
S95455578,紅胸啄花,Dicaeum ignipectus,29077,3,TW-TXG,,L3883231,台中大雪山IBA--大雪山210林道(Dasyueshan IBA--Dasyueshan 210 Forest-Road),24.2567906,120.9794766,2021-10-02,08:55 AM,eBird - Traveling Count,15,1,.41,,4
S95455588,紅胸啄花,Dicaeum ignipectus,29077,1,TW-TXG,,L4305412,台中大雪山IBA--大雪山林道35-43K(Dasyueshan IBA--Dasyueshan Forest-Road 35-43K),24.2623617,120.9944969,2021-10-02,09:23 AM,eBird - Traveling Count,7,1,3.75,,4
S95424896,紅胸啄花,Dicaeum ignipectus,29077,3,TW-TXG,,L3204811,台中大雪山IBA--收費站(35K)(Dasyueshan IBA--Ticket Booth (35K)),24.2441848,120.9752089,2021-10-01,04:16 PM,eBird - Traveling Count,11,1,.45,,4
S95424909,紅胸啄花,Dicaeum ignipectus,29077,1,TW-TXG,,L3204811,台中大雪山IBA--收費站(35K)(Dasyueshan IBA--Ticket Booth (35K)),24.2441848,120.9752089,2021-10-01,04:43 PM,eBird - Stationary Count,6,1,,,4
S95455573,紅胸啄花,Dicaeum ignipectus,29077,1,TW-TXG,,L3204811,台中大雪山IBA--收費站(35K)(Dasyueshan IBA--Ticket Booth (35K)),24.2441848,120.9752089,2021-10-02,08:38 AM,eBird - Traveling Count,16,1,.16,,4
S95455584,紅胸啄花,Dicaeum ignipectus,29077,3,TW-TXG,,L3204811,台中大雪山IBA--收費站(35K)(Dasyueshan IBA--Ticket Booth (35K)),24.2441848,120.9752089,2021-10-02,09:13 AM,eBird - Traveling Count,7,1,.28,,4
S95424735,白腰文鳥,Lonchura striata,30063,3,TW-TXG,,L2259477,台中大雪山IBA--大雪山林道0-15K(標示在9K附近)(Dasyueshan IBA--Dasyueshan Forest-Road 0-15K),24.2151999,120.8839345,2021-10-01,01:04 PM,eBird - Traveling Count,5,1,3.01,,4
S95424558,白腰文鳥,Lonchura striata,30063,1,TW-TXG,,L3987481,台中大雪山IBA--大雪山林道0-15K(標記於9K處)(Dasyueshan IBA--Dasyueshan Forest-Road 0-15K),24.2152,120.88393,2021-10-01,10:56 AM,eBird - Stationary Count,7,1,,,4,,,平埔橋
S95424681,白腰文鳥,Lonchura striata,30063,3,TW-TXG,,L3987481,台中大雪山IBA--大雪山林道0-15K(標記於9K處)(Dasyueshan IBA--Dasyueshan Forest-Road 0-15K),24.2152,120.88393,2021-10-01,12:40 PM,eBird - Stationary Count,6,1,,,4,,,中坑派出所
S95424541,麻雀,Passer montanus,30560,2,TW-TXG,,L3987481,台中大雪山IBA--大雪山林道0-15K(標記於9K處)(Dasyueshan IBA--Dasyueshan Forest-Road 0-15K),24.2152,120.88393,2021-10-01,10:45 AM,eBird - Stationary Count,7,1,,,4,,,中坑派出所
S95424662,麻雀,Passer montanus,30560,4,TW-TXG,,L3987481,台中大雪山IBA--大雪山林道0-15K(標記於9K處)(Dasyueshan IBA--Dasyueshan Forest-Road 0-15K),24.2152,120.88393,2021-10-01,11:56 AM,eBird - Traveling Count,5,1,3.18,,4
S95424674,麻雀,Passer montanus,30560,9,TW-TXG,,L3987481,台中大雪山IBA--大雪山林道0-15K(標記於9K處)(Dasyueshan IBA--Dasyueshan Forest-Road 0-15K),24.2152,120.88393,2021-10-01,12:32 PM,eBird - Traveling Count,9,1,1.98,,4
S95424681,麻雀,Passer montanus,30560,6,TW-TXG,,L3987481,台中大雪山IBA--大雪山林道0-15K(標記於9K處)(Dasyueshan IBA--Dasyueshan Forest-Road 0-15K),24.2152,120.88393,2021-10-01,12:40 PM,eBird - Stationary Count,6,1,,,4,,,中坑派出所
S95424721,麻雀,Passer montanus,30560,2,TW-TXG,,L3987481,台中大雪山IBA--大雪山林道0-15K(標記於9K處)(Dasyueshan IBA--Dasyueshan Forest-Road 0-15K),24.2152,120.88393,2021-10-01,12:46 PM,eBird - Traveling Count,11,1,3.5,,4
S95424531,灰鶺鴒,Motacilla cinerea,30633,1,TW-TXG,,L3624542,台中--東勢林業文化園區(Taichung--Dongshi Forestry Culture Park),24.2442193,120.8344549,2021-10-01,10:10 AM,eBird - Traveling Count,27,1,1.,,4
S95424735,灰鶺鴒,Motacilla cinerea,30633,2,TW-TXG,,L2259477,台中大雪山IBA--大雪山林道0-15K(標示在9K附近)(Dasyueshan IBA--Dasyueshan Forest-Road 0-15K),24.2151999,120.8839345,2021-10-01,01:04 PM,eBird - Traveling Count,5,1,3.01,,4
S95424541,灰鶺鴒,Motacilla cinerea,30633,1,TW-TXG,,L3987481,台中大雪山IBA--大雪山林道0-15K(標記於9K處)(Dasyueshan IBA--Dasyueshan Forest-Road 0-15K),24.2152,120.88393,2021-10-01,10:45 AM,eBird - Stationary Count,7,1,,,4,,,中坑派出所
S95424594,灰鶺鴒,Motacilla cinerea,30633,2,TW-TXG,,L3987481,台中大雪山IBA--大雪山林道0-15K(標記於9K處)(Dasyueshan IBA--Dasyueshan Forest-Road 0-15K),24.2152,120.88393,2021-10-01,11:15 AM,eBird - Traveling Count,5,1,3.,,4
S95424811,灰鶺鴒,Motacilla cinerea,30633,1,TW-TXG,,L1036980,台中大雪山IBA--橫流溪(15K)(Dasyueshan IBA--Hengliu Creek (15K)),24.2392182,120.9095398,2021-10-01,01:50 PM,eBird - Traveling Count,24,1,.55,,4
S95424558,東方黃鶺鴒,Motacilla tschutschensis,30655,1,TW-TXG,,L3987481,台中大雪山IBA--大雪山林道0-15K(標記於9K處)(Dasyueshan IBA--Dasyueshan Forest-Road 0-15K),24.2152,120.88393,2021-10-01,10:56 AM,eBird - Stationary Count,7,1,,,4,,,平埔橋
S95455537,台灣朱雀,Carpodacus formosanus,31123,1,TW-TXG,,L2395343,台中大雪山IBA--小雪山莊(50K)(Dasyueshan IBA--Xiaoxueshan Lodge (50K)),24.2792643,121.0259056,2021-10-02,07:14 AM,eBird - Traveling Count,33,1,.34,,4,,,停車場
S95455578,褐鷽,Pyrrhula nipalensis,31178,1,TW-TXG,,L3883231,台中大雪山IBA--大雪山210林道(Dasyueshan IBA--Dasyueshan 210 Forest-Road),24.2567906,120.9794766,2021-10-02,08:55 AM,eBird - Traveling Count,15,1,.41,,4
S95455533,灰鷽,Pyrrhula owstoni,31193,1,TW-TXG,,L2395343,台中大雪山IBA--小雪山莊(50K)(Dasyueshan IBA--Xiaoxueshan Lodge (50K)),24.2792643,121.0259056,2021-10-02,05:54 AM,eBird - Traveling Count,76,1,1.06,,4,,,天池
S95455537,灰鷽,Pyrrhula owstoni,31193,1,TW-TXG,,L2395343,台中大雪山IBA--小雪山莊(50K)(Dasyueshan IBA--Xiaoxueshan Lodge (50K)),24.2792643,121.0259056,2021-10-02,07:14 AM,eBird - Traveling Count,33,1,.34,,4,,,停車場
