Submission ID,Common Name,Scientific Name,Taxonomic Order,Count,State/Province,County,Location ID,Location,Latitude,Longitude,Date,Time,Protocol,Duration (Min),All Obs Reported,Distance Traveled (km),Area Covered (ha),Number of Observers,Breeding Code,Observation Details,Checklist Comments,ML Catalog Numbers
S95413156,花嘴鴨,Anas zonorhyncha,481,2,TW-TXG,,L16512154,"479 東坑路, 東勢區, 台中市, TW (24.245, 120.846)",24.244694,120.8460733,2021-10-01,11:17 AM,eBird - Traveling Count,25,1,.38,,3
S95413156,綠頭鴨(馴化),Anas platyrhynchos (Domestic type),486,1,TW-TXG,,L16512154,"479 東坑路, 東勢區, 台中市, TW (24.245, 120.846)",24.244694,120.8460733,2021-10-01,11:17 AM,eBird - Traveling Count,25,1,.38,,3
S95451063,台灣山鷓鴣,Arborophila crudigularis,1119,1,TW-TXG,,L2395343,台中大雪山IBA--小雪山莊(50K)(Dasyueshan IBA--Xiaoxueshan Lodge (50K)),24.2792643,121.0259056,2021-10-02,05:48 AM,eBird - Traveling Count,105,1,3.01,,3
S95451063,黑長尾雉,Syrmaticus mikado,1368,3,TW-TXG,,L2395343,台中大雪山IBA--小雪山莊(50K)(Dasyueshan IBA--Xiaoxueshan Lodge (50K)),24.2792643,121.0259056,2021-10-02,05:48 AM,eBird - Traveling Count,105,1,3.01,,3
S95415755,藍腹鷴,Lophura swinhoii,1424,3,TW-TXG,,L2626987,台中大雪山IBA--大雪山林道23.5K(Dasyueshan IBA--Dasyueshan Forest-Road 23.5K),24.2464709,120.9355546,2021-10-01,02:54 PM,eBird - Stationary Count,19,1,,,3
S95416604,藍腹鷴,Lophura swinhoii,1424,1,TW-TXG,,L3204811,台中大雪山IBA--收費站(35K)(Dasyueshan IBA--Ticket Booth (35K)),24.2441848,120.9752089,2021-10-01,04:03 PM,eBird - Traveling Count,24,1,.77,,3
S95413142,台灣竹雞,Bambusicola sonorivox,1520,2,TW-TXG,,L16512150,"東勢區, 台中市, TW (24.225, 120.879)",24.2250506,120.8787759,2021-10-01,12:18 PM,eBird - Stationary Count,17,1,,,3
S95413156,野鴿(野化),Columba livia (Feral Pigeon),1842,3,TW-TXG,,L16512154,"479 東坑路, 東勢區, 台中市, TW (24.245, 120.846)",24.244694,120.8460733,2021-10-01,11:17 AM,eBird - Traveling Count,25,1,.38,,3
S95413156,金背鳩,Streptopelia orientalis,1988,1,TW-TXG,,L16512154,"479 東坑路, 東勢區, 台中市, TW (24.245, 120.846)",24.244694,120.8460733,2021-10-01,11:17 AM,eBird - Traveling Count,25,1,.38,,3
S95413187,金背鳩,Streptopelia orientalis,1988,4,TW-TXG,,L3624542,台中--東勢林業文化園區(Taichung--Dongshi Forestry Culture Park),24.2442193,120.8344549,2021-10-01,10:08 AM,eBird - Traveling Count,53,1,1.93,,3
S95413156,紅鳩,Streptopelia tranquebarica,2024,2,TW-TXG,,L16512154,"479 東坑路, 東勢區, 台中市, TW (24.245, 120.846)",24.244694,120.8460733,2021-10-01,11:17 AM,eBird - Traveling Count,25,1,.38,,3
S95413184,紅鳩,Streptopelia tranquebarica,2024,1,TW-TXG,,L16512160,"71-11 福新街, 東勢區, 台中市, TW (24.248, 120.834)",24.2477041,120.8336317,2021-10-01,11:08 AM,eBird - Casual Observation,,0,,,3
S95413187,紅鳩,Streptopelia tranquebarica,2024,1,TW-TXG,,L3624542,台中--東勢林業文化園區(Taichung--Dongshi Forestry Culture Park),24.2442193,120.8344549,2021-10-01,10:08 AM,eBird - Traveling Count,53,1,1.93,,3
S95413156,珠頸斑鳩,Streptopelia chinensis,2034,1,TW-TXG,,L16512154,"479 東坑路, 東勢區, 台中市, TW (24.245, 120.846)",24.244694,120.8460733,2021-10-01,11:17 AM,eBird - Traveling Count,25,1,.38,,3
S95413184,珠頸斑鳩(chinensis/tigrina),Streptopelia chinensis chinensis/tigrina,2036,1,TW-TXG,,L16512160,"71-11 福新街, 東勢區, 台中市, TW (24.248, 120.834)",24.2477041,120.8336317,2021-10-01,11:08 AM,eBird - Casual Observation,,0,,,3
S95413187,珠頸斑鳩(chinensis/tigrina),Streptopelia chinensis chinensis/tigrina,2036,3,TW-TXG,,L3624542,台中--東勢林業文化園區(Taichung--Dongshi Forestry Culture Park),24.2442193,120.8344549,2021-10-01,10:08 AM,eBird - Traveling Count,53,1,1.93,,3
S95415275,珠頸斑鳩(chinensis/tigrina),Streptopelia chinensis chinensis/tigrina,2036,1,TW-TXG,,L1036980,台中大雪山IBA--橫流溪(15K)(Dasyueshan IBA--Hengliu Creek (15K)),24.2392182,120.9095398,2021-10-01,01:06 PM,eBird - Traveling Count,51,1,1.51,,3
S95413187,小雨燕,Apus nipalensis,4051,3,TW-TXG,,L3624542,台中--東勢林業文化園區(Taichung--Dongshi Forestry Culture Park),24.2442193,120.8344549,2021-10-01,10:08 AM,eBird - Traveling Count,53,1,1.93,,3
S95453636,小雨燕,Apus nipalensis,4051,1,TW-TXG,,L1668212,台中大雪山IBA--鞍馬山莊(43K)(Dasyueshan IBA--Anmashan Lodge (43K)),24.2551921,121.0080309,2021-10-02,08:18 AM,eBird - Traveling Count,23,1,.62,,2
S95413142,小雨燕,Apus nipalensis,4051,5,TW-TXG,,L16512150,"東勢區, 台中市, TW (24.225, 120.879)",24.2250506,120.8787759,2021-10-01,12:18 PM,eBird - Stationary Count,17,1,,,3
S95413152,小雨燕,Apus nipalensis,4051,1,TW-TXG,,L16512151,"東勢區, 台中市, TW (24.237, 120.854)",24.2370872,120.8540515,2021-10-01,11:57 AM,eBird - Stationary Count,2,1,,,3
S95413187,小環頸鴴(curonicus),Charadrius dubius curonicus,5776,1,TW-TXG,,L3624542,台中--東勢林業文化園區(Taichung--Dongshi Forestry Culture Park),24.2442193,120.8344549,2021-10-01,10:08 AM,eBird - Traveling Count,53,1,1.93,,3
S95413156,磯鷸,Actitis hypoleucos,6025,1,TW-TXG,,L16512154,"479 東坑路, 東勢區, 台中市, TW (24.245, 120.846)",24.244694,120.8460733,2021-10-01,11:17 AM,eBird - Traveling Count,25,1,.38,,3
S95413156,白腰草鷸,Tringa ochropus,6028,1,TW-TXG,,L16512154,"479 東坑路, 東勢區, 台中市, TW (24.245, 120.846)",24.244694,120.8460733,2021-10-01,11:17 AM,eBird - Traveling Count,25,1,.38,,3
S95413177,小白鷺,Egretta garzetta,7217,1,TW-TXG,,L16512157,"167 東和街, 東勢區, 台中市, TW (24.246, 120.843)",24.2460098,120.8434793,2021-10-01,11:12 AM,eBird - Casual Observation,,0,,,3
S95413156,小白鷺(garzetta),Egretta garzetta garzetta,7218,1,TW-TXG,,L16512154,"479 東坑路, 東勢區, 台中市, TW (24.245, 120.846)",24.244694,120.8460733,2021-10-01,11:17 AM,eBird - Traveling Count,25,1,.38,,3
S95413184,小白鷺(garzetta),Egretta garzetta garzetta,7218,1,TW-TXG,,L16512160,"71-11 福新街, 東勢區, 台中市, TW (24.248, 120.834)",24.2477041,120.8336317,2021-10-01,11:08 AM,eBird - Casual Observation,,0,,,3
S95413187,小白鷺(garzetta),Egretta garzetta garzetta,7218,5,TW-TXG,,L3624542,台中--東勢林業文化園區(Taichung--Dongshi Forestry Culture Park),24.2442193,120.8344549,2021-10-01,10:08 AM,eBird - Traveling Count,53,1,1.93,,3
S95413152,小白鷺(garzetta),Egretta garzetta garzetta,7218,2,TW-TXG,,L16512151,"東勢區, 台中市, TW (24.237, 120.854)",24.2370872,120.8540515,2021-10-01,11:57 AM,eBird - Stationary Count,2,1,,,3
S95413187,黃頭鷺(coromandus),Bubulcus ibis coromandus,7249,4,TW-TXG,,L3624542,台中--東勢林業文化園區(Taichung--Dongshi Forestry Culture Park),24.2442193,120.8344549,2021-10-01,10:08 AM,eBird - Traveling Count,53,1,1.93,,3
S95413152,夜鷺(nycticorax),Nycticorax nycticorax nycticorax,7306,1,TW-TXG,,L16512151,"東勢區, 台中市, TW (24.237, 120.854)",24.2370872,120.8540515,2021-10-01,11:57 AM,eBird - Stationary Count,2,1,,,3
S95413187,黑冠麻鷺,Gorsachius melanolophus,7332,1,TW-TXG,,L3624542,台中--東勢林業文化園區(Taichung--Dongshi Forestry Culture Park),24.2442193,120.8344549,2021-10-01,10:08 AM,eBird - Traveling Count,53,1,1.93,,3
S95413142,東方蜂鷹(orientalis),Pernis ptilorhynchus orientalis,7477,2,TW-TXG,,L16512150,"東勢區, 台中市, TW (24.225, 120.879)",24.2250506,120.8787759,2021-10-01,12:18 PM,eBird - Stationary Count,17,1,,,3
S95413156,大冠鷲(cheela群),Spilornis cheela [cheela Group],7555,1,TW-TXG,,L16512154,"479 東坑路, 東勢區, 台中市, TW (24.245, 120.846)",24.244694,120.8460733,2021-10-01,11:17 AM,eBird - Traveling Count,25,1,.38,,3
S95415275,大冠鷲(cheela群),Spilornis cheela [cheela Group],7555,1,TW-TXG,,L1036980,台中大雪山IBA--橫流溪(15K)(Dasyueshan IBA--Hengliu Creek (15K)),24.2392182,120.9095398,2021-10-01,01:06 PM,eBird - Traveling Count,51,1,1.51,,3
S95413142,大冠鷲(cheela群),Spilornis cheela [cheela Group],7555,1,TW-TXG,,L16512150,"東勢區, 台中市, TW (24.225, 120.879)",24.2250506,120.8787759,2021-10-01,12:18 PM,eBird - Stationary Count,17,1,,,3
S95413142,林鵰,Ictinaetus malaiensis,7637,1,TW-TXG,,L16512150,"東勢區, 台中市, TW (24.225, 120.879)",24.2250506,120.8787759,2021-10-01,12:18 PM,eBird - Stationary Count,17,1,,,3
S95421844,黃嘴角鴞,Otus spilocephalus,8249,3,TW-TXG,,L1668212,台中大雪山IBA--鞍馬山莊(43K)(Dasyueshan IBA--Anmashan Lodge (43K)),24.2551921,121.0080309,2021-10-01,08:31 PM,eBird - Traveling Count,43,1,1.08,,3
S95413156,翠鳥(atthis群),Alcedo atthis [atthis Group],9390,1,TW-TXG,,L16512154,"479 東坑路, 東勢區, 台中市, TW (24.245, 120.846)",24.244694,120.8460733,2021-10-01,11:17 AM,eBird - Traveling Count,25,1,.38,,3
S95413152,翠鳥(atthis群),Alcedo atthis [atthis Group],9390,1,TW-TXG,,L16512151,"東勢區, 台中市, TW (24.237, 120.854)",24.2370872,120.8540515,2021-10-01,11:57 AM,eBird - Stationary Count,2,1,,,3
S95413187,五色鳥,Psilopogon nuchalis,10296,4,TW-TXG,,L3624542,台中--東勢林業文化園區(Taichung--Dongshi Forestry Culture Park),24.2442193,120.8344549,2021-10-01,10:08 AM,eBird - Traveling Count,53,1,1.93,,3
S95415275,五色鳥,Psilopogon nuchalis,10296,1,TW-TXG,,L1036980,台中大雪山IBA--橫流溪(15K)(Dasyueshan IBA--Hengliu Creek (15K)),24.2392182,120.9095398,2021-10-01,01:06 PM,eBird - Traveling Count,51,1,1.51,,3
S95413142,五色鳥,Psilopogon nuchalis,10296,1,TW-TXG,,L16512150,"東勢區, 台中市, TW (24.225, 120.879)",24.2250506,120.8787759,2021-10-01,12:18 PM,eBird - Stationary Count,17,1,,,3
S95413187,小啄木,Yungipicus canicapillus,10743,1,TW-TXG,,L3624542,台中--東勢林業文化園區(Taichung--Dongshi Forestry Culture Park),24.2442193,120.8344549,2021-10-01,10:08 AM,eBird - Traveling Count,53,1,1.93,,3
S95451063,大赤啄木(leucotos群),Dendrocopos leucotos [leucotos Group],10832,1,TW-TXG,,L2395343,台中大雪山IBA--小雪山莊(50K)(Dasyueshan IBA--Xiaoxueshan Lodge (50K)),24.2792643,121.0259056,2021-10-02,05:48 AM,eBird - Traveling Count,105,1,3.01,,3
S95453636,大赤啄木(leucotos群),Dendrocopos leucotos [leucotos Group],10832,1,TW-TXG,,L1668212,台中大雪山IBA--鞍馬山莊(43K)(Dasyueshan IBA--Anmashan Lodge (43K)),24.2551921,121.0080309,2021-10-02,08:18 AM,eBird - Traveling Count,23,1,.62,,2
S95415275,灰喉山椒鳥(solaris群),Pericrocotus solaris [solaris Group],17876,2,TW-TXG,,L1036980,台中大雪山IBA--橫流溪(15K)(Dasyueshan IBA--Hengliu Creek (15K)),24.2392182,120.9095398,2021-10-01,01:06 PM,eBird - Traveling Count,51,1,1.51,,3
S95413187,綠畫眉,Erpornis zantholeuca,18318,1,TW-TXG,,L3624542,台中--東勢林業文化園區(Taichung--Dongshi Forestry Culture Park),24.2442193,120.8344549,2021-10-01,10:08 AM,eBird - Traveling Count,53,1,1.93,,3
S95413156,大卷尾,Dicrurus macrocercus,19657,1,TW-TXG,,L16512154,"479 東坑路, 東勢區, 台中市, TW (24.245, 120.846)",24.244694,120.8460733,2021-10-01,11:17 AM,eBird - Traveling Count,25,1,.38,,3
S95413187,大卷尾,Dicrurus macrocercus,19657,1,TW-TXG,,L3624542,台中--東勢林業文化園區(Taichung--Dongshi Forestry Culture Park),24.2442193,120.8344549,2021-10-01,10:08 AM,eBird - Traveling Count,53,1,1.93,,3
S95413152,棕背伯勞,Lanius schach,20261,1,TW-TXG,,L16512151,"東勢區, 台中市, TW (24.237, 120.854)",24.2370872,120.8540515,2021-10-01,11:57 AM,eBird - Stationary Count,2,1,,,3
S95453636,松鴉,Garrulus glandarius,20545,1,TW-TXG,,L1668212,台中大雪山IBA--鞍馬山莊(43K)(Dasyueshan IBA--Anmashan Lodge (43K)),24.2551921,121.0080309,2021-10-02,08:18 AM,eBird - Traveling Count,23,1,.62,,2
S95413156,樹鵲,Dendrocitta formosae,20650,1,TW-TXG,,L16512154,"479 東坑路, 東勢區, 台中市, TW (24.245, 120.846)",24.244694,120.8460733,2021-10-01,11:17 AM,eBird - Traveling Count,25,1,.38,,3
S95413187,樹鵲,Dendrocitta formosae,20650,3,TW-TXG,,L3624542,台中--東勢林業文化園區(Taichung--Dongshi Forestry Culture Park),24.2442193,120.8344549,2021-10-01,10:08 AM,eBird - Traveling Count,53,1,1.93,,3
S95451063,星鴉,Nucifraga caryocatactes,20691,1,TW-TXG,,L2395343,台中大雪山IBA--小雪山莊(50K)(Dasyueshan IBA--Xiaoxueshan Lodge (50K)),24.2792643,121.0259056,2021-10-02,05:48 AM,eBird - Traveling Count,105,1,3.01,,3
S95415754,巨嘴鴉(macrorhynchos群),Corvus macrorhynchos [macrorhynchos Group],20793,1,TW-TXG,,L16513070,"和平區, 台中市, TW (24.232, 120.9)",24.2318368,120.9000326,2021-10-01,02:28 PM,eBird - Casual Observation,,0,,,3
S95451063,煤山雀,Periparus ater,21146,4,TW-TXG,,L2395343,台中大雪山IBA--小雪山莊(50K)(Dasyueshan IBA--Xiaoxueshan Lodge (50K)),24.2792643,121.0259056,2021-10-02,05:48 AM,eBird - Traveling Count,105,1,3.01,,3
S95451063,青背山雀,Parus monticolus,21362,1,TW-TXG,,L2395343,台中大雪山IBA--小雪山莊(50K)(Dasyueshan IBA--Xiaoxueshan Lodge (50K)),24.2792643,121.0259056,2021-10-02,05:48 AM,eBird - Traveling Count,105,1,3.01,,3
S95453636,青背山雀,Parus monticolus,21362,2,TW-TXG,,L1668212,台中大雪山IBA--鞍馬山莊(43K)(Dasyueshan IBA--Anmashan Lodge (43K)),24.2551921,121.0080309,2021-10-02,08:18 AM,eBird - Traveling Count,23,1,.62,,2
S95417063,青背山雀,Parus monticolus,21362,1,TW-TXG,,L16513293,"大雪山林道200線, 和平區, 台中市, TW (24.257, 121.009)",24.2573257,121.0085257,2021-10-01,05:21 PM,eBird - Traveling Count,23,1,.57,,3
S95413156,灰頭鷦鶯(sonitans),Prinia flaviventris sonitans,22436,2,TW-TXG,,L16512154,"479 東坑路, 東勢區, 台中市, TW (24.245, 120.846)",24.244694,120.8460733,2021-10-01,11:17 AM,eBird - Traveling Count,25,1,.38,,3
S95413156,褐頭鷦鶯,Prinia inornata,22454,2,TW-TXG,,L16512154,"479 東坑路, 東勢區, 台中市, TW (24.245, 120.846)",24.244694,120.8460733,2021-10-01,11:17 AM,eBird - Traveling Count,25,1,.38,,3
S95413152,褐頭鷦鶯,Prinia inornata,22454,2,TW-TXG,,L16512151,"東勢區, 台中市, TW (24.237, 120.854)",24.2370872,120.8540515,2021-10-01,11:57 AM,eBird - Stationary Count,2,1,,,3
S95451063,台灣鷦眉,Pnoepyga formosana,23138,2,TW-TXG,,L2395343,台中大雪山IBA--小雪山莊(50K)(Dasyueshan IBA--Xiaoxueshan Lodge (50K)),24.2792643,121.0259056,2021-10-02,05:48 AM,eBird - Traveling Count,105,1,3.01,,3
S95413156,棕沙燕,Riparia chinensis,23238,5,TW-TXG,,L16512154,"479 東坑路, 東勢區, 台中市, TW (24.245, 120.846)",24.244694,120.8460733,2021-10-01,11:17 AM,eBird - Traveling Count,25,1,.38,,3
S95413156,洋燕,Hirundo tahitica,23319,1,TW-TXG,,L16512154,"479 東坑路, 東勢區, 台中市, TW (24.245, 120.846)",24.244694,120.8460733,2021-10-01,11:17 AM,eBird - Traveling Count,25,1,.38,,3
S95413187,洋燕,Hirundo tahitica,23319,1,TW-TXG,,L3624542,台中--東勢林業文化園區(Taichung--Dongshi Forestry Culture Park),24.2442193,120.8344549,2021-10-01,10:08 AM,eBird - Traveling Count,53,1,1.93,,3
S95413142,洋燕,Hirundo tahitica,23319,4,TW-TXG,,L16512150,"東勢區, 台中市, TW (24.225, 120.879)",24.2250506,120.8787759,2021-10-01,12:18 PM,eBird - Stationary Count,17,1,,,3
S95413142,金腰燕,Cecropis daurica,23338,5,TW-TXG,,L16512150,"東勢區, 台中市, TW (24.225, 120.879)",24.2250506,120.8787759,2021-10-01,12:18 PM,eBird - Stationary Count,17,1,,,3,,腰部與縱紋明顯 身形大小與洋燕相近 明顯比赤腰燕小 飛行速度與方式亦與洋燕相似 但尾羽短可能為幼鳥 部分個體飛羽破損
S95416129,東方毛腳燕,Delichon dasypus,23414,10,TW-TXG,,L16513141,"200線林道, 和平區, 台中市, TW (24.231, 120.978)",24.2311834,120.9784415,2021-10-01,03:42 PM,eBird - Traveling Count,12,1,.36,,3
S95413156,白環鸚嘴鵯,Spizixos semitorques,23637,1,TW-TXG,,L16512154,"479 東坑路, 東勢區, 台中市, TW (24.245, 120.846)",24.244694,120.8460733,2021-10-01,11:17 AM,eBird - Traveling Count,25,1,.38,,3
S95415275,白環鸚嘴鵯,Spizixos semitorques,23637,3,TW-TXG,,L1036980,台中大雪山IBA--橫流溪(15K)(Dasyueshan IBA--Hengliu Creek (15K)),24.2392182,120.9095398,2021-10-01,01:06 PM,eBird - Traveling Count,51,1,1.51,,3
S95413156,白頭翁(formosae/orii),Pycnonotus sinensis formosae/orii,23675,3,TW-TXG,,L16512154,"479 東坑路, 東勢區, 台中市, TW (24.245, 120.846)",24.244694,120.8460733,2021-10-01,11:17 AM,eBird - Traveling Count,25,1,.38,,3
S95413187,白頭翁(formosae/orii),Pycnonotus sinensis formosae/orii,23675,80,TW-TXG,,L3624542,台中--東勢林業文化園區(Taichung--Dongshi Forestry Culture Park),24.2442193,120.8344549,2021-10-01,10:08 AM,eBird - Traveling Count,53,1,1.93,,3
S95413152,白頭翁(formosae/orii),Pycnonotus sinensis formosae/orii,23675,3,TW-TXG,,L16512151,"東勢區, 台中市, TW (24.237, 120.854)",24.2370872,120.8540515,2021-10-01,11:57 AM,eBird - Stationary Count,2,1,,,3
S95413187,紅嘴黑鵯(台灣),Hypsipetes leucocephalus nigerrimus,23867,2,TW-TXG,,L3624542,台中--東勢林業文化園區(Taichung--Dongshi Forestry Culture Park),24.2442193,120.8344549,2021-10-01,10:08 AM,eBird - Traveling Count,53,1,1.93,,3
S95416604,棕面鶯,Abroscopus albogularis,24247,4,TW-TXG,,L3204811,台中大雪山IBA--收費站(35K)(Dasyueshan IBA--Ticket Booth (35K)),24.2441848,120.9752089,2021-10-01,04:03 PM,eBird - Traveling Count,24,1,.77,,3
S95453636,棕面鶯,Abroscopus albogularis,24247,1,TW-TXG,,L1668212,台中大雪山IBA--鞍馬山莊(43K)(Dasyueshan IBA--Anmashan Lodge (43K)),24.2551921,121.0080309,2021-10-02,08:18 AM,eBird - Traveling Count,23,1,.62,,2
S95417063,棕面鶯,Abroscopus albogularis,24247,2,TW-TXG,,L16513293,"大雪山林道200線, 和平區, 台中市, TW (24.257, 121.009)",24.2573257,121.0085257,2021-10-01,05:21 PM,eBird - Traveling Count,23,1,.57,,3
S95451063,深山鶯,Horornis acanthizoides,24304,4,TW-TXG,,L2395343,台中大雪山IBA--小雪山莊(50K)(Dasyueshan IBA--Xiaoxueshan Lodge (50K)),24.2792643,121.0259056,2021-10-02,05:48 AM,eBird - Traveling Count,105,1,3.01,,3
S95417063,紅頭山雀,Aegithalos concinnus,24356,20,TW-TXG,,L16513293,"大雪山林道200線, 和平區, 台中市, TW (24.257, 121.009)",24.2573257,121.0085257,2021-10-01,05:21 PM,eBird - Traveling Count,23,1,.57,,3
S95416129,紅頭山雀(concinnus群),Aegithalos concinnus [concinnus Group],24357,1,TW-TXG,,L16513141,"200線林道, 和平區, 台中市, TW (24.231, 120.978)",24.2311834,120.9784415,2021-10-01,03:42 PM,eBird - Traveling Count,12,1,.36,,3
S95416603,紅頭山雀(concinnus群),Aegithalos concinnus [concinnus Group],24357,1,TW-TXG,,L16513231,"200線林道, 和平區, 台中市, TW (24.247, 120.984)",24.2465152,120.9842686,2021-10-01,04:46 PM,eBird - Traveling Count,10,1,.19,,3
S95453636,紅頭山雀(concinnus群),Aegithalos concinnus [concinnus Group],24357,1,TW-TXG,,L1668212,台中大雪山IBA--鞍馬山莊(43K)(Dasyueshan IBA--Anmashan Lodge (43K)),24.2551921,121.0080309,2021-10-02,08:18 AM,eBird - Traveling Count,23,1,.62,,2
S95451063,褐頭花翼,Fulvetta formosana,24544,5,TW-TXG,,L2395343,台中大雪山IBA--小雪山莊(50K)(Dasyueshan IBA--Xiaoxueshan Lodge (50K)),24.2792643,121.0259056,2021-10-02,05:48 AM,eBird - Traveling Count,105,1,3.01,,3
S95413156,粉紅鸚嘴,Sinosuthora webbiana,24617,5,TW-TXG,,L16512154,"479 東坑路, 東勢區, 台中市, TW (24.245, 120.846)",24.244694,120.8460733,2021-10-01,11:17 AM,eBird - Traveling Count,25,1,.38,,3
S95451063,冠羽畫眉,Yuhina brunneiceps,24643,15,TW-TXG,,L2395343,台中大雪山IBA--小雪山莊(50K)(Dasyueshan IBA--Xiaoxueshan Lodge (50K)),24.2792643,121.0259056,2021-10-02,05:48 AM,eBird - Traveling Count,105,1,3.01,,3
S95416604,冠羽畫眉,Yuhina brunneiceps,24643,2,TW-TXG,,L3204811,台中大雪山IBA--收費站(35K)(Dasyueshan IBA--Ticket Booth (35K)),24.2441848,120.9752089,2021-10-01,04:03 PM,eBird - Traveling Count,24,1,.77,,3
S95415275,冠羽畫眉,Yuhina brunneiceps,24643,4,TW-TXG,,L1036980,台中大雪山IBA--橫流溪(15K)(Dasyueshan IBA--Hengliu Creek (15K)),24.2392182,120.9095398,2021-10-01,01:06 PM,eBird - Traveling Count,51,1,1.51,,3
S95453636,冠羽畫眉,Yuhina brunneiceps,24643,1,TW-TXG,,L1668212,台中大雪山IBA--鞍馬山莊(43K)(Dasyueshan IBA--Anmashan Lodge (43K)),24.2551921,121.0080309,2021-10-02,08:18 AM,eBird - Traveling Count,23,1,.62,,2
S95417063,冠羽畫眉,Yuhina brunneiceps,24643,10,TW-TXG,,L16513293,"大雪山林道200線, 和平區, 台中市, TW (24.257, 121.009)",24.2573257,121.0085257,2021-10-01,05:21 PM,eBird - Traveling Count,23,1,.57,,3
S95413187,斯氏繡眼,Zosterops simplex,24735,20,TW-TXG,,L3624542,台中--東勢林業文化園區(Taichung--Dongshi Forestry Culture Park),24.2442193,120.8344549,2021-10-01,10:08 AM,eBird - Traveling Count,53,1,1.93,,3
S95416129,山紅頭,Cyanoderma ruficeps,25080,1,TW-TXG,,L16513141,"200線林道, 和平區, 台中市, TW (24.231, 120.978)",24.2311834,120.9784415,2021-10-01,03:42 PM,eBird - Traveling Count,12,1,.36,,3
S95413156,山紅頭,Cyanoderma ruficeps,25080,1,TW-TXG,,L16512154,"479 東坑路, 東勢區, 台中市, TW (24.245, 120.846)",24.244694,120.8460733,2021-10-01,11:17 AM,eBird - Traveling Count,25,1,.38,,3
S95451063,山紅頭,Cyanoderma ruficeps,25080,3,TW-TXG,,L2395343,台中大雪山IBA--小雪山莊(50K)(Dasyueshan IBA--Xiaoxueshan Lodge (50K)),24.2792643,121.0259056,2021-10-02,05:48 AM,eBird - Traveling Count,105,1,3.01,,3
S95417063,山紅頭,Cyanoderma ruficeps,25080,1,TW-TXG,,L16513293,"大雪山林道200線, 和平區, 台中市, TW (24.257, 121.009)",24.2573257,121.0085257,2021-10-01,05:21 PM,eBird - Traveling Count,23,1,.57,,3
S95413142,小彎嘴,Pomatorhinus musicus,25143,1,TW-TXG,,L16512150,"東勢區, 台中市, TW (24.225, 120.879)",24.2250506,120.8787759,2021-10-01,12:18 PM,eBird - Stationary Count,17,1,,,3
S95413142,頭烏線,Schoeniparus brunneus,25299,1,TW-TXG,,L16512150,"東勢區, 台中市, TW (24.225, 120.879)",24.2250506,120.8787759,2021-10-01,12:18 PM,eBird - Stationary Count,17,1,,,3
S95451063,繡眼畫眉,Alcippe morrisonia,25509,5,TW-TXG,,L2395343,台中大雪山IBA--小雪山莊(50K)(Dasyueshan IBA--Xiaoxueshan Lodge (50K)),24.2792643,121.0259056,2021-10-02,05:48 AM,eBird - Traveling Count,105,1,3.01,,3
S95415275,繡眼畫眉,Alcippe morrisonia,25509,10,TW-TXG,,L1036980,台中大雪山IBA--橫流溪(15K)(Dasyueshan IBA--Hengliu Creek (15K)),24.2392182,120.9095398,2021-10-01,01:06 PM,eBird - Traveling Count,51,1,1.51,,3
S95417063,繡眼畫眉,Alcippe morrisonia,25509,5,TW-TXG,,L16513293,"大雪山林道200線, 和平區, 台中市, TW (24.257, 121.009)",24.2573257,121.0085257,2021-10-01,05:21 PM,eBird - Traveling Count,23,1,.57,,3
S95451063,台灣噪眉,Trochalopteron morrisonianum,25557,12,TW-TXG,,L2395343,台中大雪山IBA--小雪山莊(50K)(Dasyueshan IBA--Xiaoxueshan Lodge (50K)),24.2792643,121.0259056,2021-10-02,05:48 AM,eBird - Traveling Count,105,1,3.01,,3
S95416129,白耳畫眉,Heterophasia auricularis,25599,1,TW-TXG,,L16513141,"200線林道, 和平區, 台中市, TW (24.231, 120.978)",24.2311834,120.9784415,2021-10-01,03:42 PM,eBird - Traveling Count,12,1,.36,,3
S95416603,白耳畫眉,Heterophasia auricularis,25599,1,TW-TXG,,L16513231,"200線林道, 和平區, 台中市, TW (24.247, 120.984)",24.2465152,120.9842686,2021-10-01,04:46 PM,eBird - Traveling Count,10,1,.19,,3
S95415755,白耳畫眉,Heterophasia auricularis,25599,4,TW-TXG,,L2626987,台中大雪山IBA--大雪山林道23.5K(Dasyueshan IBA--Dasyueshan Forest-Road 23.5K),24.2464709,120.9355546,2021-10-01,02:54 PM,eBird - Stationary Count,19,1,,,3
S95416604,白耳畫眉,Heterophasia auricularis,25599,8,TW-TXG,,L3204811,台中大雪山IBA--收費站(35K)(Dasyueshan IBA--Ticket Booth (35K)),24.2441848,120.9752089,2021-10-01,04:03 PM,eBird - Traveling Count,24,1,.77,,3
S95453636,白耳畫眉,Heterophasia auricularis,25599,1,TW-TXG,,L1668212,台中大雪山IBA--鞍馬山莊(43K)(Dasyueshan IBA--Anmashan Lodge (43K)),24.2551921,121.0080309,2021-10-02,08:18 AM,eBird - Traveling Count,23,1,.62,,2
S95416129,黃胸藪眉,Liocichla steerii,25695,2,TW-TXG,,L16513141,"200線林道, 和平區, 台中市, TW (24.231, 120.978)",24.2311834,120.9784415,2021-10-01,03:42 PM,eBird - Traveling Count,12,1,.36,,3
S95451063,火冠戴菊鳥,Regulus goodfellowi,25971,10,TW-TXG,,L2395343,台中大雪山IBA--小雪山莊(50K)(Dasyueshan IBA--Xiaoxueshan Lodge (50K)),24.2792643,121.0259056,2021-10-02,05:48 AM,eBird - Traveling Count,105,1,3.01,,3
S95453636,火冠戴菊鳥,Regulus goodfellowi,25971,3,TW-TXG,,L1668212,台中大雪山IBA--鞍馬山莊(43K)(Dasyueshan IBA--Anmashan Lodge (43K)),24.2551921,121.0080309,2021-10-02,08:18 AM,eBird - Traveling Count,23,1,.62,,2
S95417063,火冠戴菊鳥,Regulus goodfellowi,25971,4,TW-TXG,,L16513293,"大雪山林道200線, 和平區, 台中市, TW (24.257, 121.009)",24.2573257,121.0085257,2021-10-01,05:21 PM,eBird - Traveling Count,23,1,.57,,3
S95416603,茶腹鳾(sinensis/formosana),Sitta europaea sinensis/formosana,26013,3,TW-TXG,,L16513231,"200線林道, 和平區, 台中市, TW (24.247, 120.984)",24.2465152,120.9842686,2021-10-01,04:46 PM,eBird - Traveling Count,10,1,.19,,3
S95453636,茶腹鳾(sinensis/formosana),Sitta europaea sinensis/formosana,26013,3,TW-TXG,,L1668212,台中大雪山IBA--鞍馬山莊(43K)(Dasyueshan IBA--Anmashan Lodge (43K)),24.2551921,121.0080309,2021-10-02,08:18 AM,eBird - Traveling Count,23,1,.62,,2
S95417063,茶腹鳾(sinensis/formosana),Sitta europaea sinensis/formosana,26013,3,TW-TXG,,L16513293,"大雪山林道200線, 和平區, 台中市, TW (24.257, 121.009)",24.2573257,121.0085257,2021-10-01,05:21 PM,eBird - Traveling Count,23,1,.57,,3
S95451063,鷦鷯,Troglodytes troglodytes,26339,1,TW-TXG,,L2395343,台中大雪山IBA--小雪山莊(50K)(Dasyueshan IBA--Xiaoxueshan Lodge (50K)),24.2792643,121.0259056,2021-10-02,05:48 AM,eBird - Traveling Count,105,1,3.01,,3
S95413177,白尾八哥,Acridotheres javanicus,26952,2,TW-TXG,,L16512157,"167 東和街, 東勢區, 台中市, TW (24.246, 120.843)",24.2460098,120.8434793,2021-10-01,11:12 AM,eBird - Casual Observation,,0,,,3
S95413152,白尾八哥,Acridotheres javanicus,26952,2,TW-TXG,,L16512151,"東勢區, 台中市, TW (24.237, 120.854)",24.2370872,120.8540515,2021-10-01,11:57 AM,eBird - Stationary Count,2,1,,,3
S95451063,紅尾鶲,Muscicapa ferruginea,27815,2,TW-TXG,,L2395343,台中大雪山IBA--小雪山莊(50K)(Dasyueshan IBA--Xiaoxueshan Lodge (50K)),24.2792643,121.0259056,2021-10-02,05:48 AM,eBird - Traveling Count,105,1,3.01,,3
S95417063,紅尾鶲,Muscicapa ferruginea,27815,2,TW-TXG,,L16513293,"大雪山林道200線, 和平區, 台中市, TW (24.257, 121.009)",24.2573257,121.0085257,2021-10-01,05:21 PM,eBird - Traveling Count,23,1,.57,,3
S95413187,白腰鵲鴝,Copsychus malabaricus,28031,1,TW-TXG,,L3624542,台中--東勢林業文化園區(Taichung--Dongshi Forestry Culture Park),24.2442193,120.8344549,2021-10-01,10:08 AM,eBird - Traveling Count,53,1,1.93,,3
S95451063,小翼鶇,Brachypteryx goodfellowi,28374,6,TW-TXG,,L2395343,台中大雪山IBA--小雪山莊(50K)(Dasyueshan IBA--Xiaoxueshan Lodge (50K)),24.2792643,121.0259056,2021-10-02,05:48 AM,eBird - Traveling Count,105,1,3.01,,3
S95416129,台灣紫嘯鶇,Myophonus insularis,28441,1,TW-TXG,,L16513141,"200線林道, 和平區, 台中市, TW (24.231, 120.978)",24.2311834,120.9784415,2021-10-01,03:42 PM,eBird - Traveling Count,12,1,.36,,3
S95415755,台灣紫嘯鶇,Myophonus insularis,28441,1,TW-TXG,,L2626987,台中大雪山IBA--大雪山林道23.5K(Dasyueshan IBA--Dasyueshan Forest-Road 23.5K),24.2464709,120.9355546,2021-10-01,02:54 PM,eBird - Stationary Count,19,1,,,3
S95416604,台灣紫嘯鶇,Myophonus insularis,28441,1,TW-TXG,,L3204811,台中大雪山IBA--收費站(35K)(Dasyueshan IBA--Ticket Booth (35K)),24.2441848,120.9752089,2021-10-01,04:03 PM,eBird - Traveling Count,24,1,.77,,3
S95416604,白尾鴝(leucura/montium),Myiomela leucura leucura/montium,28484,1,TW-TXG,,L3204811,台中大雪山IBA--收費站(35K)(Dasyueshan IBA--Ticket Booth (35K)),24.2441848,120.9752089,2021-10-01,04:03 PM,eBird - Traveling Count,24,1,.77,,3
S95417063,白尾鴝(leucura/montium),Myiomela leucura leucura/montium,28484,1,TW-TXG,,L16513293,"大雪山林道200線, 和平區, 台中市, TW (24.257, 121.009)",24.2573257,121.0085257,2021-10-01,05:21 PM,eBird - Traveling Count,23,1,.57,,3
S95451063,栗背林鴝,Tarsiger johnstoniae,28505,3,TW-TXG,,L2395343,台中大雪山IBA--小雪山莊(50K)(Dasyueshan IBA--Xiaoxueshan Lodge (50K)),24.2792643,121.0259056,2021-10-02,05:48 AM,eBird - Traveling Count,105,1,3.01,,3
S95415275,鉛色水鶇,Phoenicurus fuliginosus,28606,3,TW-TXG,,L1036980,台中大雪山IBA--橫流溪(15K)(Dasyueshan IBA--Hengliu Creek (15K)),24.2392182,120.9095398,2021-10-01,01:06 PM,eBird - Traveling Count,51,1,1.51,,3
S95416130,紅胸啄花,Dicaeum ignipectus,29077,1,TW-TXG,,L16513143,"200線林道, 和平區, 台中市, TW (24.227, 120.964)",24.2265267,120.9639619,2021-10-01,03:26 PM,eBird - Stationary Count,4,1,,,3
S95416603,紅胸啄花(ignipectus群),Dicaeum ignipectus [ignipectus Group],29078,2,TW-TXG,,L16513231,"200線林道, 和平區, 台中市, TW (24.247, 120.984)",24.2465152,120.9842686,2021-10-01,04:46 PM,eBird - Traveling Count,10,1,.19,,3
S95416604,紅胸啄花(ignipectus群),Dicaeum ignipectus [ignipectus Group],29078,3,TW-TXG,,L3204811,台中大雪山IBA--收費站(35K)(Dasyueshan IBA--Ticket Booth (35K)),24.2441848,120.9752089,2021-10-01,04:03 PM,eBird - Traveling Count,24,1,.77,,3
S95453636,紅胸啄花(ignipectus群),Dicaeum ignipectus [ignipectus Group],29078,4,TW-TXG,,L1668212,台中大雪山IBA--鞍馬山莊(43K)(Dasyueshan IBA--Anmashan Lodge (43K)),24.2551921,121.0080309,2021-10-02,08:18 AM,eBird - Traveling Count,23,1,.62,,2
S95417063,紅胸啄花(ignipectus群),Dicaeum ignipectus [ignipectus Group],29078,2,TW-TXG,,L16513293,"大雪山林道200線, 和平區, 台中市, TW (24.257, 121.009)",24.2573257,121.0085257,2021-10-01,05:21 PM,eBird - Traveling Count,23,1,.57,,3
S95413177,斑文鳥,Lonchura punctulata,30045,1,TW-TXG,,L16512157,"167 東和街, 東勢區, 台中市, TW (24.246, 120.843)",24.2460098,120.8434793,2021-10-01,11:12 AM,eBird - Casual Observation,,0,,,3
S95413187,斑文鳥,Lonchura punctulata,30045,8,TW-TXG,,L3624542,台中--東勢林業文化園區(Taichung--Dongshi Forestry Culture Park),24.2442193,120.8344549,2021-10-01,10:08 AM,eBird - Traveling Count,53,1,1.93,,3
S95413156,斑文鳥(nisoria群),Lonchura punctulata [nisoria Group],30047,10,TW-TXG,,L16512154,"479 東坑路, 東勢區, 台中市, TW (24.245, 120.846)",24.244694,120.8460733,2021-10-01,11:17 AM,eBird - Traveling Count,25,1,.38,,3
S95413156,白腰文鳥,Lonchura striata,30063,2,TW-TXG,,L16512154,"479 東坑路, 東勢區, 台中市, TW (24.245, 120.846)",24.244694,120.8460733,2021-10-01,11:17 AM,eBird - Traveling Count,25,1,.38,,3
S95415275,白腰文鳥,Lonchura striata,30063,3,TW-TXG,,L1036980,台中大雪山IBA--橫流溪(15K)(Dasyueshan IBA--Hengliu Creek (15K)),24.2392182,120.9095398,2021-10-01,01:06 PM,eBird - Traveling Count,51,1,1.51,,3
S95413142,白腰文鳥,Lonchura striata,30063,5,TW-TXG,,L16512150,"東勢區, 台中市, TW (24.225, 120.879)",24.2250506,120.8787759,2021-10-01,12:18 PM,eBird - Stationary Count,17,1,,,3
S95413156,麻雀,Passer montanus,30560,10,TW-TXG,,L16512154,"479 東坑路, 東勢區, 台中市, TW (24.245, 120.846)",24.244694,120.8460733,2021-10-01,11:17 AM,eBird - Traveling Count,25,1,.38,,3
S95413184,麻雀,Passer montanus,30560,2,TW-TXG,,L16512160,"71-11 福新街, 東勢區, 台中市, TW (24.248, 120.834)",24.2477041,120.8336317,2021-10-01,11:08 AM,eBird - Casual Observation,,0,,,3
S95413156,灰鶺鴒,Motacilla cinerea,30633,1,TW-TXG,,L16512154,"479 東坑路, 東勢區, 台中市, TW (24.245, 120.846)",24.244694,120.8460733,2021-10-01,11:17 AM,eBird - Traveling Count,25,1,.38,,3
S95413187,灰鶺鴒,Motacilla cinerea,30633,1,TW-TXG,,L3624542,台中--東勢林業文化園區(Taichung--Dongshi Forestry Culture Park),24.2442193,120.8344549,2021-10-01,10:08 AM,eBird - Traveling Count,53,1,1.93,,3
S95413156,白鶺鴒,Motacilla alba,30675,2,TW-TXG,,L16512154,"479 東坑路, 東勢區, 台中市, TW (24.245, 120.846)",24.244694,120.8460733,2021-10-01,11:17 AM,eBird - Traveling Count,25,1,.38,,3
S95451063,台灣朱雀,Carpodacus formosanus,31123,4,TW-TXG,,L2395343,台中大雪山IBA--小雪山莊(50K)(Dasyueshan IBA--Xiaoxueshan Lodge (50K)),24.2792643,121.0259056,2021-10-02,05:48 AM,eBird - Traveling Count,105,1,3.01,,3
S95451063,灰鷽,Pyrrhula owstoni,31193,2,TW-TXG,,L2395343,台中大雪山IBA--小雪山莊(50K)(Dasyueshan IBA--Xiaoxueshan Lodge (50K)),24.2792643,121.0259056,2021-10-02,05:48 AM,eBird - Traveling Count,105,1,3.01,,3
