Submission ID,Common Name,Scientific Name,Taxonomic Order,Count,State/Province,County,Location ID,Location,Latitude,Longitude,Date,Time,Protocol,Duration (Min),All Obs Reported,Distance Traveled (km),Area Covered (ha),Number of Observers,Breeding Code,Observation Details,Checklist Comments,ML Catalog Numbers
S95449669,台灣山鷓鴣,Arborophila crudigularis,1119,1,TW-TXG,,L1036980,台中大雪山IBA--橫流溪(15K)(Dasyueshan IBA--Hengliu Creek (15K)),24.2392182,120.9095398,2021-10-02,06:18 AM,eBird - Traveling Count,47,1,.78,,4
S95452162,藍腹鷴,Lophura swinhoii,1424,1,TW-TXG,,L3776715,台中大雪山IBA--大雪山林道23K(Dasyueshan IBA--Dasyueshan Forest-Road 23K),24.2477056,120.934284,2021-10-02,07:30 AM,eBird - Traveling Count,36,1,2.29,,4
S95449669,台灣竹雞,Bambusicola sonorivox,1520,1,TW-TXG,,L1036980,台中大雪山IBA--橫流溪(15K)(Dasyueshan IBA--Hengliu Creek (15K)),24.2392182,120.9095398,2021-10-02,06:18 AM,eBird - Traveling Count,47,1,.78,,4
S95412059,金背鳩,Streptopelia orientalis,1988,4,TW-TXG,,L3624542,台中--東勢林業文化園區(Taichung--Dongshi Forestry Culture Park),24.2442193,120.8344549,2021-10-01,10:08 AM,eBird - Traveling Count,78,1,2.32,,4
S95412059,紅鳩,Streptopelia tranquebarica,2024,1,TW-TXG,,L3624542,台中--東勢林業文化園區(Taichung--Dongshi Forestry Culture Park),24.2442193,120.8344549,2021-10-01,10:08 AM,eBird - Traveling Count,78,1,2.32,,4
S95412059,珠頸斑鳩,Streptopelia chinensis,2034,2,TW-TXG,,L3624542,台中--東勢林業文化園區(Taichung--Dongshi Forestry Culture Park),24.2442193,120.8344549,2021-10-01,10:08 AM,eBird - Traveling Count,78,1,2.32,,4
S95412492,珠頸斑鳩,Streptopelia chinensis,2034,1,TW-TXG,,L3624542,台中--東勢林業文化園區(Taichung--Dongshi Forestry Culture Park),24.2442193,120.8344549,2021-10-01,11:45 AM,eBird - Stationary Count,15,1,,,4
S95449669,珠頸斑鳩,Streptopelia chinensis,2034,2,TW-TXG,,L1036980,台中大雪山IBA--橫流溪(15K)(Dasyueshan IBA--Hengliu Creek (15K)),24.2392182,120.9095398,2021-10-02,06:18 AM,eBird - Traveling Count,47,1,.78,,4
S95417182,綠鳩,Treron sieboldii,2514,2,TW-TXG,,L2259760,台中大雪山IBA--大雪山林道15-35K(標示在27K附近)(Dasyueshan IBA--Dasyueshan Forest-Road 15-35K),24.2343705,120.9526885,2021-10-01,02:11 PM,eBird - Traveling Count,30,1,13.75,,4
S95454975,灰喉針尾雨燕,Hirundapus cochinchinensis,3831,2,TW-TXG,,L1668212,台中大雪山IBA--鞍馬山莊(43K)(Dasyueshan IBA--Anmashan Lodge (43K)),24.2551921,121.0080309,2021-10-02,08:55 AM,eBird - Traveling Count,39,1,1.15,,4
S95412492,小雨燕,Apus nipalensis,4051,6,TW-TXG,,L3624542,台中--東勢林業文化園區(Taichung--Dongshi Forestry Culture Park),24.2442193,120.8344549,2021-10-01,11:45 AM,eBird - Stationary Count,15,1,,,4
S95413140,小雨燕,Apus nipalensis,4051,4,TW-TXG,,L16512148,"東勢區, 台中市, TW (24.225, 120.879)",24.2247974,120.8786124,2021-10-01,12:36 PM,eBird - Casual Observation,,0,,,4
S95412059,小環頸鴴,Charadrius dubius,5775,2,TW-TXG,,L3624542,台中--東勢林業文化園區(Taichung--Dongshi Forestry Culture Park),24.2442193,120.8344549,2021-10-01,10:08 AM,eBird - Traveling Count,78,1,2.32,,4
S95412059,小白鷺,Egretta garzetta,7217,6,TW-TXG,,L3624542,台中--東勢林業文化園區(Taichung--Dongshi Forestry Culture Park),24.2442193,120.8344549,2021-10-01,10:08 AM,eBird - Traveling Count,78,1,2.32,,4
S95412059,黃頭鷺,Bubulcus ibis,7247,9,TW-TXG,,L3624542,台中--東勢林業文化園區(Taichung--Dongshi Forestry Culture Park),24.2442193,120.8344549,2021-10-01,10:08 AM,eBird - Traveling Count,78,1,2.32,,4
S95412059,黑冠麻鷺,Gorsachius melanolophus,7332,1,TW-TXG,,L3624542,台中--東勢林業文化園區(Taichung--Dongshi Forestry Culture Park),24.2442193,120.8344549,2021-10-01,10:08 AM,eBird - Traveling Count,78,1,2.32,,4
S95413140,東方蜂鷹,Pernis ptilorhynchus,7476,1,TW-TXG,,L16512148,"東勢區, 台中市, TW (24.225, 120.879)",24.2247974,120.8786124,2021-10-01,12:36 PM,eBird - Casual Observation,,0,,,4
S95412492,大冠鷲,Spilornis cheela,7554,1,TW-TXG,,L3624542,台中--東勢林業文化園區(Taichung--Dongshi Forestry Culture Park),24.2442193,120.8344549,2021-10-01,11:45 AM,eBird - Stationary Count,15,1,,,4
S95454975,林鵰,Ictinaetus malaiensis,7637,1,TW-TXG,,L1668212,台中大雪山IBA--鞍馬山莊(43K)(Dasyueshan IBA--Anmashan Lodge (43K)),24.2551921,121.0080309,2021-10-02,08:55 AM,eBird - Traveling Count,39,1,1.15,,4
S95412492,鳳頭蒼鷹,Accipiter trivirgatus,7742,1,TW-TXG,,L3624542,台中--東勢林業文化園區(Taichung--Dongshi Forestry Culture Park),24.2442193,120.8344549,2021-10-01,11:45 AM,eBird - Stationary Count,15,1,,,4
S95418641,黃嘴角鴞,Otus spilocephalus,8249,1,TW-TXG,,L1668212,台中大雪山IBA--鞍馬山莊(43K)(Dasyueshan IBA--Anmashan Lodge (43K)),24.2551921,121.0080309,2021-10-01,07:36 PM,eBird - Casual Observation,,0,,,4
S95412492,翠鳥,Alcedo atthis,9389,1,TW-TXG,,L3624542,台中--東勢林業文化園區(Taichung--Dongshi Forestry Culture Park),24.2442193,120.8344549,2021-10-01,11:45 AM,eBird - Stationary Count,15,1,,,4
S95449669,翠鳥,Alcedo atthis,9389,1,TW-TXG,,L1036980,台中大雪山IBA--橫流溪(15K)(Dasyueshan IBA--Hengliu Creek (15K)),24.2392182,120.9095398,2021-10-02,06:18 AM,eBird - Traveling Count,47,1,.78,,4
S95412059,五色鳥,Psilopogon nuchalis,10296,2,TW-TXG,,L3624542,台中--東勢林業文化園區(Taichung--Dongshi Forestry Culture Park),24.2442193,120.8344549,2021-10-01,10:08 AM,eBird - Traveling Count,78,1,2.32,,4
S95412059,小啄木,Yungipicus canicapillus,10743,1,TW-TXG,,L3624542,台中--東勢林業文化園區(Taichung--Dongshi Forestry Culture Park),24.2442193,120.8344549,2021-10-01,10:08 AM,eBird - Traveling Count,78,1,2.32,,4
S95452162,灰喉山椒鳥,Pericrocotus solaris,17875,5,TW-TXG,,L3776715,台中大雪山IBA--大雪山林道23K(Dasyueshan IBA--Dasyueshan Forest-Road 23K),24.2477056,120.934284,2021-10-02,07:30 AM,eBird - Traveling Count,36,1,2.29,,4
S95449669,灰喉山椒鳥,Pericrocotus solaris,17875,7,TW-TXG,,L1036980,台中大雪山IBA--橫流溪(15K)(Dasyueshan IBA--Hengliu Creek (15K)),24.2392182,120.9095398,2021-10-02,06:18 AM,eBird - Traveling Count,47,1,.78,,4
S95449669,綠畫眉,Erpornis zantholeuca,18318,1,TW-TXG,,L1036980,台中大雪山IBA--橫流溪(15K)(Dasyueshan IBA--Hengliu Creek (15K)),24.2392182,120.9095398,2021-10-02,06:18 AM,eBird - Traveling Count,47,1,.78,,4
S95412059,大卷尾,Dicrurus macrocercus,19657,1,TW-TXG,,L3624542,台中--東勢林業文化園區(Taichung--Dongshi Forestry Culture Park),24.2442193,120.8344549,2021-10-01,10:08 AM,eBird - Traveling Count,78,1,2.32,,4
S95412492,大卷尾,Dicrurus macrocercus,19657,1,TW-TXG,,L3624542,台中--東勢林業文化園區(Taichung--Dongshi Forestry Culture Park),24.2442193,120.8344549,2021-10-01,11:45 AM,eBird - Stationary Count,15,1,,,4
S95414933,黑枕藍鶲,Hypothymis azurea,19899,1,TW-TXG,,L2809040,台中大雪山IBA--出雲山農莊(13K)(Dasyueshan IBA--Chuyunshan Lodge (13K)),24.2269905,120.8942688,2021-10-01,01:01 PM,eBird - Traveling Count,61,1,5.28,,4
S95449669,黑枕藍鶲,Hypothymis azurea,19899,1,TW-TXG,,L1036980,台中大雪山IBA--橫流溪(15K)(Dasyueshan IBA--Hengliu Creek (15K)),24.2392182,120.9095398,2021-10-02,06:18 AM,eBird - Traveling Count,47,1,.78,,4
S95412492,紅尾伯勞,Lanius cristatus,20246,1,TW-TXG,,L3624542,台中--東勢林業文化園區(Taichung--Dongshi Forestry Culture Park),24.2442193,120.8344549,2021-10-01,11:45 AM,eBird - Stationary Count,15,1,,,4
S95412059,樹鵲,Dendrocitta formosae,20650,2,TW-TXG,,L3624542,台中--東勢林業文化園區(Taichung--Dongshi Forestry Culture Park),24.2442193,120.8344549,2021-10-01,10:08 AM,eBird - Traveling Count,78,1,2.32,,4
S95417173,星鴉,Nucifraga caryocatactes,20691,1,TW-TXG,,L2395343,台中大雪山IBA--小雪山莊(50K)(Dasyueshan IBA--Xiaoxueshan Lodge (50K)),24.2792643,121.0259056,2021-10-01,04:00 PM,eBird - Traveling Count,114,1,5.27,,4
S95455373,巨嘴鴉,Corvus macrorhynchos,20792,1,TW-TXG,,L1668212,台中大雪山IBA--鞍馬山莊(43K)(Dasyueshan IBA--Anmashan Lodge (43K)),24.2551921,121.0080309,2021-10-02,09:50 AM,eBird - Casual Observation,,0,,,1
S95417173,煤山雀,Periparus ater,21146,1,TW-TXG,,L2395343,台中大雪山IBA--小雪山莊(50K)(Dasyueshan IBA--Xiaoxueshan Lodge (50K)),24.2792643,121.0259056,2021-10-01,04:00 PM,eBird - Traveling Count,114,1,5.27,,4
S95414933,赤腹山雀,Sittiparus castaneoventris,21202,2,TW-TXG,,L2809040,台中大雪山IBA--出雲山農莊(13K)(Dasyueshan IBA--Chuyunshan Lodge (13K)),24.2269905,120.8942688,2021-10-01,01:01 PM,eBird - Traveling Count,61,1,5.28,,4
S95417173,青背山雀,Parus monticolus,21362,1,TW-TXG,,L2395343,台中大雪山IBA--小雪山莊(50K)(Dasyueshan IBA--Xiaoxueshan Lodge (50K)),24.2792643,121.0259056,2021-10-01,04:00 PM,eBird - Traveling Count,114,1,5.27,,4
S95449669,青背山雀,Parus monticolus,21362,8,TW-TXG,,L1036980,台中大雪山IBA--橫流溪(15K)(Dasyueshan IBA--Hengliu Creek (15K)),24.2392182,120.9095398,2021-10-02,06:18 AM,eBird - Traveling Count,47,1,.78,,4
S95452162,黃山雀,Machlolophus holsti,21411,1,TW-TXG,,L3776715,台中大雪山IBA--大雪山林道23K(Dasyueshan IBA--Dasyueshan Forest-Road 23K),24.2477056,120.934284,2021-10-02,07:30 AM,eBird - Traveling Count,36,1,2.29,,4
S95412492,洋燕,Hirundo tahitica,23319,2,TW-TXG,,L3624542,台中--東勢林業文化園區(Taichung--Dongshi Forestry Culture Park),24.2442193,120.8344549,2021-10-01,11:45 AM,eBird - Stationary Count,15,1,,,4
S95412492,赤腰燕,Cecropis striolata,23351,1,TW-TXG,,L3624542,台中--東勢林業文化園區(Taichung--Dongshi Forestry Culture Park),24.2442193,120.8344549,2021-10-01,11:45 AM,eBird - Stationary Count,15,1,,,4
S95413140,赤腰燕,Cecropis striolata,23351,6,TW-TXG,,L16512148,"東勢區, 台中市, TW (24.225, 120.879)",24.2247974,120.8786124,2021-10-01,12:36 PM,eBird - Casual Observation,,0,,,4
S95453084,東方毛腳燕,Delichon dasypus,23414,50,TW-TXG,,L3204811,台中大雪山IBA--收費站(35K)(Dasyueshan IBA--Ticket Booth (35K)),24.2441848,120.9752089,2021-10-02,08:26 AM,eBird - Traveling Count,8,1,2.19,,4
S95449669,白環鸚嘴鵯,Spizixos semitorques,23637,2,TW-TXG,,L1036980,台中大雪山IBA--橫流溪(15K)(Dasyueshan IBA--Hengliu Creek (15K)),24.2392182,120.9095398,2021-10-02,06:18 AM,eBird - Traveling Count,47,1,.78,,4
S95412059,白頭翁,Pycnonotus sinensis,23672,30,TW-TXG,,L3624542,台中--東勢林業文化園區(Taichung--Dongshi Forestry Culture Park),24.2442193,120.8344549,2021-10-01,10:08 AM,eBird - Traveling Count,78,1,2.32,,4
S95414933,棕面鶯,Abroscopus albogularis,24247,4,TW-TXG,,L2809040,台中大雪山IBA--出雲山農莊(13K)(Dasyueshan IBA--Chuyunshan Lodge (13K)),24.2269905,120.8942688,2021-10-01,01:01 PM,eBird - Traveling Count,61,1,5.28,,4
S95449669,棕面鶯,Abroscopus albogularis,24247,6,TW-TXG,,L1036980,台中大雪山IBA--橫流溪(15K)(Dasyueshan IBA--Hengliu Creek (15K)),24.2392182,120.9095398,2021-10-02,06:18 AM,eBird - Traveling Count,47,1,.78,,4
S95417173,深山鶯,Horornis acanthizoides,24304,2,TW-TXG,,L2395343,台中大雪山IBA--小雪山莊(50K)(Dasyueshan IBA--Xiaoxueshan Lodge (50K)),24.2792643,121.0259056,2021-10-01,04:00 PM,eBird - Traveling Count,114,1,5.27,,4
S95414933,冠羽畫眉,Yuhina brunneiceps,24643,21,TW-TXG,,L2809040,台中大雪山IBA--出雲山農莊(13K)(Dasyueshan IBA--Chuyunshan Lodge (13K)),24.2269905,120.8942688,2021-10-01,01:01 PM,eBird - Traveling Count,61,1,5.28,,4
S95417182,冠羽畫眉,Yuhina brunneiceps,24643,7,TW-TXG,,L2259760,台中大雪山IBA--大雪山林道15-35K(標示在27K附近)(Dasyueshan IBA--Dasyueshan Forest-Road 15-35K),24.2343705,120.9526885,2021-10-01,02:11 PM,eBird - Traveling Count,30,1,13.75,,4
S95452162,冠羽畫眉,Yuhina brunneiceps,24643,13,TW-TXG,,L3776715,台中大雪山IBA--大雪山林道23K(Dasyueshan IBA--Dasyueshan Forest-Road 23K),24.2477056,120.934284,2021-10-02,07:30 AM,eBird - Traveling Count,36,1,2.29,,4
S95417173,冠羽畫眉,Yuhina brunneiceps,24643,9,TW-TXG,,L2395343,台中大雪山IBA--小雪山莊(50K)(Dasyueshan IBA--Xiaoxueshan Lodge (50K)),24.2792643,121.0259056,2021-10-01,04:00 PM,eBird - Traveling Count,114,1,5.27,,4
S95449669,冠羽畫眉,Yuhina brunneiceps,24643,9,TW-TXG,,L1036980,台中大雪山IBA--橫流溪(15K)(Dasyueshan IBA--Hengliu Creek (15K)),24.2392182,120.9095398,2021-10-02,06:18 AM,eBird - Traveling Count,47,1,.78,,4
S95454975,冠羽畫眉,Yuhina brunneiceps,24643,8,TW-TXG,,L1668212,台中大雪山IBA--鞍馬山莊(43K)(Dasyueshan IBA--Anmashan Lodge (43K)),24.2551921,121.0080309,2021-10-02,08:55 AM,eBird - Traveling Count,39,1,1.15,,4
S95412059,斯氏繡眼,Zosterops simplex,24735,2,TW-TXG,,L3624542,台中--東勢林業文化園區(Taichung--Dongshi Forestry Culture Park),24.2442193,120.8344549,2021-10-01,10:08 AM,eBird - Traveling Count,78,1,2.32,,4
S95414933,山紅頭,Cyanoderma ruficeps,25080,2,TW-TXG,,L2809040,台中大雪山IBA--出雲山農莊(13K)(Dasyueshan IBA--Chuyunshan Lodge (13K)),24.2269905,120.8942688,2021-10-01,01:01 PM,eBird - Traveling Count,61,1,5.28,,4
S95449669,山紅頭,Cyanoderma ruficeps,25080,12,TW-TXG,,L1036980,台中大雪山IBA--橫流溪(15K)(Dasyueshan IBA--Hengliu Creek (15K)),24.2392182,120.9095398,2021-10-02,06:18 AM,eBird - Traveling Count,47,1,.78,,4
S95449669,小彎嘴,Pomatorhinus musicus,25143,4,TW-TXG,,L1036980,台中大雪山IBA--橫流溪(15K)(Dasyueshan IBA--Hengliu Creek (15K)),24.2392182,120.9095398,2021-10-02,06:18 AM,eBird - Traveling Count,47,1,.78,,4
S95414933,頭烏線,Schoeniparus brunneus,25299,1,TW-TXG,,L2809040,台中大雪山IBA--出雲山農莊(13K)(Dasyueshan IBA--Chuyunshan Lodge (13K)),24.2269905,120.8942688,2021-10-01,01:01 PM,eBird - Traveling Count,61,1,5.28,,4
S95449669,頭烏線,Schoeniparus brunneus,25299,1,TW-TXG,,L1036980,台中大雪山IBA--橫流溪(15K)(Dasyueshan IBA--Hengliu Creek (15K)),24.2392182,120.9095398,2021-10-02,06:18 AM,eBird - Traveling Count,47,1,.78,,4
S95414933,繡眼畫眉,Alcippe morrisonia,25509,11,TW-TXG,,L2809040,台中大雪山IBA--出雲山農莊(13K)(Dasyueshan IBA--Chuyunshan Lodge (13K)),24.2269905,120.8942688,2021-10-01,01:01 PM,eBird - Traveling Count,61,1,5.28,,4
S95449669,繡眼畫眉,Alcippe morrisonia,25509,11,TW-TXG,,L1036980,台中大雪山IBA--橫流溪(15K)(Dasyueshan IBA--Hengliu Creek (15K)),24.2392182,120.9095398,2021-10-02,06:18 AM,eBird - Traveling Count,47,1,.78,,4
S95417173,台灣噪眉,Trochalopteron morrisonianum,25557,5,TW-TXG,,L2395343,台中大雪山IBA--小雪山莊(50K)(Dasyueshan IBA--Xiaoxueshan Lodge (50K)),24.2792643,121.0259056,2021-10-01,04:00 PM,eBird - Traveling Count,114,1,5.27,,4
S95414933,白耳畫眉,Heterophasia auricularis,25599,12,TW-TXG,,L2809040,台中大雪山IBA--出雲山農莊(13K)(Dasyueshan IBA--Chuyunshan Lodge (13K)),24.2269905,120.8942688,2021-10-01,01:01 PM,eBird - Traveling Count,61,1,5.28,,4
S95417182,白耳畫眉,Heterophasia auricularis,25599,1,TW-TXG,,L2259760,台中大雪山IBA--大雪山林道15-35K(標示在27K附近)(Dasyueshan IBA--Dasyueshan Forest-Road 15-35K),24.2343705,120.9526885,2021-10-01,02:11 PM,eBird - Traveling Count,30,1,13.75,,4
S95452162,白耳畫眉,Heterophasia auricularis,25599,30,TW-TXG,,L3776715,台中大雪山IBA--大雪山林道23K(Dasyueshan IBA--Dasyueshan Forest-Road 23K),24.2477056,120.934284,2021-10-02,07:30 AM,eBird - Traveling Count,36,1,2.29,,4
S95452162,黃胸藪眉,Liocichla steerii,25695,2,TW-TXG,,L3776715,台中大雪山IBA--大雪山林道23K(Dasyueshan IBA--Dasyueshan Forest-Road 23K),24.2477056,120.934284,2021-10-02,07:30 AM,eBird - Traveling Count,36,1,2.29,,4
S95417173,火冠戴菊鳥,Regulus goodfellowi,25971,1,TW-TXG,,L2395343,台中大雪山IBA--小雪山莊(50K)(Dasyueshan IBA--Xiaoxueshan Lodge (50K)),24.2792643,121.0259056,2021-10-01,04:00 PM,eBird - Traveling Count,114,1,5.27,,4
S95449669,河烏,Cinclus pallasii,26747,1,TW-TXG,,L1036980,台中大雪山IBA--橫流溪(15K)(Dasyueshan IBA--Hengliu Creek (15K)),24.2392182,120.9095398,2021-10-02,06:18 AM,eBird - Traveling Count,47,1,.78,,4
S95412492,家八哥,Acridotheres tristis,26935,2,TW-TXG,,L3624542,台中--東勢林業文化園區(Taichung--Dongshi Forestry Culture Park),24.2442193,120.8344549,2021-10-01,11:45 AM,eBird - Stationary Count,15,1,,,4
S95412492,白尾八哥,Acridotheres javanicus,26952,5,TW-TXG,,L3624542,台中--東勢林業文化園區(Taichung--Dongshi Forestry Culture Park),24.2442193,120.8344549,2021-10-01,11:45 AM,eBird - Stationary Count,15,1,,,4
S95452162,白頭鶇,Turdus niveiceps,27710,1,TW-TXG,,L3776715,台中大雪山IBA--大雪山林道23K(Dasyueshan IBA--Dasyueshan Forest-Road 23K),24.2477056,120.934284,2021-10-02,07:30 AM,eBird - Traveling Count,36,1,2.29,,4
S95417182,台灣紫嘯鶇,Myophonus insularis,28441,1,TW-TXG,,L2259760,台中大雪山IBA--大雪山林道15-35K(標示在27K附近)(Dasyueshan IBA--Dasyueshan Forest-Road 15-35K),24.2343705,120.9526885,2021-10-01,02:11 PM,eBird - Traveling Count,30,1,13.75,,4
S95452162,白尾鴝,Myiomela leucura,28483,1,TW-TXG,,L3776715,台中大雪山IBA--大雪山林道23K(Dasyueshan IBA--Dasyueshan Forest-Road 23K),24.2477056,120.934284,2021-10-02,07:30 AM,eBird - Traveling Count,36,1,2.29,,4
S95417173,栗背林鴝,Tarsiger johnstoniae,28505,3,TW-TXG,,L2395343,台中大雪山IBA--小雪山莊(50K)(Dasyueshan IBA--Xiaoxueshan Lodge (50K)),24.2792643,121.0259056,2021-10-01,04:00 PM,eBird - Traveling Count,114,1,5.27,,4
S95417173,紅胸啄花,Dicaeum ignipectus,29077,1,TW-TXG,,L2395343,台中大雪山IBA--小雪山莊(50K)(Dasyueshan IBA--Xiaoxueshan Lodge (50K)),24.2792643,121.0259056,2021-10-01,04:00 PM,eBird - Traveling Count,114,1,5.27,,4
S95454975,紅胸啄花,Dicaeum ignipectus,29077,1,TW-TXG,,L1668212,台中大雪山IBA--鞍馬山莊(43K)(Dasyueshan IBA--Anmashan Lodge (43K)),24.2551921,121.0080309,2021-10-02,08:55 AM,eBird - Traveling Count,39,1,1.15,,4
S95412059,斑文鳥,Lonchura punctulata,30045,5,TW-TXG,,L3624542,台中--東勢林業文化園區(Taichung--Dongshi Forestry Culture Park),24.2442193,120.8344549,2021-10-01,10:08 AM,eBird - Traveling Count,78,1,2.32,,4
S95412492,白腰文鳥,Lonchura striata,30063,5,TW-TXG,,L3624542,台中--東勢林業文化園區(Taichung--Dongshi Forestry Culture Park),24.2442193,120.8344549,2021-10-01,11:45 AM,eBird - Stationary Count,15,1,,,4
S95412492,麻雀,Passer montanus,30560,10,TW-TXG,,L3624542,台中--東勢林業文化園區(Taichung--Dongshi Forestry Culture Park),24.2442193,120.8344549,2021-10-01,11:45 AM,eBird - Stationary Count,15,1,,,4
S95412492,灰鶺鴒,Motacilla cinerea,30633,1,TW-TXG,,L3624542,台中--東勢林業文化園區(Taichung--Dongshi Forestry Culture Park),24.2442193,120.8344549,2021-10-01,11:45 AM,eBird - Stationary Count,15,1,,,4
S95412059,白鶺鴒(白面),Motacilla alba leucopsis,30686,2,TW-TXG,,L3624542,台中--東勢林業文化園區(Taichung--Dongshi Forestry Culture Park),24.2442193,120.8344549,2021-10-01,10:08 AM,eBird - Traveling Count,78,1,2.32,,4
S95417173,台灣朱雀,Carpodacus formosanus,31123,1,TW-TXG,,L2395343,台中大雪山IBA--小雪山莊(50K)(Dasyueshan IBA--Xiaoxueshan Lodge (50K)),24.2792643,121.0259056,2021-10-01,04:00 PM,eBird - Traveling Count,114,1,5.27,,4
S95417173,灰鷽,Pyrrhula owstoni,31193,1,TW-TXG,,L2395343,台中大雪山IBA--小雪山莊(50K)(Dasyueshan IBA--Xiaoxueshan Lodge (50K)),24.2792643,121.0259056,2021-10-01,04:00 PM,eBird - Traveling Count,114,1,5.27,,4
