Submission ID,Common Name,Scientific Name,Taxonomic Order,Count,State/Province,County,Location ID,Location,Latitude,Longitude,Date,Time,Protocol,Duration (Min),All Obs Reported,Distance Traveled (km),Area Covered (ha),Number of Observers,Breeding Code,Observation Details,Checklist Comments,ML Catalog Numbers
S95455213,藍腹鷴,Lophura swinhoii,1424,1,TW-TXG,,L9128028,台中大雪山IBA--大雪山林道15-23K(標記在19K處)(Dasyueshan IBA--Dasyueshan Forest-Road 15-23K),24.2482832,120.9184968,2021-10-02,09:08 AM,eBird - Stationary Count,70,1,,,4
S95412952,野鴿(野化),Columba livia (Feral Pigeon),1842,4,TW-TXG,,L16512105,"670 東坑路, 東勢區, 台中市, TW (24.237, 120.854)",24.2365367,120.8542029,2021-10-01,11:43 AM,eBird - Traveling Count,39,1,.2,,4
S95412244,金背鳩,Streptopelia orientalis,1988,1,TW-TXG,,L3624542,台中--東勢林業文化園區(Taichung--Dongshi Forestry Culture Park),24.2442193,120.8344549,2021-10-01,10:08 AM,eBird - Traveling Count,89,1,.61,,4
S95412244,紅鳩,Streptopelia tranquebarica,2024,3,TW-TXG,,L3624542,台中--東勢林業文化園區(Taichung--Dongshi Forestry Culture Park),24.2442193,120.8344549,2021-10-01,10:08 AM,eBird - Traveling Count,89,1,.61,,4
S95412244,珠頸斑鳩,Streptopelia chinensis,2034,2,TW-TXG,,L3624542,台中--東勢林業文化園區(Taichung--Dongshi Forestry Culture Park),24.2442193,120.8344549,2021-10-01,10:08 AM,eBird - Traveling Count,89,1,.61,,4
S95412244,綠鳩,Treron sieboldii,2514,1,TW-TXG,,L3624542,台中--東勢林業文化園區(Taichung--Dongshi Forestry Culture Park),24.2442193,120.8344549,2021-10-01,10:08 AM,eBird - Traveling Count,89,1,.61,,4
S95455213,綠鳩,Treron sieboldii,2514,1,TW-TXG,,L9128028,台中大雪山IBA--大雪山林道15-23K(標記在19K處)(Dasyueshan IBA--Dasyueshan Forest-Road 15-23K),24.2482832,120.9184968,2021-10-02,09:08 AM,eBird - Stationary Count,70,1,,,4
S95412952,小雨燕,Apus nipalensis,4051,3,TW-TXG,,L16512105,"670 東坑路, 東勢區, 台中市, TW (24.237, 120.854)",24.2365367,120.8542029,2021-10-01,11:43 AM,eBird - Traveling Count,39,1,.2,,4
S95412244,小雨燕,Apus nipalensis,4051,1,TW-TXG,,L3624542,台中--東勢林業文化園區(Taichung--Dongshi Forestry Culture Park),24.2442193,120.8344549,2021-10-01,10:08 AM,eBird - Traveling Count,89,1,.61,,4
S95413409,小雨燕,Apus nipalensis,4051,3,TW-TXG,,L3866533,台中大雪山IBA--大雪山林道12K(Dasyueshan IBA--Dasyueshan Forest-Road 12K),24.2208817,120.8941362,2021-10-01,12:26 PM,eBird - Traveling Count,29,1,3.14,,4
S95412952,小白鷺,Egretta garzetta,7217,3,TW-TXG,,L16512105,"670 東坑路, 東勢區, 台中市, TW (24.237, 120.854)",24.2365367,120.8542029,2021-10-01,11:43 AM,eBird - Traveling Count,39,1,.2,,4
S95412244,小白鷺,Egretta garzetta,7217,10,TW-TXG,,L3624542,台中--東勢林業文化園區(Taichung--Dongshi Forestry Culture Park),24.2442193,120.8344549,2021-10-01,10:08 AM,eBird - Traveling Count,89,1,.61,,4
S95412244,黃頭鷺,Bubulcus ibis,7247,5,TW-TXG,,L3624542,台中--東勢林業文化園區(Taichung--Dongshi Forestry Culture Park),24.2442193,120.8344549,2021-10-01,10:08 AM,eBird - Traveling Count,89,1,.61,,4
S95412244,黑冠麻鷺,Gorsachius melanolophus,7332,1,TW-TXG,,L3624542,台中--東勢林業文化園區(Taichung--Dongshi Forestry Culture Park),24.2442193,120.8344549,2021-10-01,10:08 AM,eBird - Traveling Count,89,1,.61,,4
S95413409,東方蜂鷹,Pernis ptilorhynchus,7476,1,TW-TXG,,L3866533,台中大雪山IBA--大雪山林道12K(Dasyueshan IBA--Dasyueshan Forest-Road 12K),24.2208817,120.8941362,2021-10-01,12:26 PM,eBird - Traveling Count,29,1,3.14,,4
S95412952,大冠鷲,Spilornis cheela,7554,1,TW-TXG,,L16512105,"670 東坑路, 東勢區, 台中市, TW (24.237, 120.854)",24.2365367,120.8542029,2021-10-01,11:43 AM,eBird - Traveling Count,39,1,.2,,4
S95413409,大冠鷲,Spilornis cheela,7554,1,TW-TXG,,L3866533,台中大雪山IBA--大雪山林道12K(Dasyueshan IBA--Dasyueshan Forest-Road 12K),24.2208817,120.8941362,2021-10-01,12:26 PM,eBird - Traveling Count,29,1,3.14,,4
S95412244,鳳頭蒼鷹,Accipiter trivirgatus,7742,1,TW-TXG,,L3624542,台中--東勢林業文化園區(Taichung--Dongshi Forestry Culture Park),24.2442193,120.8344549,2021-10-01,10:08 AM,eBird - Traveling Count,89,1,.61,,4
S95427708,黃嘴角鴞,Otus spilocephalus,8249,5,TW-TXG,,L4305412,台中大雪山IBA--大雪山林道35-43K(Dasyueshan IBA--Dasyueshan Forest-Road 35-43K),24.2623617,120.9944969,2021-10-01,08:43 PM,eBird - Traveling Count,89,1,1.27,,4
S95412244,五色鳥,Psilopogon nuchalis,10296,5,TW-TXG,,L3624542,台中--東勢林業文化園區(Taichung--Dongshi Forestry Culture Park),24.2442193,120.8344549,2021-10-01,10:08 AM,eBird - Traveling Count,89,1,.61,,4
S95415552,五色鳥,Psilopogon nuchalis,10296,1,TW-TXG,,L9128028,台中大雪山IBA--大雪山林道15-23K(標記在19K處)(Dasyueshan IBA--Dasyueshan Forest-Road 15-23K),24.2482832,120.9184968,2021-10-01,01:21 PM,eBird - Traveling Count,71,1,1.04,,4
S95412244,小啄木,Yungipicus canicapillus,10743,1,TW-TXG,,L3624542,台中--東勢林業文化園區(Taichung--Dongshi Forestry Culture Park),24.2442193,120.8344549,2021-10-01,10:08 AM,eBird - Traveling Count,89,1,.61,,4
S95415552,綠啄木,Picus canus,11132,1,TW-TXG,,L9128028,台中大雪山IBA--大雪山林道15-23K(標記在19K處)(Dasyueshan IBA--Dasyueshan Forest-Road 15-23K),24.2482832,120.9184968,2021-10-01,01:21 PM,eBird - Traveling Count,71,1,1.04,,4
S95415552,灰喉山椒鳥,Pericrocotus solaris,17875,1,TW-TXG,,L9128028,台中大雪山IBA--大雪山林道15-23K(標記在19K處)(Dasyueshan IBA--Dasyueshan Forest-Road 15-23K),24.2482832,120.9184968,2021-10-01,01:21 PM,eBird - Traveling Count,71,1,1.04,,4
S95412952,大卷尾,Dicrurus macrocercus,19657,1,TW-TXG,,L16512105,"670 東坑路, 東勢區, 台中市, TW (24.237, 120.854)",24.2365367,120.8542029,2021-10-01,11:43 AM,eBird - Traveling Count,39,1,.2,,4
S95412244,大卷尾,Dicrurus macrocercus,19657,2,TW-TXG,,L3624542,台中--東勢林業文化園區(Taichung--Dongshi Forestry Culture Park),24.2442193,120.8344549,2021-10-01,10:08 AM,eBird - Traveling Count,89,1,.61,,4
S95412244,黑枕藍鶲,Hypothymis azurea,19899,1,TW-TXG,,L3624542,台中--東勢林業文化園區(Taichung--Dongshi Forestry Culture Park),24.2442193,120.8344549,2021-10-01,10:08 AM,eBird - Traveling Count,89,1,.61,,4
S95415552,黑枕藍鶲,Hypothymis azurea,19899,1,TW-TXG,,L9128028,台中大雪山IBA--大雪山林道15-23K(標記在19K處)(Dasyueshan IBA--Dasyueshan Forest-Road 15-23K),24.2482832,120.9184968,2021-10-01,01:21 PM,eBird - Traveling Count,71,1,1.04,,4
S95412952,紅尾伯勞,Lanius cristatus,20246,1,TW-TXG,,L16512105,"670 東坑路, 東勢區, 台中市, TW (24.237, 120.854)",24.2365367,120.8542029,2021-10-01,11:43 AM,eBird - Traveling Count,39,1,.2,,4
S95412244,紅尾伯勞,Lanius cristatus,20246,1,TW-TXG,,L3624542,台中--東勢林業文化園區(Taichung--Dongshi Forestry Culture Park),24.2442193,120.8344549,2021-10-01,10:08 AM,eBird - Traveling Count,89,1,.61,,4
S95412244,樹鵲,Dendrocitta formosae,20650,7,TW-TXG,,L3624542,台中--東勢林業文化園區(Taichung--Dongshi Forestry Culture Park),24.2442193,120.8344549,2021-10-01,10:08 AM,eBird - Traveling Count,89,1,.61,,4
S95412244,喜鵲,Pica serica,20672,1,TW-TXG,,L3624542,台中--東勢林業文化園區(Taichung--Dongshi Forestry Culture Park),24.2442193,120.8344549,2021-10-01,10:08 AM,eBird - Traveling Count,89,1,.61,,4
S95454047,星鴉,Nucifraga caryocatactes,20691,2,TW-TXG,,L2395343,台中大雪山IBA--小雪山莊(50K)(Dasyueshan IBA--Xiaoxueshan Lodge (50K)),24.2792643,121.0259056,2021-10-02,08:55 AM,eBird - Traveling Count,163,1,7.,,4
S95417733,星鴉,Nucifraga caryocatactes,20691,1,TW-TXG,,L1668212,台中大雪山IBA--鞍馬山莊(43K)(Dasyueshan IBA--Anmashan Lodge (43K)),24.2551921,121.0080309,2021-10-01,03:57 PM,eBird - Traveling Count,160,1,.07,,4
S95417733,巨嘴鴉,Corvus macrorhynchos,20792,1,TW-TXG,,L1668212,台中大雪山IBA--鞍馬山莊(43K)(Dasyueshan IBA--Anmashan Lodge (43K)),24.2551921,121.0080309,2021-10-01,03:57 PM,eBird - Traveling Count,160,1,.07,,4
S95417733,煤山雀,Periparus ater,21146,4,TW-TXG,,L1668212,台中大雪山IBA--鞍馬山莊(43K)(Dasyueshan IBA--Anmashan Lodge (43K)),24.2551921,121.0080309,2021-10-01,03:57 PM,eBird - Traveling Count,160,1,.07,,4
S95417733,青背山雀,Parus monticolus,21362,2,TW-TXG,,L1668212,台中大雪山IBA--鞍馬山莊(43K)(Dasyueshan IBA--Anmashan Lodge (43K)),24.2551921,121.0080309,2021-10-01,03:57 PM,eBird - Traveling Count,160,1,.07,,4
S95412244,灰頭鷦鶯,Prinia flaviventris,22428,2,TW-TXG,,L3624542,台中--東勢林業文化園區(Taichung--Dongshi Forestry Culture Park),24.2442193,120.8344549,2021-10-01,10:08 AM,eBird - Traveling Count,89,1,.61,,4
S95417733,台灣叢樹鶯,Locustella alishanensis,22990,4,TW-TXG,,L1668212,台中大雪山IBA--鞍馬山莊(43K)(Dasyueshan IBA--Anmashan Lodge (43K)),24.2551921,121.0080309,2021-10-01,03:57 PM,eBird - Traveling Count,160,1,.07,,4
S95454047,台灣鷦眉,Pnoepyga formosana,23138,3,TW-TXG,,L2395343,台中大雪山IBA--小雪山莊(50K)(Dasyueshan IBA--Xiaoxueshan Lodge (50K)),24.2792643,121.0259056,2021-10-02,08:55 AM,eBird - Traveling Count,163,1,7.,,4
S95412952,家燕,Hirundo rustica,23291,1,TW-TXG,,L16512105,"670 東坑路, 東勢區, 台中市, TW (24.237, 120.854)",24.2365367,120.8542029,2021-10-01,11:43 AM,eBird - Traveling Count,39,1,.2,,4
S95412952,洋燕,Hirundo tahitica,23319,2,TW-TXG,,L16512105,"670 東坑路, 東勢區, 台中市, TW (24.237, 120.854)",24.2365367,120.8542029,2021-10-01,11:43 AM,eBird - Traveling Count,39,1,.2,,4
S95413409,東方毛腳燕,Delichon dasypus,23414,5,TW-TXG,,L3866533,台中大雪山IBA--大雪山林道12K(Dasyueshan IBA--Dasyueshan Forest-Road 12K),24.2208817,120.8941362,2021-10-01,12:26 PM,eBird - Traveling Count,29,1,3.14,,4
S95413409,白環鸚嘴鵯,Spizixos semitorques,23637,1,TW-TXG,,L3866533,台中大雪山IBA--大雪山林道12K(Dasyueshan IBA--Dasyueshan Forest-Road 12K),24.2208817,120.8941362,2021-10-01,12:26 PM,eBird - Traveling Count,29,1,3.14,,4
S95415552,白環鸚嘴鵯,Spizixos semitorques,23637,5,TW-TXG,,L9128028,台中大雪山IBA--大雪山林道15-23K(標記在19K處)(Dasyueshan IBA--Dasyueshan Forest-Road 15-23K),24.2482832,120.9184968,2021-10-01,01:21 PM,eBird - Traveling Count,71,1,1.04,,4
S95412244,白頭翁,Pycnonotus sinensis,23672,20,TW-TXG,,L3624542,台中--東勢林業文化園區(Taichung--Dongshi Forestry Culture Park),24.2442193,120.8344549,2021-10-01,10:08 AM,eBird - Traveling Count,89,1,.61,,4
S95412244,紅嘴黑鵯,Hypsipetes leucocephalus,23854,7,TW-TXG,,L3624542,台中--東勢林業文化園區(Taichung--Dongshi Forestry Culture Park),24.2442193,120.8344549,2021-10-01,10:08 AM,eBird - Traveling Count,89,1,.61,,4
S95415552,棕面鶯,Abroscopus albogularis,24247,5,TW-TXG,,L9128028,台中大雪山IBA--大雪山林道15-23K(標記在19K處)(Dasyueshan IBA--Dasyueshan Forest-Road 15-23K),24.2482832,120.9184968,2021-10-01,01:21 PM,eBird - Traveling Count,71,1,1.04,,4
S95417733,小鶯(台灣),Horornis fortipes robustipes,24302,1,TW-TXG,,L1668212,台中大雪山IBA--鞍馬山莊(43K)(Dasyueshan IBA--Anmashan Lodge (43K)),24.2551921,121.0080309,2021-10-01,03:57 PM,eBird - Traveling Count,160,1,.07,,4
S95417733,深山鶯,Horornis acanthizoides,24304,1,TW-TXG,,L1668212,台中大雪山IBA--鞍馬山莊(43K)(Dasyueshan IBA--Anmashan Lodge (43K)),24.2551921,121.0080309,2021-10-01,03:57 PM,eBird - Traveling Count,160,1,.07,,4
S95417733,紅頭山雀,Aegithalos concinnus,24356,30,TW-TXG,,L1668212,台中大雪山IBA--鞍馬山莊(43K)(Dasyueshan IBA--Anmashan Lodge (43K)),24.2551921,121.0080309,2021-10-01,03:57 PM,eBird - Traveling Count,160,1,.07,,4
S95454047,褐頭花翼,Fulvetta formosana,24544,2,TW-TXG,,L2395343,台中大雪山IBA--小雪山莊(50K)(Dasyueshan IBA--Xiaoxueshan Lodge (50K)),24.2792643,121.0259056,2021-10-02,08:55 AM,eBird - Traveling Count,163,1,7.,,4
S95417733,褐頭花翼,Fulvetta formosana,24544,1,TW-TXG,,L1668212,台中大雪山IBA--鞍馬山莊(43K)(Dasyueshan IBA--Anmashan Lodge (43K)),24.2551921,121.0080309,2021-10-01,03:57 PM,eBird - Traveling Count,160,1,.07,,4
S95415552,冠羽畫眉,Yuhina brunneiceps,24643,10,TW-TXG,,L9128028,台中大雪山IBA--大雪山林道15-23K(標記在19K處)(Dasyueshan IBA--Dasyueshan Forest-Road 15-23K),24.2482832,120.9184968,2021-10-01,01:21 PM,eBird - Traveling Count,71,1,1.04,,4
S95412244,斯氏繡眼,Zosterops simplex,24735,11,TW-TXG,,L3624542,台中--東勢林業文化園區(Taichung--Dongshi Forestry Culture Park),24.2442193,120.8344549,2021-10-01,10:08 AM,eBird - Traveling Count,89,1,.61,,4
S95412952,山紅頭,Cyanoderma ruficeps,25080,1,TW-TXG,,L16512105,"670 東坑路, 東勢區, 台中市, TW (24.237, 120.854)",24.2365367,120.8542029,2021-10-01,11:43 AM,eBird - Traveling Count,39,1,.2,,4
S95417733,山紅頭,Cyanoderma ruficeps,25080,1,TW-TXG,,L1668212,台中大雪山IBA--鞍馬山莊(43K)(Dasyueshan IBA--Anmashan Lodge (43K)),24.2551921,121.0080309,2021-10-01,03:57 PM,eBird - Traveling Count,160,1,.07,,4
S95413409,小彎嘴,Pomatorhinus musicus,25143,1,TW-TXG,,L3866533,台中大雪山IBA--大雪山林道12K(Dasyueshan IBA--Dasyueshan Forest-Road 12K),24.2208817,120.8941362,2021-10-01,12:26 PM,eBird - Traveling Count,29,1,3.14,,4
S95415552,頭烏線,Schoeniparus brunneus,25299,1,TW-TXG,,L9128028,台中大雪山IBA--大雪山林道15-23K(標記在19K處)(Dasyueshan IBA--Dasyueshan Forest-Road 15-23K),24.2482832,120.9184968,2021-10-01,01:21 PM,eBird - Traveling Count,71,1,1.04,,4
S95415552,繡眼畫眉,Alcippe morrisonia,25509,5,TW-TXG,,L9128028,台中大雪山IBA--大雪山林道15-23K(標記在19K處)(Dasyueshan IBA--Dasyueshan Forest-Road 15-23K),24.2482832,120.9184968,2021-10-01,01:21 PM,eBird - Traveling Count,71,1,1.04,,4
S95417733,台灣噪眉,Trochalopteron morrisonianum,25557,2,TW-TXG,,L1668212,台中大雪山IBA--鞍馬山莊(43K)(Dasyueshan IBA--Anmashan Lodge (43K)),24.2551921,121.0080309,2021-10-01,03:57 PM,eBird - Traveling Count,160,1,.07,,4
S95415552,白耳畫眉,Heterophasia auricularis,25599,5,TW-TXG,,L9128028,台中大雪山IBA--大雪山林道15-23K(標記在19K處)(Dasyueshan IBA--Dasyueshan Forest-Road 15-23K),24.2482832,120.9184968,2021-10-01,01:21 PM,eBird - Traveling Count,71,1,1.04,,4
S95455213,白耳畫眉,Heterophasia auricularis,25599,10,TW-TXG,,L9128028,台中大雪山IBA--大雪山林道15-23K(標記在19K處)(Dasyueshan IBA--Dasyueshan Forest-Road 15-23K),24.2482832,120.9184968,2021-10-02,09:08 AM,eBird - Stationary Count,70,1,,,4
S95417733,紋翼畫眉,Actinodura morrisoniana,25622,6,TW-TXG,,L1668212,台中大雪山IBA--鞍馬山莊(43K)(Dasyueshan IBA--Anmashan Lodge (43K)),24.2551921,121.0080309,2021-10-01,03:57 PM,eBird - Traveling Count,160,1,.07,,4
S95415552,黃胸藪眉,Liocichla steerii,25695,1,TW-TXG,,L9128028,台中大雪山IBA--大雪山林道15-23K(標記在19K處)(Dasyueshan IBA--Dasyueshan Forest-Road 15-23K),24.2482832,120.9184968,2021-10-01,01:21 PM,eBird - Traveling Count,71,1,1.04,,4
S95417733,黃胸藪眉,Liocichla steerii,25695,3,TW-TXG,,L1668212,台中大雪山IBA--鞍馬山莊(43K)(Dasyueshan IBA--Anmashan Lodge (43K)),24.2551921,121.0080309,2021-10-01,03:57 PM,eBird - Traveling Count,160,1,.07,,4
S95417733,火冠戴菊鳥,Regulus goodfellowi,25971,1,TW-TXG,,L1668212,台中大雪山IBA--鞍馬山莊(43K)(Dasyueshan IBA--Anmashan Lodge (43K)),24.2551921,121.0080309,2021-10-01,03:57 PM,eBird - Traveling Count,160,1,.07,,4
S95412244,家八哥,Acridotheres tristis,26935,1,TW-TXG,,L3624542,台中--東勢林業文化園區(Taichung--Dongshi Forestry Culture Park),24.2442193,120.8344549,2021-10-01,10:08 AM,eBird - Traveling Count,89,1,.61,,4
S95412244,白尾八哥,Acridotheres javanicus,26952,7,TW-TXG,,L3624542,台中--東勢林業文化園區(Taichung--Dongshi Forestry Culture Park),24.2442193,120.8344549,2021-10-01,10:08 AM,eBird - Traveling Count,89,1,.61,,4
S95413409,紅尾鶲,Muscicapa ferruginea,27815,1,TW-TXG,,L3866533,台中大雪山IBA--大雪山林道12K(Dasyueshan IBA--Dasyueshan Forest-Road 12K),24.2208817,120.8941362,2021-10-01,12:26 PM,eBird - Traveling Count,29,1,3.14,,4
S95454047,紅尾鶲,Muscicapa ferruginea,27815,2,TW-TXG,,L2395343,台中大雪山IBA--小雪山莊(50K)(Dasyueshan IBA--Xiaoxueshan Lodge (50K)),24.2792643,121.0259056,2021-10-02,08:55 AM,eBird - Traveling Count,163,1,7.,,4
S95412244,白腰鵲鴝,Copsychus malabaricus,28031,2,TW-TXG,,L3624542,台中--東勢林業文化園區(Taichung--Dongshi Forestry Culture Park),24.2442193,120.8344549,2021-10-01,10:08 AM,eBird - Traveling Count,89,1,.61,,4
S95455213,黃腹琉璃,Niltava vivida,28184,1,TW-TXG,,L9128028,台中大雪山IBA--大雪山林道15-23K(標記在19K處)(Dasyueshan IBA--Dasyueshan Forest-Road 15-23K),24.2482832,120.9184968,2021-10-02,09:08 AM,eBird - Stationary Count,70,1,,,4
S95454047,黃腹琉璃,Niltava vivida,28184,1,TW-TXG,,L2395343,台中大雪山IBA--小雪山莊(50K)(Dasyueshan IBA--Xiaoxueshan Lodge (50K)),24.2792643,121.0259056,2021-10-02,08:55 AM,eBird - Traveling Count,163,1,7.,,4
S95415552,台灣紫嘯鶇,Myophonus insularis,28441,1,TW-TXG,,L9128028,台中大雪山IBA--大雪山林道15-23K(標記在19K處)(Dasyueshan IBA--Dasyueshan Forest-Road 15-23K),24.2482832,120.9184968,2021-10-01,01:21 PM,eBird - Traveling Count,71,1,1.04,,4
S95454047,白尾鴝,Myiomela leucura,28483,1,TW-TXG,,L2395343,台中大雪山IBA--小雪山莊(50K)(Dasyueshan IBA--Xiaoxueshan Lodge (50K)),24.2792643,121.0259056,2021-10-02,08:55 AM,eBird - Traveling Count,163,1,7.,,4
S95417733,栗背林鴝,Tarsiger johnstoniae,28505,1,TW-TXG,,L1668212,台中大雪山IBA--鞍馬山莊(43K)(Dasyueshan IBA--Anmashan Lodge (43K)),24.2551921,121.0080309,2021-10-01,03:57 PM,eBird - Traveling Count,160,1,.07,,4
S95415552,鉛色水鶇,Phoenicurus fuliginosus,28606,1,TW-TXG,,L9128028,台中大雪山IBA--大雪山林道15-23K(標記在19K處)(Dasyueshan IBA--Dasyueshan Forest-Road 15-23K),24.2482832,120.9184968,2021-10-01,01:21 PM,eBird - Traveling Count,71,1,1.04,,4
S95412244,黃尾鴝,Phoenicurus auroreus,28635,1,TW-TXG,,L3624542,台中--東勢林業文化園區(Taichung--Dongshi Forestry Culture Park),24.2442193,120.8344549,2021-10-01,10:08 AM,eBird - Traveling Count,89,1,.61,,4
S95417733,紅胸啄花,Dicaeum ignipectus,29077,1,TW-TXG,,L1668212,台中大雪山IBA--鞍馬山莊(43K)(Dasyueshan IBA--Anmashan Lodge (43K)),24.2551921,121.0080309,2021-10-01,03:57 PM,eBird - Traveling Count,160,1,.07,,4
S95412952,斑文鳥,Lonchura punctulata,30045,2,TW-TXG,,L16512105,"670 東坑路, 東勢區, 台中市, TW (24.237, 120.854)",24.2365367,120.8542029,2021-10-01,11:43 AM,eBird - Traveling Count,39,1,.2,,4
S95412952,白腰文鳥,Lonchura striata,30063,12,TW-TXG,,L16512105,"670 東坑路, 東勢區, 台中市, TW (24.237, 120.854)",24.2365367,120.8542029,2021-10-01,11:43 AM,eBird - Traveling Count,39,1,.2,,4
S95412244,麻雀,Passer montanus,30560,6,TW-TXG,,L3624542,台中--東勢林業文化園區(Taichung--Dongshi Forestry Culture Park),24.2442193,120.8344549,2021-10-01,10:08 AM,eBird - Traveling Count,89,1,.61,,4
S95412244,灰鶺鴒,Motacilla cinerea,30633,1,TW-TXG,,L3624542,台中--東勢林業文化園區(Taichung--Dongshi Forestry Culture Park),24.2442193,120.8344549,2021-10-01,10:08 AM,eBird - Traveling Count,89,1,.61,,4
S95412952,東方黃鶺鴒,Motacilla tschutschensis,30655,1,TW-TXG,,L16512105,"670 東坑路, 東勢區, 台中市, TW (24.237, 120.854)",24.2365367,120.8542029,2021-10-01,11:43 AM,eBird - Traveling Count,39,1,.2,,4
S95412244,白鶺鴒,Motacilla alba,30675,1,TW-TXG,,L3624542,台中--東勢林業文化園區(Taichung--Dongshi Forestry Culture Park),24.2442193,120.8344549,2021-10-01,10:08 AM,eBird - Traveling Count,89,1,.61,,4
S95454047,台灣朱雀,Carpodacus formosanus,31123,2,TW-TXG,,L2395343,台中大雪山IBA--小雪山莊(50K)(Dasyueshan IBA--Xiaoxueshan Lodge (50K)),24.2792643,121.0259056,2021-10-02,08:55 AM,eBird - Traveling Count,163,1,7.,,4
S95454047,灰鷽,Pyrrhula owstoni,31193,9,TW-TXG,,L2395343,台中大雪山IBA--小雪山莊(50K)(Dasyueshan IBA--Xiaoxueshan Lodge (50K)),24.2792643,121.0259056,2021-10-02,08:55 AM,eBird - Traveling Count,163,1,7.,,4
S95417733,灰鷽,Pyrrhula owstoni,31193,1,TW-TXG,,L1668212,台中大雪山IBA--鞍馬山莊(43K)(Dasyueshan IBA--Anmashan Lodge (43K)),24.2551921,121.0080309,2021-10-01,03:57 PM,eBird - Traveling Count,160,1,.07,,4
