Submission ID,Common Name,Scientific Name,Taxonomic Order,Count,State/Province,County,Location ID,Location,Latitude,Longitude,Date,Time,Protocol,Duration (Min),All Obs Reported,Distance Traveled (km),Area Covered (ha),Number of Observers,Breeding Code,Observation Details,Checklist Comments,ML Catalog Numbers
S95454127,疣鼻棲鴨(薑母鴨)(馴化),Cairina moschata (Domestic type),399,1,TW-TXG,,L2818746,Taichung-Dasyueshan 200 Trail-5K~0K,24.2395102,120.8632672,2021-10-01,05:30 PM,eBird - Traveling Count,21,1,4.607,,4
S95454155,台灣山鷓鴣,Arborophila crudigularis,1119,6,TW-TXG,,L9128028,台中大雪山IBA--大雪山林道15-23K(標記在19K處)(Dasyueshan IBA--Dasyueshan Forest-Road 15-23K),24.2482832,120.9184968,2021-10-02,05:39 AM,eBird - Traveling Count,33,1,5.425,,4
S95454183,台灣山鷓鴣,Arborophila crudigularis,1119,1,TW-TXG,,L5612524,台中大雪山IBA--大雪山林道23-35K(標示在29K附近)(Dasyueshan IBA--Dasyueshan Forest-Road 23-35K),24.2345395,120.9654145,2021-10-02,06:21 AM,eBird - Traveling Count,37,1,6.993,,4
S95454520,黑長尾雉,Syrmaticus mikado,1368,3,TW-TXG,,L2395343,台中大雪山IBA--小雪山莊(50K)(Dasyueshan IBA--Xiaoxueshan Lodge (50K)),24.2792643,121.0259056,2021-10-02,08:50 AM,eBird - Traveling Count,32,1,.782,,4
S95454049,藍腹鷴,Lophura swinhoii,1424,1,TW-TXG,,L2626987,台中大雪山IBA--大雪山林道23.5K(Dasyueshan IBA--Dasyueshan Forest-Road 23.5K),24.2464709,120.9355546,2021-10-01,02:21 PM,eBird - Stationary Count,12,1,,,4
S95454060,藍腹鷴,Lophura swinhoii,1424,4,TW-TXG,,L2626987,台中大雪山IBA--大雪山林道23.5K(Dasyueshan IBA--Dasyueshan Forest-Road 23.5K),24.2464709,120.9355546,2021-10-01,03:01 PM,eBird - Traveling Count,15,1,.29,,4,,One male and two females
S95454127,台灣竹雞,Bambusicola sonorivox,1520,1,TW-TXG,,L2818746,Taichung-Dasyueshan 200 Trail-5K~0K,24.2395102,120.8632672,2021-10-01,05:30 PM,eBird - Traveling Count,21,1,4.607,,4
S95454111,金背鳩,Streptopelia orientalis,1988,2,TW-TXG,,L2160485,Taichung-Dasyueshan 200 Trail-11K,24.220378,120.887137,2021-10-01,04:42 PM,eBird - Traveling Count,13,1,1.073,,4
S95454023,金背鳩,Streptopelia orientalis,1988,2,TW-TXG,,L2809040,台中大雪山IBA--出雲山農莊(13K)(Dasyueshan IBA--Chuyunshan Lodge (13K)),24.2269905,120.8942688,2021-10-01,12:59 PM,eBird - Traveling Count,13,1,1.043,,4
S95454097,金背鳩,Streptopelia orientalis,1988,3,TW-TXG,,L2809040,台中大雪山IBA--出雲山農莊(13K)(Dasyueshan IBA--Chuyunshan Lodge (13K)),24.2269905,120.8942688,2021-10-01,04:11 PM,eBird - Traveling Count,28,1,.964,,4
S95416943,金背鳩,Streptopelia orientalis,1988,1,TW-TXG,,L2259477,台中大雪山IBA--大雪山林道0-15K(標示在9K附近)(Dasyueshan IBA--Dasyueshan Forest-Road 0-15K),24.2151999,120.8839345,2021-10-01,05:05 PM,eBird - Traveling Count,24,1,4.679,,4
S95453982,金背鳩,Streptopelia orientalis,1988,1,TW-TXG,,L3987481,台中大雪山IBA--大雪山林道0-15K(標記於9K處)(Dasyueshan IBA--Dasyueshan Forest-Road 0-15K),24.2152,120.88393,2021-10-01,10:49 AM,eBird - Traveling Count,91,1,12.474,,4
S95453982,紅鳩,Streptopelia tranquebarica,2024,3,TW-TXG,,L3987481,台中大雪山IBA--大雪山林道0-15K(標記於9K處)(Dasyueshan IBA--Dasyueshan Forest-Road 0-15K),24.2152,120.88393,2021-10-01,10:49 AM,eBird - Traveling Count,91,1,12.474,,4
S95453974,紅鳩,Streptopelia tranquebarica,2024,3,TW-TXG,,L5109115,東勢福泰橋,24.247848,120.833695,2021-10-01,10:36 AM,eBird - Stationary Count,7,1,,,4
S95454097,珠頸斑鳩,Streptopelia chinensis,2034,1,TW-TXG,,L2809040,台中大雪山IBA--出雲山農莊(13K)(Dasyueshan IBA--Chuyunshan Lodge (13K)),24.2269905,120.8942688,2021-10-01,04:11 PM,eBird - Traveling Count,28,1,.964,,4
S95453982,珠頸斑鳩,Streptopelia chinensis,2034,2,TW-TXG,,L3987481,台中大雪山IBA--大雪山林道0-15K(標記於9K處)(Dasyueshan IBA--Dasyueshan Forest-Road 0-15K),24.2152,120.88393,2021-10-01,10:49 AM,eBird - Traveling Count,91,1,12.474,,4
S95454083,珠頸斑鳩,Streptopelia chinensis,2034,1,TW-TXG,,L1036980,台中大雪山IBA--橫流溪(15K)(Dasyueshan IBA--Hengliu Creek (15K)),24.2392182,120.9095398,2021-10-01,03:44 PM,eBird - Traveling Count,22,1,1.373,,4
S95454041,綠鳩,Treron sieboldii,2514,3,TW-TXG,,L9128028,台中大雪山IBA--大雪山林道15-23K(標記在19K處)(Dasyueshan IBA--Dasyueshan Forest-Road 15-23K),24.2482832,120.9184968,2021-10-01,01:37 PM,eBird - Traveling Count,46,1,5.509,,4
S95454219,灰喉針尾雨燕,Hirundapus cochinchinensis,3831,1,TW-TXG,,L4305412,台中大雪山IBA--大雪山林道35-43K(Dasyueshan IBA--Dasyueshan Forest-Road 35-43K),24.2623617,120.9944969,2021-10-02,07:42 AM,eBird - Traveling Count,30,1,5.43,,4
S95454219,叉尾雨燕,Apus pacificus,4034,1,TW-TXG,,L4305412,台中大雪山IBA--大雪山林道35-43K(Dasyueshan IBA--Dasyueshan Forest-Road 35-43K),24.2623617,120.9944969,2021-10-02,07:42 AM,eBird - Traveling Count,30,1,5.43,,4
S95454127,小雨燕,Apus nipalensis,4051,2,TW-TXG,,L2818746,Taichung-Dasyueshan 200 Trail-5K~0K,24.2395102,120.8632672,2021-10-01,05:30 PM,eBird - Traveling Count,21,1,4.607,,4
S95454097,小雨燕,Apus nipalensis,4051,2,TW-TXG,,L2809040,台中大雪山IBA--出雲山農莊(13K)(Dasyueshan IBA--Chuyunshan Lodge (13K)),24.2269905,120.8942688,2021-10-01,04:11 PM,eBird - Traveling Count,28,1,.964,,4
S95453982,小雨燕,Apus nipalensis,4051,15,TW-TXG,,L3987481,台中大雪山IBA--大雪山林道0-15K(標記於9K處)(Dasyueshan IBA--Dasyueshan Forest-Road 0-15K),24.2152,120.88393,2021-10-01,10:49 AM,eBird - Traveling Count,91,1,12.474,,4
S95454155,小雨燕,Apus nipalensis,4051,20,TW-TXG,,L9128028,台中大雪山IBA--大雪山林道15-23K(標記在19K處)(Dasyueshan IBA--Dasyueshan Forest-Road 15-23K),24.2482832,120.9184968,2021-10-02,05:39 AM,eBird - Traveling Count,33,1,5.425,,4
S95454219,小雨燕,Apus nipalensis,4051,25,TW-TXG,,L4305412,台中大雪山IBA--大雪山林道35-43K(Dasyueshan IBA--Dasyueshan Forest-Road 35-43K),24.2623617,120.9944969,2021-10-02,07:42 AM,eBird - Traveling Count,30,1,5.43,,4
S95454233,小雨燕,Apus nipalensis,4051,3,TW-TXG,,L2259782,台中大雪山IBA--大雪山林道35-50K(Dasyueshan IBA--Dasyueshan Forest-Road 35-50K),24.258706,121.0091239,2021-10-02,08:15 AM,eBird - Traveling Count,41,1,6.295,,4
S95454033,小雨燕,Apus nipalensis,4051,2,TW-TXG,,L1036980,台中大雪山IBA--橫流溪(15K)(Dasyueshan IBA--Hengliu Creek (15K)),24.2392182,120.9095398,2021-10-01,01:15 PM,eBird - Traveling Count,16,1,.707,,4
S95454127,小環頸鴴,Charadrius dubius,5775,1,TW-TXG,,L2818746,Taichung-Dasyueshan 200 Trail-5K~0K,24.2395102,120.8632672,2021-10-01,05:30 PM,eBird - Traveling Count,21,1,4.607,,4
S95453974,小環頸鴴,Charadrius dubius,5775,1,TW-TXG,,L5109115,東勢福泰橋,24.247848,120.833695,2021-10-01,10:36 AM,eBird - Stationary Count,7,1,,,4
S95423551,小環頸鴴,Charadrius dubius,5775,1,TW-TXG,,L5109115,東勢福泰橋,24.247848,120.833695,2021-10-01,05:52 PM,eBird - Traveling Count,10,1,.281,,4
S95453982,磯鷸,Actitis hypoleucos,6025,2,TW-TXG,,L3987481,台中大雪山IBA--大雪山林道0-15K(標記於9K處)(Dasyueshan IBA--Dasyueshan Forest-Road 0-15K),24.2152,120.88393,2021-10-01,10:49 AM,eBird - Traveling Count,91,1,12.474,,4
S95454127,白腰草鷸,Tringa ochropus,6028,1,TW-TXG,,L2818746,Taichung-Dasyueshan 200 Trail-5K~0K,24.2395102,120.8632672,2021-10-01,05:30 PM,eBird - Traveling Count,21,1,4.607,,4
S95453974,白腰草鷸,Tringa ochropus,6028,1,TW-TXG,,L5109115,東勢福泰橋,24.247848,120.833695,2021-10-01,10:36 AM,eBird - Stationary Count,7,1,,,4
S95454127,小白鷺,Egretta garzetta,7217,6,TW-TXG,,L2818746,Taichung-Dasyueshan 200 Trail-5K~0K,24.2395102,120.8632672,2021-10-01,05:30 PM,eBird - Traveling Count,21,1,4.607,,4
S95453982,小白鷺,Egretta garzetta,7217,1,TW-TXG,,L3987481,台中大雪山IBA--大雪山林道0-15K(標記於9K處)(Dasyueshan IBA--Dasyueshan Forest-Road 0-15K),24.2152,120.88393,2021-10-01,10:49 AM,eBird - Traveling Count,91,1,12.474,,4
S95453974,小白鷺,Egretta garzetta,7217,1,TW-TXG,,L5109115,東勢福泰橋,24.247848,120.833695,2021-10-01,10:36 AM,eBird - Stationary Count,7,1,,,4
S95423551,小白鷺,Egretta garzetta,7217,5,TW-TXG,,L5109115,東勢福泰橋,24.247848,120.833695,2021-10-01,05:52 PM,eBird - Traveling Count,10,1,.281,,4
S95453951,黃頭鷺,Bubulcus ibis,7247,1,TW-TXG,,L3624542,台中--東勢林業文化園區(Taichung--Dongshi Forestry Culture Park),24.2442193,120.8344549,2021-10-01,10:09 AM,eBird - Traveling Count,18,1,.549,,4
S95453974,黃頭鷺,Bubulcus ibis,7247,1,TW-TXG,,L5109115,東勢福泰橋,24.247848,120.833695,2021-10-01,10:36 AM,eBird - Stationary Count,7,1,,,4
S95454127,綠簑鷺,Butorides striata,7267,1,TW-TXG,,L2818746,Taichung-Dasyueshan 200 Trail-5K~0K,24.2395102,120.8632672,2021-10-01,05:30 PM,eBird - Traveling Count,21,1,4.607,,4
S95454127,夜鷺,Nycticorax nycticorax,7305,1,TW-TXG,,L2818746,Taichung-Dasyueshan 200 Trail-5K~0K,24.2395102,120.8632672,2021-10-01,05:30 PM,eBird - Traveling Count,21,1,4.607,,4
S95453982,夜鷺,Nycticorax nycticorax,7305,1,TW-TXG,,L3987481,台中大雪山IBA--大雪山林道0-15K(標記於9K處)(Dasyueshan IBA--Dasyueshan Forest-Road 0-15K),24.2152,120.88393,2021-10-01,10:49 AM,eBird - Traveling Count,91,1,12.474,,4
S95423551,夜鷺,Nycticorax nycticorax,7305,6,TW-TXG,,L5109115,東勢福泰橋,24.247848,120.833695,2021-10-01,05:52 PM,eBird - Traveling Count,10,1,.281,,4
S95453951,黑冠麻鷺,Gorsachius melanolophus,7332,1,TW-TXG,,L3624542,台中--東勢林業文化園區(Taichung--Dongshi Forestry Culture Park),24.2442193,120.8344549,2021-10-01,10:09 AM,eBird - Traveling Count,18,1,.549,,4
S95453982,東方蜂鷹,Pernis ptilorhynchus,7476,2,TW-TXG,,L3987481,台中大雪山IBA--大雪山林道0-15K(標記於9K處)(Dasyueshan IBA--Dasyueshan Forest-Road 0-15K),24.2152,120.88393,2021-10-01,10:49 AM,eBird - Traveling Count,91,1,12.474,,4
S95454233,東方蜂鷹,Pernis ptilorhynchus,7476,1,TW-TXG,,L2259782,台中大雪山IBA--大雪山林道35-50K(Dasyueshan IBA--Dasyueshan Forest-Road 35-50K),24.258706,121.0091239,2021-10-02,08:15 AM,eBird - Traveling Count,41,1,6.295,,4
S95453982,大冠鷲,Spilornis cheela,7554,3,TW-TXG,,L3987481,台中大雪山IBA--大雪山林道0-15K(標記於9K處)(Dasyueshan IBA--Dasyueshan Forest-Road 0-15K),24.2152,120.88393,2021-10-01,10:49 AM,eBird - Traveling Count,91,1,12.474,,4
S95454041,大冠鷲,Spilornis cheela,7554,1,TW-TXG,,L9128028,台中大雪山IBA--大雪山林道15-23K(標記在19K處)(Dasyueshan IBA--Dasyueshan Forest-Road 15-23K),24.2482832,120.9184968,2021-10-01,01:37 PM,eBird - Traveling Count,46,1,5.509,,4
S95454023,林鵰,Ictinaetus malaiensis,7637,2,TW-TXG,,L2809040,台中大雪山IBA--出雲山農莊(13K)(Dasyueshan IBA--Chuyunshan Lodge (13K)),24.2269905,120.8942688,2021-10-01,12:59 PM,eBird - Traveling Count,13,1,1.043,,4
S95453951,鳳頭蒼鷹,Accipiter trivirgatus,7742,1,TW-TXG,,L3624542,台中--東勢林業文化園區(Taichung--Dongshi Forestry Culture Park),24.2442193,120.8344549,2021-10-01,10:09 AM,eBird - Traveling Count,18,1,.549,,4
S95454233,鳳頭蒼鷹,Accipiter trivirgatus,7742,2,TW-TXG,,L2259782,台中大雪山IBA--大雪山林道35-50K(Dasyueshan IBA--Dasyueshan Forest-Road 35-50K),24.258706,121.0091239,2021-10-02,08:15 AM,eBird - Traveling Count,41,1,6.295,,4
S95454137,黃嘴角鴞,Otus spilocephalus,8249,3,TW-TXG,,L3987481,台中大雪山IBA--大雪山林道0-15K(標記於9K處)(Dasyueshan IBA--Dasyueshan Forest-Road 0-15K),24.2152,120.88393,2021-10-01,07:33 PM,eBird - Traveling Count,46,1,5.747,,4,,Heard only
S95454127,翠鳥,Alcedo atthis,9389,1,TW-TXG,,L2818746,Taichung-Dasyueshan 200 Trail-5K~0K,24.2395102,120.8632672,2021-10-01,05:30 PM,eBird - Traveling Count,21,1,4.607,,4
S95453982,翠鳥,Alcedo atthis,9389,1,TW-TXG,,L3987481,台中大雪山IBA--大雪山林道0-15K(標記於9K處)(Dasyueshan IBA--Dasyueshan Forest-Road 0-15K),24.2152,120.88393,2021-10-01,10:49 AM,eBird - Traveling Count,91,1,12.474,,4
S95454003,翠鳥,Alcedo atthis,9389,1,TW-TXG,,L1036980,台中大雪山IBA--橫流溪(15K)(Dasyueshan IBA--Hengliu Creek (15K)),24.2392182,120.9095398,2021-10-01,12:26 PM,eBird - Traveling Count,21,1,1.151,,4
S95454023,佛法僧,Eurystomus orientalis,9901,1,TW-TXG,,L2809040,台中大雪山IBA--出雲山農莊(13K)(Dasyueshan IBA--Chuyunshan Lodge (13K)),24.2269905,120.8942688,2021-10-01,12:59 PM,eBird - Traveling Count,13,1,1.043,,4
S95454097,佛法僧,Eurystomus orientalis,9901,1,TW-TXG,,L2809040,台中大雪山IBA--出雲山農莊(13K)(Dasyueshan IBA--Chuyunshan Lodge (13K)),24.2269905,120.8942688,2021-10-01,04:11 PM,eBird - Traveling Count,28,1,.964,,4
S95454111,五色鳥,Psilopogon nuchalis,10296,1,TW-TXG,,L2160485,Taichung-Dasyueshan 200 Trail-11K,24.220378,120.887137,2021-10-01,04:42 PM,eBird - Traveling Count,13,1,1.073,,4
S95416943,五色鳥,Psilopogon nuchalis,10296,2,TW-TXG,,L2259477,台中大雪山IBA--大雪山林道0-15K(標示在9K附近)(Dasyueshan IBA--Dasyueshan Forest-Road 0-15K),24.2151999,120.8839345,2021-10-01,05:05 PM,eBird - Traveling Count,24,1,4.679,,4
S95453982,五色鳥,Psilopogon nuchalis,10296,2,TW-TXG,,L3987481,台中大雪山IBA--大雪山林道0-15K(標記於9K處)(Dasyueshan IBA--Dasyueshan Forest-Road 0-15K),24.2152,120.88393,2021-10-01,10:49 AM,eBird - Traveling Count,91,1,12.474,,4
S95454193,五色鳥,Psilopogon nuchalis,10296,1,TW-TXG,,L3866551,台中大雪山IBA--大雪山林道31-32.5K(Dasyueshan IBA--Dasyueshan Forest-Road 31-32.5K),24.2281803,120.9778619,2021-10-02,06:59 AM,eBird - Traveling Count,30,1,2.914,,4
S95453974,五色鳥,Psilopogon nuchalis,10296,1,TW-TXG,,L5109115,東勢福泰橋,24.247848,120.833695,2021-10-01,10:36 AM,eBird - Stationary Count,7,1,,,4
S95454193,大赤啄木,Dendrocopos leucotos,10830,1,TW-TXG,,L3866551,台中大雪山IBA--大雪山林道31-32.5K(Dasyueshan IBA--Dasyueshan Forest-Road 31-32.5K),24.2281803,120.9778619,2021-10-02,06:59 AM,eBird - Traveling Count,30,1,2.914,,4
S95454041,灰喉山椒鳥,Pericrocotus solaris,17875,1,TW-TXG,,L9128028,台中大雪山IBA--大雪山林道15-23K(標記在19K處)(Dasyueshan IBA--Dasyueshan Forest-Road 15-23K),24.2482832,120.9184968,2021-10-01,01:37 PM,eBird - Traveling Count,46,1,5.509,,4
S95454127,大卷尾,Dicrurus macrocercus,19657,10,TW-TXG,,L2818746,Taichung-Dasyueshan 200 Trail-5K~0K,24.2395102,120.8632672,2021-10-01,05:30 PM,eBird - Traveling Count,21,1,4.607,,4
S95416943,大卷尾,Dicrurus macrocercus,19657,2,TW-TXG,,L2259477,台中大雪山IBA--大雪山林道0-15K(標示在9K附近)(Dasyueshan IBA--Dasyueshan Forest-Road 0-15K),24.2151999,120.8839345,2021-10-01,05:05 PM,eBird - Traveling Count,24,1,4.679,,4
S95453982,大卷尾,Dicrurus macrocercus,19657,6,TW-TXG,,L3987481,台中大雪山IBA--大雪山林道0-15K(標記於9K處)(Dasyueshan IBA--Dasyueshan Forest-Road 0-15K),24.2152,120.88393,2021-10-01,10:49 AM,eBird - Traveling Count,91,1,12.474,,4
S95453974,大卷尾,Dicrurus macrocercus,19657,1,TW-TXG,,L5109115,東勢福泰橋,24.247848,120.833695,2021-10-01,10:36 AM,eBird - Stationary Count,7,1,,,4
S95454118,小卷尾,Dicrurus aeneus,19691,2,TW-TXG,,L1827563,Taichung-Dasyueshan 200 Trail-10K,24.217509,120.889534,2021-10-01,04:56 PM,eBird - Traveling Count,8,1,1.447,,4
S95416943,小卷尾,Dicrurus aeneus,19691,4,TW-TXG,,L2259477,台中大雪山IBA--大雪山林道0-15K(標示在9K附近)(Dasyueshan IBA--Dasyueshan Forest-Road 0-15K),24.2151999,120.8839345,2021-10-01,05:05 PM,eBird - Traveling Count,24,1,4.679,,4
S95453951,黑枕藍鶲,Hypothymis azurea,19899,2,TW-TXG,,L3624542,台中--東勢林業文化園區(Taichung--Dongshi Forestry Culture Park),24.2442193,120.8344549,2021-10-01,10:09 AM,eBird - Traveling Count,18,1,.549,,4
S95454041,黑枕藍鶲,Hypothymis azurea,19899,2,TW-TXG,,L9128028,台中大雪山IBA--大雪山林道15-23K(標記在19K處)(Dasyueshan IBA--Dasyueshan Forest-Road 15-23K),24.2482832,120.9184968,2021-10-01,01:37 PM,eBird - Traveling Count,46,1,5.509,,4
S95454127,紅尾伯勞,Lanius cristatus,20246,2,TW-TXG,,L2818746,Taichung-Dasyueshan 200 Trail-5K~0K,24.2395102,120.8632672,2021-10-01,05:30 PM,eBird - Traveling Count,21,1,4.607,,4
S95416943,紅尾伯勞,Lanius cristatus,20246,1,TW-TXG,,L2259477,台中大雪山IBA--大雪山林道0-15K(標示在9K附近)(Dasyueshan IBA--Dasyueshan Forest-Road 0-15K),24.2151999,120.8839345,2021-10-01,05:05 PM,eBird - Traveling Count,24,1,4.679,,4
S95453982,紅尾伯勞,Lanius cristatus,20246,1,TW-TXG,,L3987481,台中大雪山IBA--大雪山林道0-15K(標記於9K處)(Dasyueshan IBA--Dasyueshan Forest-Road 0-15K),24.2152,120.88393,2021-10-01,10:49 AM,eBird - Traveling Count,91,1,12.474,,4
S95423551,紅尾伯勞,Lanius cristatus,20246,2,TW-TXG,,L5109115,東勢福泰橋,24.247848,120.833695,2021-10-01,05:52 PM,eBird - Traveling Count,10,1,.281,,4
S95454193,松鴉,Garrulus glandarius,20545,2,TW-TXG,,L3866551,台中大雪山IBA--大雪山林道31-32.5K(Dasyueshan IBA--Dasyueshan Forest-Road 31-32.5K),24.2281803,120.9778619,2021-10-02,06:59 AM,eBird - Traveling Count,30,1,2.914,,4
S95453951,樹鵲,Dendrocitta formosae,20650,1,TW-TXG,,L3624542,台中--東勢林業文化園區(Taichung--Dongshi Forestry Culture Park),24.2442193,120.8344549,2021-10-01,10:09 AM,eBird - Traveling Count,18,1,.549,,4
S95454023,樹鵲,Dendrocitta formosae,20650,2,TW-TXG,,L2809040,台中大雪山IBA--出雲山農莊(13K)(Dasyueshan IBA--Chuyunshan Lodge (13K)),24.2269905,120.8942688,2021-10-01,12:59 PM,eBird - Traveling Count,13,1,1.043,,4
S95454097,樹鵲,Dendrocitta formosae,20650,2,TW-TXG,,L2809040,台中大雪山IBA--出雲山農莊(13K)(Dasyueshan IBA--Chuyunshan Lodge (13K)),24.2269905,120.8942688,2021-10-01,04:11 PM,eBird - Traveling Count,28,1,.964,,4
S95416943,樹鵲,Dendrocitta formosae,20650,3,TW-TXG,,L2259477,台中大雪山IBA--大雪山林道0-15K(標示在9K附近)(Dasyueshan IBA--Dasyueshan Forest-Road 0-15K),24.2151999,120.8839345,2021-10-01,05:05 PM,eBird - Traveling Count,24,1,4.679,,4
S95453982,樹鵲,Dendrocitta formosae,20650,1,TW-TXG,,L3987481,台中大雪山IBA--大雪山林道0-15K(標記於9K處)(Dasyueshan IBA--Dasyueshan Forest-Road 0-15K),24.2152,120.88393,2021-10-01,10:49 AM,eBird - Traveling Count,91,1,12.474,,4
S95454183,星鴉,Nucifraga caryocatactes,20691,1,TW-TXG,,L5612524,台中大雪山IBA--大雪山林道23-35K(標示在29K附近)(Dasyueshan IBA--Dasyueshan Forest-Road 23-35K),24.2345395,120.9654145,2021-10-02,06:21 AM,eBird - Traveling Count,37,1,6.993,,4
S95454233,巨嘴鴉,Corvus macrorhynchos,20792,1,TW-TXG,,L2259782,台中大雪山IBA--大雪山林道35-50K(Dasyueshan IBA--Dasyueshan Forest-Road 35-50K),24.258706,121.0091239,2021-10-02,08:15 AM,eBird - Traveling Count,41,1,6.295,,4
S95455634,巨嘴鴉,Corvus macrorhynchos,20792,2,TW-TXG,,L1668212,台中大雪山IBA--鞍馬山莊(43K)(Dasyueshan IBA--Anmashan Lodge (43K)),24.2551921,121.0080309,2021-10-02,09:43 AM,eBird - Traveling Count,16,1,1.008,,4
S95454233,煤山雀,Periparus ater,21146,6,TW-TXG,,L2259782,台中大雪山IBA--大雪山林道35-50K(Dasyueshan IBA--Dasyueshan Forest-Road 35-50K),24.258706,121.0091239,2021-10-02,08:15 AM,eBird - Traveling Count,41,1,6.295,,4
S95455194,煤山雀,Periparus ater,21146,2,TW-TXG,,L4084192,台中大雪山IBA--大雪山林道43-50K(Dasyueshan IBA--Dasyueshan Forest-Road 43-50K),24.2653828,121.0173655,2021-10-02,09:26 AM,eBird - Traveling Count,17,1,6.247,,4
S95454155,青背山雀,Parus monticolus,21362,3,TW-TXG,,L9128028,台中大雪山IBA--大雪山林道15-23K(標記在19K處)(Dasyueshan IBA--Dasyueshan Forest-Road 15-23K),24.2482832,120.9184968,2021-10-02,05:39 AM,eBird - Traveling Count,33,1,5.425,,4
S95454183,青背山雀,Parus monticolus,21362,2,TW-TXG,,L5612524,台中大雪山IBA--大雪山林道23-35K(標示在29K附近)(Dasyueshan IBA--Dasyueshan Forest-Road 23-35K),24.2345395,120.9654145,2021-10-02,06:21 AM,eBird - Traveling Count,37,1,6.993,,4
S95454193,青背山雀,Parus monticolus,21362,4,TW-TXG,,L3866551,台中大雪山IBA--大雪山林道31-32.5K(Dasyueshan IBA--Dasyueshan Forest-Road 31-32.5K),24.2281803,120.9778619,2021-10-02,06:59 AM,eBird - Traveling Count,30,1,2.914,,4
S95454219,青背山雀,Parus monticolus,21362,1,TW-TXG,,L4305412,台中大雪山IBA--大雪山林道35-43K(Dasyueshan IBA--Dasyueshan Forest-Road 35-43K),24.2623617,120.9944969,2021-10-02,07:42 AM,eBird - Traveling Count,30,1,5.43,,4
S95454155,黃山雀,Machlolophus holsti,21411,1,TW-TXG,,L9128028,台中大雪山IBA--大雪山林道15-23K(標記在19K處)(Dasyueshan IBA--Dasyueshan Forest-Road 15-23K),24.2482832,120.9184968,2021-10-02,05:39 AM,eBird - Traveling Count,33,1,5.425,,4
S95454193,黃山雀,Machlolophus holsti,21411,2,TW-TXG,,L3866551,台中大雪山IBA--大雪山林道31-32.5K(Dasyueshan IBA--Dasyueshan Forest-Road 31-32.5K),24.2281803,120.9778619,2021-10-02,06:59 AM,eBird - Traveling Count,30,1,2.914,,4
S95416943,斑紋鷦鶯,Prinia striata,22371,1,TW-TXG,,L2259477,台中大雪山IBA--大雪山林道0-15K(標示在9K附近)(Dasyueshan IBA--Dasyueshan Forest-Road 0-15K),24.2151999,120.8839345,2021-10-01,05:05 PM,eBird - Traveling Count,24,1,4.679,,4
S95454127,灰頭鷦鶯,Prinia flaviventris,22428,1,TW-TXG,,L2818746,Taichung-Dasyueshan 200 Trail-5K~0K,24.2395102,120.8632672,2021-10-01,05:30 PM,eBird - Traveling Count,21,1,4.607,,4
S95453982,褐頭鷦鶯,Prinia inornata,22454,2,TW-TXG,,L3987481,台中大雪山IBA--大雪山林道0-15K(標記於9K處)(Dasyueshan IBA--Dasyueshan Forest-Road 0-15K),24.2152,120.88393,2021-10-01,10:49 AM,eBird - Traveling Count,91,1,12.474,,4
S95423551,褐頭鷦鶯,Prinia inornata,22454,1,TW-TXG,,L5109115,東勢福泰橋,24.247848,120.833695,2021-10-01,05:52 PM,eBird - Traveling Count,10,1,.281,,4
S95454183,台灣鷦眉,Pnoepyga formosana,23138,2,TW-TXG,,L5612524,台中大雪山IBA--大雪山林道23-35K(標示在29K附近)(Dasyueshan IBA--Dasyueshan Forest-Road 23-35K),24.2345395,120.9654145,2021-10-02,06:21 AM,eBird - Traveling Count,37,1,6.993,,4
S95454520,台灣鷦眉,Pnoepyga formosana,23138,1,TW-TXG,,L2395343,台中大雪山IBA--小雪山莊(50K)(Dasyueshan IBA--Xiaoxueshan Lodge (50K)),24.2792643,121.0259056,2021-10-02,08:50 AM,eBird - Traveling Count,32,1,.782,,4
S95453982,棕沙燕,Riparia chinensis,23238,3,TW-TXG,,L3987481,台中大雪山IBA--大雪山林道0-15K(標記於9K處)(Dasyueshan IBA--Dasyueshan Forest-Road 0-15K),24.2152,120.88393,2021-10-01,10:49 AM,eBird - Traveling Count,91,1,12.474,,4
S95454127,家燕,Hirundo rustica,23291,1,TW-TXG,,L2818746,Taichung-Dasyueshan 200 Trail-5K~0K,24.2395102,120.8632672,2021-10-01,05:30 PM,eBird - Traveling Count,21,1,4.607,,4
S95454127,洋燕,Hirundo tahitica,23319,2,TW-TXG,,L2818746,Taichung-Dasyueshan 200 Trail-5K~0K,24.2395102,120.8632672,2021-10-01,05:30 PM,eBird - Traveling Count,21,1,4.607,,4
S95454097,洋燕,Hirundo tahitica,23319,4,TW-TXG,,L2809040,台中大雪山IBA--出雲山農莊(13K)(Dasyueshan IBA--Chuyunshan Lodge (13K)),24.2269905,120.8942688,2021-10-01,04:11 PM,eBird - Traveling Count,28,1,.964,,4
S95416943,洋燕,Hirundo tahitica,23319,8,TW-TXG,,L2259477,台中大雪山IBA--大雪山林道0-15K(標示在9K附近)(Dasyueshan IBA--Dasyueshan Forest-Road 0-15K),24.2151999,120.8839345,2021-10-01,05:05 PM,eBird - Traveling Count,24,1,4.679,,4
S95453982,洋燕,Hirundo tahitica,23319,9,TW-TXG,,L3987481,台中大雪山IBA--大雪山林道0-15K(標記於9K處)(Dasyueshan IBA--Dasyueshan Forest-Road 0-15K),24.2152,120.88393,2021-10-01,10:49 AM,eBird - Traveling Count,91,1,12.474,,4
S95454023,赤腰燕,Cecropis striolata,23351,3,TW-TXG,,L2809040,台中大雪山IBA--出雲山農莊(13K)(Dasyueshan IBA--Chuyunshan Lodge (13K)),24.2269905,120.8942688,2021-10-01,12:59 PM,eBird - Traveling Count,13,1,1.043,,4
S95453982,赤腰燕,Cecropis striolata,23351,5,TW-TXG,,L3987481,台中大雪山IBA--大雪山林道0-15K(標記於9K處)(Dasyueshan IBA--Dasyueshan Forest-Road 0-15K),24.2152,120.88393,2021-10-01,10:49 AM,eBird - Traveling Count,91,1,12.474,,4
S95454193,東方毛腳燕,Delichon dasypus,23414,200,TW-TXG,,L3866551,台中大雪山IBA--大雪山林道31-32.5K(Dasyueshan IBA--Dasyueshan Forest-Road 31-32.5K),24.2281803,120.9778619,2021-10-02,06:59 AM,eBird - Traveling Count,30,1,2.914,,4
S95454219,東方毛腳燕,Delichon dasypus,23414,5,TW-TXG,,L4305412,台中大雪山IBA--大雪山林道35-43K(Dasyueshan IBA--Dasyueshan Forest-Road 35-43K),24.2623617,120.9944969,2021-10-02,07:42 AM,eBird - Traveling Count,30,1,5.43,,4
S95454111,白環鸚嘴鵯,Spizixos semitorques,23637,1,TW-TXG,,L2160485,Taichung-Dasyueshan 200 Trail-11K,24.220378,120.887137,2021-10-01,04:42 PM,eBird - Traveling Count,13,1,1.073,,4
S95416943,白環鸚嘴鵯,Spizixos semitorques,23637,1,TW-TXG,,L2259477,台中大雪山IBA--大雪山林道0-15K(標示在9K附近)(Dasyueshan IBA--Dasyueshan Forest-Road 0-15K),24.2151999,120.8839345,2021-10-01,05:05 PM,eBird - Traveling Count,24,1,4.679,,4
S95453951,白頭翁,Pycnonotus sinensis,23672,4,TW-TXG,,L3624542,台中--東勢林業文化園區(Taichung--Dongshi Forestry Culture Park),24.2442193,120.8344549,2021-10-01,10:09 AM,eBird - Traveling Count,18,1,.549,,4
S95416943,白頭翁,Pycnonotus sinensis,23672,2,TW-TXG,,L2259477,台中大雪山IBA--大雪山林道0-15K(標示在9K附近)(Dasyueshan IBA--Dasyueshan Forest-Road 0-15K),24.2151999,120.8839345,2021-10-01,05:05 PM,eBird - Traveling Count,24,1,4.679,,4
S95453982,白頭翁,Pycnonotus sinensis,23672,4,TW-TXG,,L3987481,台中大雪山IBA--大雪山林道0-15K(標記於9K處)(Dasyueshan IBA--Dasyueshan Forest-Road 0-15K),24.2152,120.88393,2021-10-01,10:49 AM,eBird - Traveling Count,91,1,12.474,,4
S95454118,紅嘴黑鵯,Hypsipetes leucocephalus,23854,1,TW-TXG,,L1827563,Taichung-Dasyueshan 200 Trail-10K,24.217509,120.889534,2021-10-01,04:56 PM,eBird - Traveling Count,8,1,1.447,,4
S95416943,紅嘴黑鵯,Hypsipetes leucocephalus,23854,8,TW-TXG,,L2259477,台中大雪山IBA--大雪山林道0-15K(標示在9K附近)(Dasyueshan IBA--Dasyueshan Forest-Road 0-15K),24.2151999,120.8839345,2021-10-01,05:05 PM,eBird - Traveling Count,24,1,4.679,,4
S95453982,紅嘴黑鵯,Hypsipetes leucocephalus,23854,1,TW-TXG,,L3987481,台中大雪山IBA--大雪山林道0-15K(標記於9K處)(Dasyueshan IBA--Dasyueshan Forest-Road 0-15K),24.2152,120.88393,2021-10-01,10:49 AM,eBird - Traveling Count,91,1,12.474,,4
S95453982,棕面鶯,Abroscopus albogularis,24247,1,TW-TXG,,L3987481,台中大雪山IBA--大雪山林道0-15K(標記於9K處)(Dasyueshan IBA--Dasyueshan Forest-Road 0-15K),24.2152,120.88393,2021-10-01,10:49 AM,eBird - Traveling Count,91,1,12.474,,4
S95454041,棕面鶯,Abroscopus albogularis,24247,6,TW-TXG,,L9128028,台中大雪山IBA--大雪山林道15-23K(標記在19K處)(Dasyueshan IBA--Dasyueshan Forest-Road 15-23K),24.2482832,120.9184968,2021-10-01,01:37 PM,eBird - Traveling Count,46,1,5.509,,4
S95454155,棕面鶯,Abroscopus albogularis,24247,1,TW-TXG,,L9128028,台中大雪山IBA--大雪山林道15-23K(標記在19K處)(Dasyueshan IBA--Dasyueshan Forest-Road 15-23K),24.2482832,120.9184968,2021-10-02,05:39 AM,eBird - Traveling Count,33,1,5.425,,4
S95454183,棕面鶯,Abroscopus albogularis,24247,3,TW-TXG,,L5612524,台中大雪山IBA--大雪山林道23-35K(標示在29K附近)(Dasyueshan IBA--Dasyueshan Forest-Road 23-35K),24.2345395,120.9654145,2021-10-02,06:21 AM,eBird - Traveling Count,37,1,6.993,,4
S95454041,紅頭山雀,Aegithalos concinnus,24356,2,TW-TXG,,L9128028,台中大雪山IBA--大雪山林道15-23K(標記在19K處)(Dasyueshan IBA--Dasyueshan Forest-Road 15-23K),24.2482832,120.9184968,2021-10-01,01:37 PM,eBird - Traveling Count,46,1,5.509,,4
S95454183,紅頭山雀,Aegithalos concinnus,24356,15,TW-TXG,,L5612524,台中大雪山IBA--大雪山林道23-35K(標示在29K附近)(Dasyueshan IBA--Dasyueshan Forest-Road 23-35K),24.2345395,120.9654145,2021-10-02,06:21 AM,eBird - Traveling Count,37,1,6.993,,4
S95454193,紅頭山雀,Aegithalos concinnus,24356,5,TW-TXG,,L3866551,台中大雪山IBA--大雪山林道31-32.5K(Dasyueshan IBA--Dasyueshan Forest-Road 31-32.5K),24.2281803,120.9778619,2021-10-02,06:59 AM,eBird - Traveling Count,30,1,2.914,,4
S95454219,紅頭山雀,Aegithalos concinnus,24356,10,TW-TXG,,L4305412,台中大雪山IBA--大雪山林道35-43K(Dasyueshan IBA--Dasyueshan Forest-Road 35-43K),24.2623617,120.9944969,2021-10-02,07:42 AM,eBird - Traveling Count,30,1,5.43,,4
S95454233,紅頭山雀,Aegithalos concinnus,24356,15,TW-TXG,,L2259782,台中大雪山IBA--大雪山林道35-50K(Dasyueshan IBA--Dasyueshan Forest-Road 35-50K),24.258706,121.0091239,2021-10-02,08:15 AM,eBird - Traveling Count,41,1,6.295,,4
S95454520,褐頭花翼,Fulvetta formosana,24544,3,TW-TXG,,L2395343,台中大雪山IBA--小雪山莊(50K)(Dasyueshan IBA--Xiaoxueshan Lodge (50K)),24.2792643,121.0259056,2021-10-02,08:50 AM,eBird - Traveling Count,32,1,.782,,4
S95416943,粉紅鸚嘴,Sinosuthora webbiana,24617,5,TW-TXG,,L2259477,台中大雪山IBA--大雪山林道0-15K(標示在9K附近)(Dasyueshan IBA--Dasyueshan Forest-Road 0-15K),24.2151999,120.8839345,2021-10-01,05:05 PM,eBird - Traveling Count,24,1,4.679,,4
S95454041,冠羽畫眉,Yuhina brunneiceps,24643,13,TW-TXG,,L9128028,台中大雪山IBA--大雪山林道15-23K(標記在19K處)(Dasyueshan IBA--Dasyueshan Forest-Road 15-23K),24.2482832,120.9184968,2021-10-01,01:37 PM,eBird - Traveling Count,46,1,5.509,,4
S95454073,冠羽畫眉,Yuhina brunneiceps,24643,5,TW-TXG,,L9128028,台中大雪山IBA--大雪山林道15-23K(標記在19K處)(Dasyueshan IBA--Dasyueshan Forest-Road 15-23K),24.2482832,120.9184968,2021-10-01,03:28 PM,eBird - Traveling Count,15,1,3.517,,4
S95454155,冠羽畫眉,Yuhina brunneiceps,24643,9,TW-TXG,,L9128028,台中大雪山IBA--大雪山林道15-23K(標記在19K處)(Dasyueshan IBA--Dasyueshan Forest-Road 15-23K),24.2482832,120.9184968,2021-10-02,05:39 AM,eBird - Traveling Count,33,1,5.425,,4
S95454183,冠羽畫眉,Yuhina brunneiceps,24643,7,TW-TXG,,L5612524,台中大雪山IBA--大雪山林道23-35K(標示在29K附近)(Dasyueshan IBA--Dasyueshan Forest-Road 23-35K),24.2345395,120.9654145,2021-10-02,06:21 AM,eBird - Traveling Count,37,1,6.993,,4
S95454175,冠羽畫眉,Yuhina brunneiceps,24643,3,TW-TXG,,L2626987,台中大雪山IBA--大雪山林道23.5K(Dasyueshan IBA--Dasyueshan Forest-Road 23.5K),24.2464709,120.9355546,2021-10-02,06:13 AM,eBird - Traveling Count,6,1,1.113,,4
S95454219,冠羽畫眉,Yuhina brunneiceps,24643,2,TW-TXG,,L4305412,台中大雪山IBA--大雪山林道35-43K(Dasyueshan IBA--Dasyueshan Forest-Road 35-43K),24.2623617,120.9944969,2021-10-02,07:42 AM,eBird - Traveling Count,30,1,5.43,,4
S95454233,冠羽畫眉,Yuhina brunneiceps,24643,6,TW-TXG,,L2259782,台中大雪山IBA--大雪山林道35-50K(Dasyueshan IBA--Dasyueshan Forest-Road 35-50K),24.258706,121.0091239,2021-10-02,08:15 AM,eBird - Traveling Count,41,1,6.295,,4
S95455194,冠羽畫眉,Yuhina brunneiceps,24643,2,TW-TXG,,L4084192,台中大雪山IBA--大雪山林道43-50K(Dasyueshan IBA--Dasyueshan Forest-Road 43-50K),24.2653828,121.0173655,2021-10-02,09:26 AM,eBird - Traveling Count,17,1,6.247,,4
S95454199,冠羽畫眉,Yuhina brunneiceps,24643,3,TW-TXG,,L3204811,台中大雪山IBA--收費站(35K)(Dasyueshan IBA--Ticket Booth (35K)),24.2441848,120.9752089,2021-10-02,07:30 AM,eBird - Traveling Count,10,1,2.717,,4
S95454003,冠羽畫眉,Yuhina brunneiceps,24643,2,TW-TXG,,L1036980,台中大雪山IBA--橫流溪(15K)(Dasyueshan IBA--Hengliu Creek (15K)),24.2392182,120.9095398,2021-10-01,12:26 PM,eBird - Traveling Count,21,1,1.151,,4
S95454033,冠羽畫眉,Yuhina brunneiceps,24643,1,TW-TXG,,L1036980,台中大雪山IBA--橫流溪(15K)(Dasyueshan IBA--Hengliu Creek (15K)),24.2392182,120.9095398,2021-10-01,01:15 PM,eBird - Traveling Count,16,1,.707,,4
S95454127,斯氏繡眼,Zosterops simplex,24735,5,TW-TXG,,L2818746,Taichung-Dasyueshan 200 Trail-5K~0K,24.2395102,120.8632672,2021-10-01,05:30 PM,eBird - Traveling Count,21,1,4.607,,4
S95454111,山紅頭,Cyanoderma ruficeps,25080,5,TW-TXG,,L2160485,Taichung-Dasyueshan 200 Trail-11K,24.220378,120.887137,2021-10-01,04:42 PM,eBird - Traveling Count,13,1,1.073,,4
S95453982,山紅頭,Cyanoderma ruficeps,25080,2,TW-TXG,,L3987481,台中大雪山IBA--大雪山林道0-15K(標記於9K處)(Dasyueshan IBA--Dasyueshan Forest-Road 0-15K),24.2152,120.88393,2021-10-01,10:49 AM,eBird - Traveling Count,91,1,12.474,,4
S95454041,山紅頭,Cyanoderma ruficeps,25080,3,TW-TXG,,L9128028,台中大雪山IBA--大雪山林道15-23K(標記在19K處)(Dasyueshan IBA--Dasyueshan Forest-Road 15-23K),24.2482832,120.9184968,2021-10-01,01:37 PM,eBird - Traveling Count,46,1,5.509,,4
S95454183,山紅頭,Cyanoderma ruficeps,25080,3,TW-TXG,,L5612524,台中大雪山IBA--大雪山林道23-35K(標示在29K附近)(Dasyueshan IBA--Dasyueshan Forest-Road 23-35K),24.2345395,120.9654145,2021-10-02,06:21 AM,eBird - Traveling Count,37,1,6.993,,4
S95454127,小彎嘴,Pomatorhinus musicus,25143,2,TW-TXG,,L2818746,Taichung-Dasyueshan 200 Trail-5K~0K,24.2395102,120.8632672,2021-10-01,05:30 PM,eBird - Traveling Count,21,1,4.607,,4
S95416943,小彎嘴,Pomatorhinus musicus,25143,2,TW-TXG,,L2259477,台中大雪山IBA--大雪山林道0-15K(標示在9K附近)(Dasyueshan IBA--Dasyueshan Forest-Road 0-15K),24.2151999,120.8839345,2021-10-01,05:05 PM,eBird - Traveling Count,24,1,4.679,,4
S95453982,小彎嘴,Pomatorhinus musicus,25143,1,TW-TXG,,L3987481,台中大雪山IBA--大雪山林道0-15K(標記於9K處)(Dasyueshan IBA--Dasyueshan Forest-Road 0-15K),24.2152,120.88393,2021-10-01,10:49 AM,eBird - Traveling Count,91,1,12.474,,4
S95454155,小彎嘴,Pomatorhinus musicus,25143,1,TW-TXG,,L9128028,台中大雪山IBA--大雪山林道15-23K(標記在19K處)(Dasyueshan IBA--Dasyueshan Forest-Road 15-23K),24.2482832,120.9184968,2021-10-02,05:39 AM,eBird - Traveling Count,33,1,5.425,,4
S95454033,小彎嘴,Pomatorhinus musicus,25143,1,TW-TXG,,L1036980,台中大雪山IBA--橫流溪(15K)(Dasyueshan IBA--Hengliu Creek (15K)),24.2392182,120.9095398,2021-10-01,01:15 PM,eBird - Traveling Count,16,1,.707,,4
S95423551,小彎嘴,Pomatorhinus musicus,25143,3,TW-TXG,,L5109115,東勢福泰橋,24.247848,120.833695,2021-10-01,05:52 PM,eBird - Traveling Count,10,1,.281,,4
S95454111,大彎嘴,Erythrogenys erythrocnemis,25196,2,TW-TXG,,L2160485,Taichung-Dasyueshan 200 Trail-11K,24.220378,120.887137,2021-10-01,04:42 PM,eBird - Traveling Count,13,1,1.073,,4
S95454111,頭烏線,Schoeniparus brunneus,25299,2,TW-TXG,,L2160485,Taichung-Dasyueshan 200 Trail-11K,24.220378,120.887137,2021-10-01,04:42 PM,eBird - Traveling Count,13,1,1.073,,4
S95454023,頭烏線,Schoeniparus brunneus,25299,1,TW-TXG,,L2809040,台中大雪山IBA--出雲山農莊(13K)(Dasyueshan IBA--Chuyunshan Lodge (13K)),24.2269905,120.8942688,2021-10-01,12:59 PM,eBird - Traveling Count,13,1,1.043,,4
S95453982,頭烏線,Schoeniparus brunneus,25299,1,TW-TXG,,L3987481,台中大雪山IBA--大雪山林道0-15K(標記於9K處)(Dasyueshan IBA--Dasyueshan Forest-Road 0-15K),24.2152,120.88393,2021-10-01,10:49 AM,eBird - Traveling Count,91,1,12.474,,4
S95454041,頭烏線,Schoeniparus brunneus,25299,2,TW-TXG,,L9128028,台中大雪山IBA--大雪山林道15-23K(標記在19K處)(Dasyueshan IBA--Dasyueshan Forest-Road 15-23K),24.2482832,120.9184968,2021-10-01,01:37 PM,eBird - Traveling Count,46,1,5.509,,4
S95454155,頭烏線,Schoeniparus brunneus,25299,1,TW-TXG,,L9128028,台中大雪山IBA--大雪山林道15-23K(標記在19K處)(Dasyueshan IBA--Dasyueshan Forest-Road 15-23K),24.2482832,120.9184968,2021-10-02,05:39 AM,eBird - Traveling Count,33,1,5.425,,4
S95454183,頭烏線,Schoeniparus brunneus,25299,1,TW-TXG,,L5612524,台中大雪山IBA--大雪山林道23-35K(標示在29K附近)(Dasyueshan IBA--Dasyueshan Forest-Road 23-35K),24.2345395,120.9654145,2021-10-02,06:21 AM,eBird - Traveling Count,37,1,6.993,,4
S95454193,頭烏線,Schoeniparus brunneus,25299,1,TW-TXG,,L3866551,台中大雪山IBA--大雪山林道31-32.5K(Dasyueshan IBA--Dasyueshan Forest-Road 31-32.5K),24.2281803,120.9778619,2021-10-02,06:59 AM,eBird - Traveling Count,30,1,2.914,,4
S95454111,繡眼畫眉,Alcippe morrisonia,25509,3,TW-TXG,,L2160485,Taichung-Dasyueshan 200 Trail-11K,24.220378,120.887137,2021-10-01,04:42 PM,eBird - Traveling Count,13,1,1.073,,4
S95453982,繡眼畫眉,Alcippe morrisonia,25509,1,TW-TXG,,L3987481,台中大雪山IBA--大雪山林道0-15K(標記於9K處)(Dasyueshan IBA--Dasyueshan Forest-Road 0-15K),24.2152,120.88393,2021-10-01,10:49 AM,eBird - Traveling Count,91,1,12.474,,4
S95454041,繡眼畫眉,Alcippe morrisonia,25509,15,TW-TXG,,L9128028,台中大雪山IBA--大雪山林道15-23K(標記在19K處)(Dasyueshan IBA--Dasyueshan Forest-Road 15-23K),24.2482832,120.9184968,2021-10-01,01:37 PM,eBird - Traveling Count,46,1,5.509,,4
S95454073,繡眼畫眉,Alcippe morrisonia,25509,3,TW-TXG,,L9128028,台中大雪山IBA--大雪山林道15-23K(標記在19K處)(Dasyueshan IBA--Dasyueshan Forest-Road 15-23K),24.2482832,120.9184968,2021-10-01,03:28 PM,eBird - Traveling Count,15,1,3.517,,4
S95454155,繡眼畫眉,Alcippe morrisonia,25509,13,TW-TXG,,L9128028,台中大雪山IBA--大雪山林道15-23K(標記在19K處)(Dasyueshan IBA--Dasyueshan Forest-Road 15-23K),24.2482832,120.9184968,2021-10-02,05:39 AM,eBird - Traveling Count,33,1,5.425,,4
S95454183,繡眼畫眉,Alcippe morrisonia,25509,6,TW-TXG,,L5612524,台中大雪山IBA--大雪山林道23-35K(標示在29K附近)(Dasyueshan IBA--Dasyueshan Forest-Road 23-35K),24.2345395,120.9654145,2021-10-02,06:21 AM,eBird - Traveling Count,37,1,6.993,,4
S95454219,繡眼畫眉,Alcippe morrisonia,25509,2,TW-TXG,,L4305412,台中大雪山IBA--大雪山林道35-43K(Dasyueshan IBA--Dasyueshan Forest-Road 35-43K),24.2623617,120.9944969,2021-10-02,07:42 AM,eBird - Traveling Count,30,1,5.43,,4
S95454003,繡眼畫眉,Alcippe morrisonia,25509,2,TW-TXG,,L1036980,台中大雪山IBA--橫流溪(15K)(Dasyueshan IBA--Hengliu Creek (15K)),24.2392182,120.9095398,2021-10-01,12:26 PM,eBird - Traveling Count,21,1,1.151,,4
S95454520,台灣噪眉,Trochalopteron morrisonianum,25557,2,TW-TXG,,L2395343,台中大雪山IBA--小雪山莊(50K)(Dasyueshan IBA--Xiaoxueshan Lodge (50K)),24.2792643,121.0259056,2021-10-02,08:50 AM,eBird - Traveling Count,32,1,.782,,4
S95454041,白耳畫眉,Heterophasia auricularis,25599,7,TW-TXG,,L9128028,台中大雪山IBA--大雪山林道15-23K(標記在19K處)(Dasyueshan IBA--Dasyueshan Forest-Road 15-23K),24.2482832,120.9184968,2021-10-01,01:37 PM,eBird - Traveling Count,46,1,5.509,,4
S95454155,白耳畫眉,Heterophasia auricularis,25599,1,TW-TXG,,L9128028,台中大雪山IBA--大雪山林道15-23K(標記在19K處)(Dasyueshan IBA--Dasyueshan Forest-Road 15-23K),24.2482832,120.9184968,2021-10-02,05:39 AM,eBird - Traveling Count,33,1,5.425,,4
S95454183,白耳畫眉,Heterophasia auricularis,25599,5,TW-TXG,,L5612524,台中大雪山IBA--大雪山林道23-35K(標示在29K附近)(Dasyueshan IBA--Dasyueshan Forest-Road 23-35K),24.2345395,120.9654145,2021-10-02,06:21 AM,eBird - Traveling Count,37,1,6.993,,4
S95454049,白耳畫眉,Heterophasia auricularis,25599,2,TW-TXG,,L2626987,台中大雪山IBA--大雪山林道23.5K(Dasyueshan IBA--Dasyueshan Forest-Road 23.5K),24.2464709,120.9355546,2021-10-01,02:21 PM,eBird - Stationary Count,12,1,,,4
S95454060,白耳畫眉,Heterophasia auricularis,25599,4,TW-TXG,,L2626987,台中大雪山IBA--大雪山林道23.5K(Dasyueshan IBA--Dasyueshan Forest-Road 23.5K),24.2464709,120.9355546,2021-10-01,03:01 PM,eBird - Traveling Count,15,1,.29,,4
S95454175,白耳畫眉,Heterophasia auricularis,25599,2,TW-TXG,,L2626987,台中大雪山IBA--大雪山林道23.5K(Dasyueshan IBA--Dasyueshan Forest-Road 23.5K),24.2464709,120.9355546,2021-10-02,06:13 AM,eBird - Traveling Count,6,1,1.113,,4
S95454193,白耳畫眉,Heterophasia auricularis,25599,6,TW-TXG,,L3866551,台中大雪山IBA--大雪山林道31-32.5K(Dasyueshan IBA--Dasyueshan Forest-Road 31-32.5K),24.2281803,120.9778619,2021-10-02,06:59 AM,eBird - Traveling Count,30,1,2.914,,4
S95454155,黃胸藪眉,Liocichla steerii,25695,2,TW-TXG,,L9128028,台中大雪山IBA--大雪山林道15-23K(標記在19K處)(Dasyueshan IBA--Dasyueshan Forest-Road 15-23K),24.2482832,120.9184968,2021-10-02,05:39 AM,eBird - Traveling Count,33,1,5.425,,4
S95454183,黃胸藪眉,Liocichla steerii,25695,3,TW-TXG,,L5612524,台中大雪山IBA--大雪山林道23-35K(標示在29K附近)(Dasyueshan IBA--Dasyueshan Forest-Road 23-35K),24.2345395,120.9654145,2021-10-02,06:21 AM,eBird - Traveling Count,37,1,6.993,,4
S95454175,黃胸藪眉,Liocichla steerii,25695,1,TW-TXG,,L2626987,台中大雪山IBA--大雪山林道23.5K(Dasyueshan IBA--Dasyueshan Forest-Road 23.5K),24.2464709,120.9355546,2021-10-02,06:13 AM,eBird - Traveling Count,6,1,1.113,,4
S95454199,黃胸藪眉,Liocichla steerii,25695,1,TW-TXG,,L3204811,台中大雪山IBA--收費站(35K)(Dasyueshan IBA--Ticket Booth (35K)),24.2441848,120.9752089,2021-10-02,07:30 AM,eBird - Traveling Count,10,1,2.717,,4
S95455634,黃胸藪眉,Liocichla steerii,25695,2,TW-TXG,,L1668212,台中大雪山IBA--鞍馬山莊(43K)(Dasyueshan IBA--Anmashan Lodge (43K)),24.2551921,121.0080309,2021-10-02,09:43 AM,eBird - Traveling Count,16,1,1.008,,4
S95454127,台灣畫眉,Garrulax taewanus,25811,1,TW-TXG,,L2818746,Taichung-Dasyueshan 200 Trail-5K~0K,24.2395102,120.8632672,2021-10-01,05:30 PM,eBird - Traveling Count,21,1,4.607,,4
S95454193,台灣白喉噪眉,Pterorhinus ruficeps,25931,8,TW-TXG,,L3866551,台中大雪山IBA--大雪山林道31-32.5K(Dasyueshan IBA--Dasyueshan Forest-Road 31-32.5K),24.2281803,120.9778619,2021-10-02,06:59 AM,eBird - Traveling Count,30,1,2.914,,4
S95454233,火冠戴菊鳥,Regulus goodfellowi,25971,20,TW-TXG,,L2259782,台中大雪山IBA--大雪山林道35-50K(Dasyueshan IBA--Dasyueshan Forest-Road 35-50K),24.258706,121.0091239,2021-10-02,08:15 AM,eBird - Traveling Count,41,1,6.295,,4,,In a mixed-species flock with Coal Tit. Counted one by one when crossing the road.
S95455194,火冠戴菊鳥,Regulus goodfellowi,25971,3,TW-TXG,,L4084192,台中大雪山IBA--大雪山林道43-50K(Dasyueshan IBA--Dasyueshan Forest-Road 43-50K),24.2653828,121.0173655,2021-10-02,09:26 AM,eBird - Traveling Count,17,1,6.247,,4
S95454520,火冠戴菊鳥,Regulus goodfellowi,25971,2,TW-TXG,,L2395343,台中大雪山IBA--小雪山莊(50K)(Dasyueshan IBA--Xiaoxueshan Lodge (50K)),24.2792643,121.0259056,2021-10-02,08:50 AM,eBird - Traveling Count,32,1,.782,,4
S95454183,茶腹鳾,Sitta europaea,25988,2,TW-TXG,,L5612524,台中大雪山IBA--大雪山林道23-35K(標示在29K附近)(Dasyueshan IBA--Dasyueshan Forest-Road 23-35K),24.2345395,120.9654145,2021-10-02,06:21 AM,eBird - Traveling Count,37,1,6.993,,4
S95454193,茶腹鳾,Sitta europaea,25988,2,TW-TXG,,L3866551,台中大雪山IBA--大雪山林道31-32.5K(Dasyueshan IBA--Dasyueshan Forest-Road 31-32.5K),24.2281803,120.9778619,2021-10-02,06:59 AM,eBird - Traveling Count,30,1,2.914,,4
S95454083,河烏,Cinclus pallasii,26747,2,TW-TXG,,L1036980,台中大雪山IBA--橫流溪(15K)(Dasyueshan IBA--Hengliu Creek (15K)),24.2392182,120.9095398,2021-10-01,03:44 PM,eBird - Traveling Count,22,1,1.373,,4
S95453974,家八哥,Acridotheres tristis,26935,1,TW-TXG,,L5109115,東勢福泰橋,24.247848,120.833695,2021-10-01,10:36 AM,eBird - Stationary Count,7,1,,,4
S95454127,白尾八哥,Acridotheres javanicus,26952,1,TW-TXG,,L2818746,Taichung-Dasyueshan 200 Trail-5K~0K,24.2395102,120.8632672,2021-10-01,05:30 PM,eBird - Traveling Count,21,1,4.607,,4
S95453974,白尾八哥,Acridotheres javanicus,26952,6,TW-TXG,,L5109115,東勢福泰橋,24.247848,120.833695,2021-10-01,10:36 AM,eBird - Stationary Count,7,1,,,4
S95454183,紅尾鶲,Muscicapa ferruginea,27815,2,TW-TXG,,L5612524,台中大雪山IBA--大雪山林道23-35K(標示在29K附近)(Dasyueshan IBA--Dasyueshan Forest-Road 23-35K),24.2345395,120.9654145,2021-10-02,06:21 AM,eBird - Traveling Count,37,1,6.993,,4
S95454127,白腰鵲鴝,Copsychus malabaricus,28031,1,TW-TXG,,L2818746,Taichung-Dasyueshan 200 Trail-5K~0K,24.2395102,120.8632672,2021-10-01,05:30 PM,eBird - Traveling Count,21,1,4.607,,4
S95453951,白腰鵲鴝,Copsychus malabaricus,28031,1,TW-TXG,,L3624542,台中--東勢林業文化園區(Taichung--Dongshi Forestry Culture Park),24.2442193,120.8344549,2021-10-01,10:09 AM,eBird - Traveling Count,18,1,.549,,4
S95454219,黃腹琉璃,Niltava vivida,28184,1,TW-TXG,,L4305412,台中大雪山IBA--大雪山林道35-43K(Dasyueshan IBA--Dasyueshan Forest-Road 35-43K),24.2623617,120.9944969,2021-10-02,07:42 AM,eBird - Traveling Count,30,1,5.43,,4
S95445593,台灣紫嘯鶇,Myophonus insularis,28441,1,TW-TXG,,L2809040,台中大雪山IBA--出雲山農莊(13K)(Dasyueshan IBA--Chuyunshan Lodge (13K)),24.2269905,120.8942688,2021-10-02,05:22 AM,eBird - Traveling Count,10,1,1.261,,4
S95454183,台灣紫嘯鶇,Myophonus insularis,28441,1,TW-TXG,,L5612524,台中大雪山IBA--大雪山林道23-35K(標示在29K附近)(Dasyueshan IBA--Dasyueshan Forest-Road 23-35K),24.2345395,120.9654145,2021-10-02,06:21 AM,eBird - Traveling Count,37,1,6.993,,4
S95454175,台灣紫嘯鶇,Myophonus insularis,28441,1,TW-TXG,,L2626987,台中大雪山IBA--大雪山林道23.5K(Dasyueshan IBA--Dasyueshan Forest-Road 23.5K),24.2464709,120.9355546,2021-10-02,06:13 AM,eBird - Traveling Count,6,1,1.113,,4
S95454219,台灣紫嘯鶇,Myophonus insularis,28441,1,TW-TXG,,L4305412,台中大雪山IBA--大雪山林道35-43K(Dasyueshan IBA--Dasyueshan Forest-Road 35-43K),24.2623617,120.9944969,2021-10-02,07:42 AM,eBird - Traveling Count,30,1,5.43,,4
S95454003,台灣紫嘯鶇,Myophonus insularis,28441,1,TW-TXG,,L1036980,台中大雪山IBA--橫流溪(15K)(Dasyueshan IBA--Hengliu Creek (15K)),24.2392182,120.9095398,2021-10-01,12:26 PM,eBird - Traveling Count,21,1,1.151,,4
S95454183,白尾鴝,Myiomela leucura,28483,3,TW-TXG,,L5612524,台中大雪山IBA--大雪山林道23-35K(標示在29K附近)(Dasyueshan IBA--Dasyueshan Forest-Road 23-35K),24.2345395,120.9654145,2021-10-02,06:21 AM,eBird - Traveling Count,37,1,6.993,,4
S95454049,白尾鴝,Myiomela leucura,28483,1,TW-TXG,,L2626987,台中大雪山IBA--大雪山林道23.5K(Dasyueshan IBA--Dasyueshan Forest-Road 23.5K),24.2464709,120.9355546,2021-10-01,02:21 PM,eBird - Stationary Count,12,1,,,4
S95454520,白眉林鴝,Tarsiger indicus,28498,1,TW-TXG,,L2395343,台中大雪山IBA--小雪山莊(50K)(Dasyueshan IBA--Xiaoxueshan Lodge (50K)),24.2792643,121.0259056,2021-10-02,08:50 AM,eBird - Traveling Count,32,1,.782,,4
S95454219,栗背林鴝,Tarsiger johnstoniae,28505,1,TW-TXG,,L4305412,台中大雪山IBA--大雪山林道35-43K(Dasyueshan IBA--Dasyueshan Forest-Road 35-43K),24.2623617,120.9944969,2021-10-02,07:42 AM,eBird - Traveling Count,30,1,5.43,,4
S95454233,栗背林鴝,Tarsiger johnstoniae,28505,4,TW-TXG,,L2259782,台中大雪山IBA--大雪山林道35-50K(Dasyueshan IBA--Dasyueshan Forest-Road 35-50K),24.258706,121.0091239,2021-10-02,08:15 AM,eBird - Traveling Count,41,1,6.295,,4
S95455194,栗背林鴝,Tarsiger johnstoniae,28505,1,TW-TXG,,L4084192,台中大雪山IBA--大雪山林道43-50K(Dasyueshan IBA--Dasyueshan Forest-Road 43-50K),24.2653828,121.0173655,2021-10-02,09:26 AM,eBird - Traveling Count,17,1,6.247,,4
S95454155,黃胸青鶲,Ficedula hyperythra,28522,1,TW-TXG,,L9128028,台中大雪山IBA--大雪山林道15-23K(標記在19K處)(Dasyueshan IBA--Dasyueshan Forest-Road 15-23K),24.2482832,120.9184968,2021-10-02,05:39 AM,eBird - Traveling Count,33,1,5.425,,4
S95454127,鉛色水鶇,Phoenicurus fuliginosus,28606,1,TW-TXG,,L2818746,Taichung-Dasyueshan 200 Trail-5K~0K,24.2395102,120.8632672,2021-10-01,05:30 PM,eBird - Traveling Count,21,1,4.607,,4
S95453982,鉛色水鶇,Phoenicurus fuliginosus,28606,1,TW-TXG,,L3987481,台中大雪山IBA--大雪山林道0-15K(標記於9K處)(Dasyueshan IBA--Dasyueshan Forest-Road 0-15K),24.2152,120.88393,2021-10-01,10:49 AM,eBird - Traveling Count,91,1,12.474,,4
S95454003,鉛色水鶇,Phoenicurus fuliginosus,28606,1,TW-TXG,,L1036980,台中大雪山IBA--橫流溪(15K)(Dasyueshan IBA--Hengliu Creek (15K)),24.2392182,120.9095398,2021-10-01,12:26 PM,eBird - Traveling Count,21,1,1.151,,4
S95454083,鉛色水鶇,Phoenicurus fuliginosus,28606,1,TW-TXG,,L1036980,台中大雪山IBA--橫流溪(15K)(Dasyueshan IBA--Hengliu Creek (15K)),24.2392182,120.9095398,2021-10-01,03:44 PM,eBird - Traveling Count,22,1,1.373,,4
S95454183,紅胸啄花,Dicaeum ignipectus,29077,2,TW-TXG,,L5612524,台中大雪山IBA--大雪山林道23-35K(標示在29K附近)(Dasyueshan IBA--Dasyueshan Forest-Road 23-35K),24.2345395,120.9654145,2021-10-02,06:21 AM,eBird - Traveling Count,37,1,6.993,,4
S95453974,斑文鳥,Lonchura punctulata,30045,1,TW-TXG,,L5109115,東勢福泰橋,24.247848,120.833695,2021-10-01,10:36 AM,eBird - Stationary Count,7,1,,,4
S95416943,白腰文鳥,Lonchura striata,30063,6,TW-TXG,,L2259477,台中大雪山IBA--大雪山林道0-15K(標示在9K附近)(Dasyueshan IBA--Dasyueshan Forest-Road 0-15K),24.2151999,120.8839345,2021-10-01,05:05 PM,eBird - Traveling Count,24,1,4.679,,4
S95453982,白腰文鳥,Lonchura striata,30063,3,TW-TXG,,L3987481,台中大雪山IBA--大雪山林道0-15K(標記於9K處)(Dasyueshan IBA--Dasyueshan Forest-Road 0-15K),24.2152,120.88393,2021-10-01,10:49 AM,eBird - Traveling Count,91,1,12.474,,4
S95454003,白腰文鳥,Lonchura striata,30063,2,TW-TXG,,L1036980,台中大雪山IBA--橫流溪(15K)(Dasyueshan IBA--Hengliu Creek (15K)),24.2392182,120.9095398,2021-10-01,12:26 PM,eBird - Traveling Count,21,1,1.151,,4
S95454083,白腰文鳥,Lonchura striata,30063,1,TW-TXG,,L1036980,台中大雪山IBA--橫流溪(15K)(Dasyueshan IBA--Hengliu Creek (15K)),24.2392182,120.9095398,2021-10-01,03:44 PM,eBird - Traveling Count,22,1,1.373,,4
S95453982,麻雀,Passer montanus,30560,16,TW-TXG,,L3987481,台中大雪山IBA--大雪山林道0-15K(標記於9K處)(Dasyueshan IBA--Dasyueshan Forest-Road 0-15K),24.2152,120.88393,2021-10-01,10:49 AM,eBird - Traveling Count,91,1,12.474,,4
S95453974,麻雀,Passer montanus,30560,5,TW-TXG,,L5109115,東勢福泰橋,24.247848,120.833695,2021-10-01,10:36 AM,eBird - Stationary Count,7,1,,,4
S95454097,灰鶺鴒,Motacilla cinerea,30633,1,TW-TXG,,L2809040,台中大雪山IBA--出雲山農莊(13K)(Dasyueshan IBA--Chuyunshan Lodge (13K)),24.2269905,120.8942688,2021-10-01,04:11 PM,eBird - Traveling Count,28,1,.964,,4
S95453982,灰鶺鴒,Motacilla cinerea,30633,2,TW-TXG,,L3987481,台中大雪山IBA--大雪山林道0-15K(標記於9K處)(Dasyueshan IBA--Dasyueshan Forest-Road 0-15K),24.2152,120.88393,2021-10-01,10:49 AM,eBird - Traveling Count,91,1,12.474,,4
S95454233,灰鶺鴒,Motacilla cinerea,30633,1,TW-TXG,,L2259782,台中大雪山IBA--大雪山林道35-50K(Dasyueshan IBA--Dasyueshan Forest-Road 35-50K),24.258706,121.0091239,2021-10-02,08:15 AM,eBird - Traveling Count,41,1,6.295,,4
S95454083,灰鶺鴒,Motacilla cinerea,30633,1,TW-TXG,,L1036980,台中大雪山IBA--橫流溪(15K)(Dasyueshan IBA--Hengliu Creek (15K)),24.2392182,120.9095398,2021-10-01,03:44 PM,eBird - Traveling Count,22,1,1.373,,4
S95453951,白鶺鴒,Motacilla alba,30675,1,TW-TXG,,L3624542,台中--東勢林業文化園區(Taichung--Dongshi Forestry Culture Park),24.2442193,120.8344549,2021-10-01,10:09 AM,eBird - Traveling Count,18,1,.549,,4
S95416943,白鶺鴒,Motacilla alba,30675,1,TW-TXG,,L2259477,台中大雪山IBA--大雪山林道0-15K(標示在9K附近)(Dasyueshan IBA--Dasyueshan Forest-Road 0-15K),24.2151999,120.8839345,2021-10-01,05:05 PM,eBird - Traveling Count,24,1,4.679,,4
S95453982,白鶺鴒,Motacilla alba,30675,1,TW-TXG,,L3987481,台中大雪山IBA--大雪山林道0-15K(標記於9K處)(Dasyueshan IBA--Dasyueshan Forest-Road 0-15K),24.2152,120.88393,2021-10-01,10:49 AM,eBird - Traveling Count,91,1,12.474,,4
S95453974,白鶺鴒,Motacilla alba,30675,1,TW-TXG,,L5109115,東勢福泰橋,24.247848,120.833695,2021-10-01,10:36 AM,eBird - Stationary Count,7,1,,,4
S95454520,灰鷽,Pyrrhula owstoni,31193,1,TW-TXG,,L2395343,台中大雪山IBA--小雪山莊(50K)(Dasyueshan IBA--Xiaoxueshan Lodge (50K)),24.2792643,121.0259056,2021-10-02,08:50 AM,eBird - Traveling Count,32,1,.782,,4
