Submission ID,Common Name,Scientific Name,Taxonomic Order,Count,State/Province,County,Location ID,Location,Latitude,Longitude,Date,Time,Protocol,Duration (Min),All Obs Reported,Distance Traveled (km),Area Covered (ha),Number of Observers,Breeding Code,Observation Details,Checklist Comments,ML Catalog Numbers
S95413593,花嘴鴨,Anas zonorhyncha,481,1,TW-TXG,,L3866533,台中大雪山IBA--大雪山林道12K(Dasyueshan IBA--Dasyueshan Forest-Road 12K),24.2208817,120.8941362,2021-10-01,12:17 PM,eBird - Traveling Count,57,1,7.656,,4
S95453388,台灣山鷓鴣,Arborophila crudigularis,1119,1,TW-TXG,,L5612524,台中大雪山IBA--大雪山林道23-35K(標示在29K附近)(Dasyueshan IBA--Dasyueshan Forest-Road 23-35K),24.2345395,120.9654145,2021-10-02,07:35 AM,eBird - Traveling Count,68,1,7.009,,4
S95417070,黑長尾雉,Syrmaticus mikado,1368,2,TW-TXG,,L2259782,台中大雪山IBA--大雪山林道35-50K(Dasyueshan IBA--Dasyueshan Forest-Road 35-50K),24.258706,121.0091239,2021-10-01,04:35 PM,eBird - Traveling Count,70,1,7.763,,4
S95450303,黑長尾雉,Syrmaticus mikado,1368,1,TW-TXG,,L4084192,台中大雪山IBA--大雪山林道43-50K(Dasyueshan IBA--Dasyueshan Forest-Road 43-50K),24.2653828,121.0173655,2021-10-02,06:36 AM,eBird - Traveling Count,42,1,7.381,,4
S95416405,藍腹鷴,Lophura swinhoii,1424,1,TW-TXG,,L5612524,台中大雪山IBA--大雪山林道23-35K(標示在29K附近)(Dasyueshan IBA--Dasyueshan Forest-Road 23-35K),24.2345395,120.9654145,2021-10-01,03:11 PM,eBird - Traveling Count,71,1,10.636,,4
S95413593,台灣竹雞,Bambusicola sonorivox,1520,2,TW-TXG,,L3866533,台中大雪山IBA--大雪山林道12K(Dasyueshan IBA--Dasyueshan Forest-Road 12K),24.2208817,120.8941362,2021-10-01,12:17 PM,eBird - Traveling Count,57,1,7.656,,4
S95450303,灰林鴿,Columba pulchricollis,1890,2,TW-TXG,,L4084192,台中大雪山IBA--大雪山林道43-50K(Dasyueshan IBA--Dasyueshan Forest-Road 43-50K),24.2653828,121.0173655,2021-10-02,06:36 AM,eBird - Traveling Count,42,1,7.381,,4
S95411687,金背鳩,Streptopelia orientalis,1988,2,TW-TXG,,L3624542,台中--東勢林業文化園區(Taichung--Dongshi Forestry Culture Park),24.2442193,120.8344549,2021-10-01,10:09 AM,eBird - Traveling Count,58,1,1.66,,4
S95412824,紅鳩,Streptopelia tranquebarica,2024,3,TW-TXG,,L2231451,台中--東勢中嵙溪大灣(Taihchung--Dongshi Zhongke River Dipper Spot),24.2600705,120.8695485,2021-10-01,11:20 AM,eBird - Traveling Count,52,1,4.413,,4
S95412824,珠頸斑鳩,Streptopelia chinensis,2034,2,TW-TXG,,L2231451,台中--東勢中嵙溪大灣(Taihchung--Dongshi Zhongke River Dipper Spot),24.2600705,120.8695485,2021-10-01,11:20 AM,eBird - Traveling Count,52,1,4.413,,4
S95411687,珠頸斑鳩,Streptopelia chinensis,2034,3,TW-TXG,,L3624542,台中--東勢林業文化園區(Taichung--Dongshi Forestry Culture Park),24.2442193,120.8344549,2021-10-01,10:09 AM,eBird - Traveling Count,58,1,1.66,,4
S95412824,小雨燕,Apus nipalensis,4051,2,TW-TXG,,L2231451,台中--東勢中嵙溪大灣(Taihchung--Dongshi Zhongke River Dipper Spot),24.2600705,120.8695485,2021-10-01,11:20 AM,eBird - Traveling Count,52,1,4.413,,4
S95411687,小雨燕,Apus nipalensis,4051,1,TW-TXG,,L3624542,台中--東勢林業文化園區(Taichung--Dongshi Forestry Culture Park),24.2442193,120.8344549,2021-10-01,10:09 AM,eBird - Traveling Count,58,1,1.66,,4
S95453388,小雨燕,Apus nipalensis,4051,10,TW-TXG,,L5612524,台中大雪山IBA--大雪山林道23-35K(標示在29K附近)(Dasyueshan IBA--Dasyueshan Forest-Road 23-35K),24.2345395,120.9654145,2021-10-02,07:35 AM,eBird - Traveling Count,68,1,7.009,,4
S95412824,磯鷸,Actitis hypoleucos,6025,1,TW-TXG,,L2231451,台中--東勢中嵙溪大灣(Taihchung--Dongshi Zhongke River Dipper Spot),24.2600705,120.8695485,2021-10-01,11:20 AM,eBird - Traveling Count,52,1,4.413,,4
S95412824,小白鷺,Egretta garzetta,7217,3,TW-TXG,,L2231451,台中--東勢中嵙溪大灣(Taihchung--Dongshi Zhongke River Dipper Spot),24.2600705,120.8695485,2021-10-01,11:20 AM,eBird - Traveling Count,52,1,4.413,,4
S95411687,小白鷺,Egretta garzetta,7217,8,TW-TXG,,L3624542,台中--東勢林業文化園區(Taichung--Dongshi Forestry Culture Park),24.2442193,120.8344549,2021-10-01,10:09 AM,eBird - Traveling Count,58,1,1.66,,4
S95412824,黃頭鷺,Bubulcus ibis,7247,1,TW-TXG,,L2231451,台中--東勢中嵙溪大灣(Taihchung--Dongshi Zhongke River Dipper Spot),24.2600705,120.8695485,2021-10-01,11:20 AM,eBird - Traveling Count,52,1,4.413,,4
S95411687,黃頭鷺,Bubulcus ibis,7247,3,TW-TXG,,L3624542,台中--東勢林業文化園區(Taichung--Dongshi Forestry Culture Park),24.2442193,120.8344549,2021-10-01,10:09 AM,eBird - Traveling Count,58,1,1.66,,4
S95412824,夜鷺,Nycticorax nycticorax,7305,1,TW-TXG,,L2231451,台中--東勢中嵙溪大灣(Taihchung--Dongshi Zhongke River Dipper Spot),24.2600705,120.8695485,2021-10-01,11:20 AM,eBird - Traveling Count,52,1,4.413,,4
S95411687,黑冠麻鷺,Gorsachius melanolophus,7332,3,TW-TXG,,L3624542,台中--東勢林業文化園區(Taichung--Dongshi Forestry Culture Park),24.2442193,120.8344549,2021-10-01,10:09 AM,eBird - Traveling Count,58,1,1.66,,4
S95413593,東方蜂鷹,Pernis ptilorhynchus,7476,3,TW-TXG,,L3866533,台中大雪山IBA--大雪山林道12K(Dasyueshan IBA--Dasyueshan Forest-Road 12K),24.2208817,120.8941362,2021-10-01,12:17 PM,eBird - Traveling Count,57,1,7.656,,4
S95412824,大冠鷲,Spilornis cheela,7554,1,TW-TXG,,L2231451,台中--東勢中嵙溪大灣(Taihchung--Dongshi Zhongke River Dipper Spot),24.2600705,120.8695485,2021-10-01,11:20 AM,eBird - Traveling Count,52,1,4.413,,4
S95413593,大冠鷲,Spilornis cheela,7554,2,TW-TXG,,L3866533,台中大雪山IBA--大雪山林道12K(Dasyueshan IBA--Dasyueshan Forest-Road 12K),24.2208817,120.8941362,2021-10-01,12:17 PM,eBird - Traveling Count,57,1,7.656,,4
S95453388,大冠鷲,Spilornis cheela,7554,1,TW-TXG,,L5612524,台中大雪山IBA--大雪山林道23-35K(標示在29K附近)(Dasyueshan IBA--Dasyueshan Forest-Road 23-35K),24.2345395,120.9654145,2021-10-02,07:35 AM,eBird - Traveling Count,68,1,7.009,,4
S95413593,林鵰,Ictinaetus malaiensis,7637,1,TW-TXG,,L3866533,台中大雪山IBA--大雪山林道12K(Dasyueshan IBA--Dasyueshan Forest-Road 12K),24.2208817,120.8941362,2021-10-01,12:17 PM,eBird - Traveling Count,57,1,7.656,,4
S95411687,鳳頭蒼鷹,Accipiter trivirgatus,7742,1,TW-TXG,,L3624542,台中--東勢林業文化園區(Taichung--Dongshi Forestry Culture Park),24.2442193,120.8344549,2021-10-01,10:09 AM,eBird - Traveling Count,58,1,1.66,,4
S95413593,松雀鷹,Accipiter virgatus,7856,1,TW-TXG,,L3866533,台中大雪山IBA--大雪山林道12K(Dasyueshan IBA--Dasyueshan Forest-Road 12K),24.2208817,120.8941362,2021-10-01,12:17 PM,eBird - Traveling Count,57,1,7.656,,4
S95419908,黃嘴角鴞,Otus spilocephalus,8249,1,TW-TXG,,L2809040,台中大雪山IBA--出雲山農莊(13K)(Dasyueshan IBA--Chuyunshan Lodge (13K)),24.2269905,120.8942688,2021-10-01,08:15 PM,eBird - Traveling Count,8,1,1.231,,4
S95418946,黃嘴角鴞,Otus spilocephalus,8249,2,TW-TXG,,L5612524,台中大雪山IBA--大雪山林道23-35K(標示在29K附近)(Dasyueshan IBA--Dasyueshan Forest-Road 23-35K),24.2345395,120.9654145,2021-10-01,07:26 PM,eBird - Traveling Count,23,1,10.642,,4
S95418365,黃嘴角鴞,Otus spilocephalus,8249,1,TW-TXG,,L1036972,台中大雪山IBA--大雪山林道47K(Dasyueshan IBA--Dasyueshan Forest-Road 47K),24.2708435,121.024418,2021-10-01,06:47 PM,eBird - Traveling Count,34,1,11.752,,4
S95419908,領角鴞,Otus lettia,8268,1,TW-TXG,,L2809040,台中大雪山IBA--出雲山農莊(13K)(Dasyueshan IBA--Chuyunshan Lodge (13K)),24.2269905,120.8942688,2021-10-01,08:15 PM,eBird - Traveling Count,8,1,1.231,,4
S95453388,鵂鶹,Taenioptynx brodiei,8653,1,TW-TXG,,L5612524,台中大雪山IBA--大雪山林道23-35K(標示在29K附近)(Dasyueshan IBA--Dasyueshan Forest-Road 23-35K),24.2345395,120.9654145,2021-10-02,07:35 AM,eBird - Traveling Count,68,1,7.009,,4
S95418365,東方灰林鴞,Strix nivicolum,8763,1,TW-TXG,,L1036972,台中大雪山IBA--大雪山林道47K(Dasyueshan IBA--Dasyueshan Forest-Road 47K),24.2708435,121.024418,2021-10-01,06:47 PM,eBird - Traveling Count,34,1,11.752,,4
S95412824,翠鳥,Alcedo atthis,9389,1,TW-TXG,,L2231451,台中--東勢中嵙溪大灣(Taihchung--Dongshi Zhongke River Dipper Spot),24.2600705,120.8695485,2021-10-01,11:20 AM,eBird - Traveling Count,52,1,4.413,,4
S95413593,佛法僧,Eurystomus orientalis,9901,1,TW-TXG,,L3866533,台中大雪山IBA--大雪山林道12K(Dasyueshan IBA--Dasyueshan Forest-Road 12K),24.2208817,120.8941362,2021-10-01,12:17 PM,eBird - Traveling Count,57,1,7.656,,4
S95411687,五色鳥,Psilopogon nuchalis,10296,8,TW-TXG,,L3624542,台中--東勢林業文化園區(Taichung--Dongshi Forestry Culture Park),24.2442193,120.8344549,2021-10-01,10:09 AM,eBird - Traveling Count,58,1,1.66,,4
S95413593,五色鳥,Psilopogon nuchalis,10296,1,TW-TXG,,L3866533,台中大雪山IBA--大雪山林道12K(Dasyueshan IBA--Dasyueshan Forest-Road 12K),24.2208817,120.8941362,2021-10-01,12:17 PM,eBird - Traveling Count,57,1,7.656,,4
S95411687,小啄木,Yungipicus canicapillus,10743,2,TW-TXG,,L3624542,台中--東勢林業文化園區(Taichung--Dongshi Forestry Culture Park),24.2442193,120.8344549,2021-10-01,10:09 AM,eBird - Traveling Count,58,1,1.66,,4
S95453388,大赤啄木,Dendrocopos leucotos,10830,1,TW-TXG,,L5612524,台中大雪山IBA--大雪山林道23-35K(標示在29K附近)(Dasyueshan IBA--Dasyueshan Forest-Road 23-35K),24.2345395,120.9654145,2021-10-02,07:35 AM,eBird - Traveling Count,68,1,7.009,,4
S95416405,綠啄木,Picus canus,11132,1,TW-TXG,,L5612524,台中大雪山IBA--大雪山林道23-35K(標示在29K附近)(Dasyueshan IBA--Dasyueshan Forest-Road 23-35K),24.2345395,120.9654145,2021-10-01,03:11 PM,eBird - Traveling Count,71,1,10.636,,4
S95453388,灰喉山椒鳥,Pericrocotus solaris,17875,2,TW-TXG,,L5612524,台中大雪山IBA--大雪山林道23-35K(標示在29K附近)(Dasyueshan IBA--Dasyueshan Forest-Road 23-35K),24.2345395,120.9654145,2021-10-02,07:35 AM,eBird - Traveling Count,68,1,7.009,,4
S95411687,綠畫眉,Erpornis zantholeuca,18318,1,TW-TXG,,L3624542,台中--東勢林業文化園區(Taichung--Dongshi Forestry Culture Park),24.2442193,120.8344549,2021-10-01,10:09 AM,eBird - Traveling Count,58,1,1.66,,4
S95412824,大卷尾,Dicrurus macrocercus,19657,5,TW-TXG,,L2231451,台中--東勢中嵙溪大灣(Taihchung--Dongshi Zhongke River Dipper Spot),24.2600705,120.8695485,2021-10-01,11:20 AM,eBird - Traveling Count,52,1,4.413,,4
S95413593,大卷尾,Dicrurus macrocercus,19657,1,TW-TXG,,L3866533,台中大雪山IBA--大雪山林道12K(Dasyueshan IBA--Dasyueshan Forest-Road 12K),24.2208817,120.8941362,2021-10-01,12:17 PM,eBird - Traveling Count,57,1,7.656,,4
S95413593,小卷尾,Dicrurus aeneus,19691,3,TW-TXG,,L3866533,台中大雪山IBA--大雪山林道12K(Dasyueshan IBA--Dasyueshan Forest-Road 12K),24.2208817,120.8941362,2021-10-01,12:17 PM,eBird - Traveling Count,57,1,7.656,,4
S95411687,黑枕藍鶲,Hypothymis azurea,19899,1,TW-TXG,,L3624542,台中--東勢林業文化園區(Taichung--Dongshi Forestry Culture Park),24.2442193,120.8344549,2021-10-01,10:09 AM,eBird - Traveling Count,58,1,1.66,,4
S95413593,黑枕藍鶲,Hypothymis azurea,19899,1,TW-TXG,,L3866533,台中大雪山IBA--大雪山林道12K(Dasyueshan IBA--Dasyueshan Forest-Road 12K),24.2208817,120.8941362,2021-10-01,12:17 PM,eBird - Traveling Count,57,1,7.656,,4
S95412824,紅尾伯勞,Lanius cristatus,20246,2,TW-TXG,,L2231451,台中--東勢中嵙溪大灣(Taihchung--Dongshi Zhongke River Dipper Spot),24.2600705,120.8695485,2021-10-01,11:20 AM,eBird - Traveling Count,52,1,4.413,,4
S95413593,紅尾伯勞,Lanius cristatus,20246,1,TW-TXG,,L3866533,台中大雪山IBA--大雪山林道12K(Dasyueshan IBA--Dasyueshan Forest-Road 12K),24.2208817,120.8941362,2021-10-01,12:17 PM,eBird - Traveling Count,57,1,7.656,,4
S95455187,松鴉,Garrulus glandarius,20545,3,TW-TXG,,L4305412,台中大雪山IBA--大雪山林道35-43K(Dasyueshan IBA--Dasyueshan Forest-Road 35-43K),24.2623617,120.9944969,2021-10-02,08:47 AM,eBird - Traveling Count,57,1,7.81,,4
S95411687,樹鵲,Dendrocitta formosae,20650,10,TW-TXG,,L3624542,台中--東勢林業文化園區(Taichung--Dongshi Forestry Culture Park),24.2442193,120.8344549,2021-10-01,10:09 AM,eBird - Traveling Count,58,1,1.66,,4
S95413593,樹鵲,Dendrocitta formosae,20650,3,TW-TXG,,L3866533,台中大雪山IBA--大雪山林道12K(Dasyueshan IBA--Dasyueshan Forest-Road 12K),24.2208817,120.8941362,2021-10-01,12:17 PM,eBird - Traveling Count,57,1,7.656,,4
S95450303,星鴉,Nucifraga caryocatactes,20691,1,TW-TXG,,L4084192,台中大雪山IBA--大雪山林道43-50K(Dasyueshan IBA--Dasyueshan Forest-Road 43-50K),24.2653828,121.0173655,2021-10-02,06:36 AM,eBird - Traveling Count,42,1,7.381,,4
S95448203,星鴉,Nucifraga caryocatactes,20691,1,TW-TXG,,L2395343,台中大雪山IBA--小雪山莊(50K)(Dasyueshan IBA--Xiaoxueshan Lodge (50K)),24.2792643,121.0259056,2021-10-02,05:58 AM,eBird - Traveling Count,35,1,.998,,4
S95453388,巨嘴鴉,Corvus macrorhynchos,20792,1,TW-TXG,,L5612524,台中大雪山IBA--大雪山林道23-35K(標示在29K附近)(Dasyueshan IBA--Dasyueshan Forest-Road 23-35K),24.2345395,120.9654145,2021-10-02,07:35 AM,eBird - Traveling Count,68,1,7.009,,4
S95417070,巨嘴鴉,Corvus macrorhynchos,20792,1,TW-TXG,,L2259782,台中大雪山IBA--大雪山林道35-50K(Dasyueshan IBA--Dasyueshan Forest-Road 35-50K),24.258706,121.0091239,2021-10-01,04:35 PM,eBird - Traveling Count,70,1,7.763,,4
S95450303,巨嘴鴉,Corvus macrorhynchos,20792,1,TW-TXG,,L4084192,台中大雪山IBA--大雪山林道43-50K(Dasyueshan IBA--Dasyueshan Forest-Road 43-50K),24.2653828,121.0173655,2021-10-02,06:36 AM,eBird - Traveling Count,42,1,7.381,,4
S95448203,巨嘴鴉,Corvus macrorhynchos,20792,1,TW-TXG,,L2395343,台中大雪山IBA--小雪山莊(50K)(Dasyueshan IBA--Xiaoxueshan Lodge (50K)),24.2792643,121.0259056,2021-10-02,05:58 AM,eBird - Traveling Count,35,1,.998,,4
S95417070,煤山雀,Periparus ater,21146,3,TW-TXG,,L2259782,台中大雪山IBA--大雪山林道35-50K(Dasyueshan IBA--Dasyueshan Forest-Road 35-50K),24.258706,121.0091239,2021-10-01,04:35 PM,eBird - Traveling Count,70,1,7.763,,4
S95448203,煤山雀,Periparus ater,21146,1,TW-TXG,,L2395343,台中大雪山IBA--小雪山莊(50K)(Dasyueshan IBA--Xiaoxueshan Lodge (50K)),24.2792643,121.0259056,2021-10-02,05:58 AM,eBird - Traveling Count,35,1,.998,,4
S95416405,青背山雀,Parus monticolus,21362,1,TW-TXG,,L5612524,台中大雪山IBA--大雪山林道23-35K(標示在29K附近)(Dasyueshan IBA--Dasyueshan Forest-Road 23-35K),24.2345395,120.9654145,2021-10-01,03:11 PM,eBird - Traveling Count,71,1,10.636,,4
S95453388,青背山雀,Parus monticolus,21362,3,TW-TXG,,L5612524,台中大雪山IBA--大雪山林道23-35K(標示在29K附近)(Dasyueshan IBA--Dasyueshan Forest-Road 23-35K),24.2345395,120.9654145,2021-10-02,07:35 AM,eBird - Traveling Count,68,1,7.009,,4
S95450303,青背山雀,Parus monticolus,21362,2,TW-TXG,,L4084192,台中大雪山IBA--大雪山林道43-50K(Dasyueshan IBA--Dasyueshan Forest-Road 43-50K),24.2653828,121.0173655,2021-10-02,06:36 AM,eBird - Traveling Count,42,1,7.381,,4
S95448203,青背山雀,Parus monticolus,21362,4,TW-TXG,,L2395343,台中大雪山IBA--小雪山莊(50K)(Dasyueshan IBA--Xiaoxueshan Lodge (50K)),24.2792643,121.0259056,2021-10-02,05:58 AM,eBird - Traveling Count,35,1,.998,,4
S95453388,黃山雀,Machlolophus holsti,21411,1,TW-TXG,,L5612524,台中大雪山IBA--大雪山林道23-35K(標示在29K附近)(Dasyueshan IBA--Dasyueshan Forest-Road 23-35K),24.2345395,120.9654145,2021-10-02,07:35 AM,eBird - Traveling Count,68,1,7.009,,4
S95455187,黃山雀,Machlolophus holsti,21411,2,TW-TXG,,L4305412,台中大雪山IBA--大雪山林道35-43K(Dasyueshan IBA--Dasyueshan Forest-Road 35-43K),24.2623617,120.9944969,2021-10-02,08:47 AM,eBird - Traveling Count,57,1,7.81,,4
S95412824,褐頭鷦鶯,Prinia inornata,22454,1,TW-TXG,,L2231451,台中--東勢中嵙溪大灣(Taihchung--Dongshi Zhongke River Dipper Spot),24.2600705,120.8695485,2021-10-01,11:20 AM,eBird - Traveling Count,52,1,4.413,,4
S95417070,台灣鷦眉,Pnoepyga formosana,23138,2,TW-TXG,,L2259782,台中大雪山IBA--大雪山林道35-50K(Dasyueshan IBA--Dasyueshan Forest-Road 35-50K),24.258706,121.0091239,2021-10-01,04:35 PM,eBird - Traveling Count,70,1,7.763,,4
S95450303,台灣鷦眉,Pnoepyga formosana,23138,1,TW-TXG,,L4084192,台中大雪山IBA--大雪山林道43-50K(Dasyueshan IBA--Dasyueshan Forest-Road 43-50K),24.2653828,121.0173655,2021-10-02,06:36 AM,eBird - Traveling Count,42,1,7.381,,4
S95448203,台灣鷦眉,Pnoepyga formosana,23138,3,TW-TXG,,L2395343,台中大雪山IBA--小雪山莊(50K)(Dasyueshan IBA--Xiaoxueshan Lodge (50K)),24.2792643,121.0259056,2021-10-02,05:58 AM,eBird - Traveling Count,35,1,.998,,4
S95412824,棕沙燕,Riparia chinensis,23238,7,TW-TXG,,L2231451,台中--東勢中嵙溪大灣(Taihchung--Dongshi Zhongke River Dipper Spot),24.2600705,120.8695485,2021-10-01,11:20 AM,eBird - Traveling Count,52,1,4.413,,4
S95412824,洋燕,Hirundo tahitica,23319,4,TW-TXG,,L2231451,台中--東勢中嵙溪大灣(Taihchung--Dongshi Zhongke River Dipper Spot),24.2600705,120.8695485,2021-10-01,11:20 AM,eBird - Traveling Count,52,1,4.413,,4
S95413593,洋燕,Hirundo tahitica,23319,5,TW-TXG,,L3866533,台中大雪山IBA--大雪山林道12K(Dasyueshan IBA--Dasyueshan Forest-Road 12K),24.2208817,120.8941362,2021-10-01,12:17 PM,eBird - Traveling Count,57,1,7.656,,4
S95413593,赤腰燕,Cecropis striolata,23351,4,TW-TXG,,L3866533,台中大雪山IBA--大雪山林道12K(Dasyueshan IBA--Dasyueshan Forest-Road 12K),24.2208817,120.8941362,2021-10-01,12:17 PM,eBird - Traveling Count,57,1,7.656,,4
S95453388,東方毛腳燕,Delichon dasypus,23414,33,TW-TXG,,L5612524,台中大雪山IBA--大雪山林道23-35K(標示在29K附近)(Dasyueshan IBA--Dasyueshan Forest-Road 23-35K),24.2345395,120.9654145,2021-10-02,07:35 AM,eBird - Traveling Count,68,1,7.009,,4
S95412824,白環鸚嘴鵯,Spizixos semitorques,23637,7,TW-TXG,,L2231451,台中--東勢中嵙溪大灣(Taihchung--Dongshi Zhongke River Dipper Spot),24.2600705,120.8695485,2021-10-01,11:20 AM,eBird - Traveling Count,52,1,4.413,,4
S95413593,白環鸚嘴鵯,Spizixos semitorques,23637,5,TW-TXG,,L3866533,台中大雪山IBA--大雪山林道12K(Dasyueshan IBA--Dasyueshan Forest-Road 12K),24.2208817,120.8941362,2021-10-01,12:17 PM,eBird - Traveling Count,57,1,7.656,,4
S95411687,白頭翁,Pycnonotus sinensis,23672,27,TW-TXG,,L3624542,台中--東勢林業文化園區(Taichung--Dongshi Forestry Culture Park),24.2442193,120.8344549,2021-10-01,10:09 AM,eBird - Traveling Count,58,1,1.66,,4
S95411687,紅嘴黑鵯,Hypsipetes leucocephalus,23854,7,TW-TXG,,L3624542,台中--東勢林業文化園區(Taichung--Dongshi Forestry Culture Park),24.2442193,120.8344549,2021-10-01,10:09 AM,eBird - Traveling Count,58,1,1.66,,4
S95413593,紅嘴黑鵯,Hypsipetes leucocephalus,23854,5,TW-TXG,,L3866533,台中大雪山IBA--大雪山林道12K(Dasyueshan IBA--Dasyueshan Forest-Road 12K),24.2208817,120.8941362,2021-10-01,12:17 PM,eBird - Traveling Count,57,1,7.656,,4
S95415440,棕面鶯,Abroscopus albogularis,24247,7,TW-TXG,,L9128028,台中大雪山IBA--大雪山林道15-23K(標記在19K處)(Dasyueshan IBA--Dasyueshan Forest-Road 15-23K),24.2482832,120.9184968,2021-10-01,01:46 PM,eBird - Traveling Count,57,1,8.047,,4
S95416405,棕面鶯,Abroscopus albogularis,24247,1,TW-TXG,,L5612524,台中大雪山IBA--大雪山林道23-35K(標示在29K附近)(Dasyueshan IBA--Dasyueshan Forest-Road 23-35K),24.2345395,120.9654145,2021-10-01,03:11 PM,eBird - Traveling Count,71,1,10.636,,4
S95453388,棕面鶯,Abroscopus albogularis,24247,6,TW-TXG,,L5612524,台中大雪山IBA--大雪山林道23-35K(標示在29K附近)(Dasyueshan IBA--Dasyueshan Forest-Road 23-35K),24.2345395,120.9654145,2021-10-02,07:35 AM,eBird - Traveling Count,68,1,7.009,,4
S95455187,棕面鶯,Abroscopus albogularis,24247,9,TW-TXG,,L4305412,台中大雪山IBA--大雪山林道35-43K(Dasyueshan IBA--Dasyueshan Forest-Road 35-43K),24.2623617,120.9944969,2021-10-02,08:47 AM,eBird - Traveling Count,57,1,7.81,,4
S95417070,深山鶯,Horornis acanthizoides,24304,1,TW-TXG,,L2259782,台中大雪山IBA--大雪山林道35-50K(Dasyueshan IBA--Dasyueshan Forest-Road 35-50K),24.258706,121.0091239,2021-10-01,04:35 PM,eBird - Traveling Count,70,1,7.763,,4
S95450303,深山鶯,Horornis acanthizoides,24304,2,TW-TXG,,L4084192,台中大雪山IBA--大雪山林道43-50K(Dasyueshan IBA--Dasyueshan Forest-Road 43-50K),24.2653828,121.0173655,2021-10-02,06:36 AM,eBird - Traveling Count,42,1,7.381,,4
S95448203,深山鶯,Horornis acanthizoides,24304,2,TW-TXG,,L2395343,台中大雪山IBA--小雪山莊(50K)(Dasyueshan IBA--Xiaoxueshan Lodge (50K)),24.2792643,121.0259056,2021-10-02,05:58 AM,eBird - Traveling Count,35,1,.998,,4
S95416405,紅頭山雀,Aegithalos concinnus,24356,6,TW-TXG,,L5612524,台中大雪山IBA--大雪山林道23-35K(標示在29K附近)(Dasyueshan IBA--Dasyueshan Forest-Road 23-35K),24.2345395,120.9654145,2021-10-01,03:11 PM,eBird - Traveling Count,71,1,10.636,,4
S95453388,紅頭山雀,Aegithalos concinnus,24356,6,TW-TXG,,L5612524,台中大雪山IBA--大雪山林道23-35K(標示在29K附近)(Dasyueshan IBA--Dasyueshan Forest-Road 23-35K),24.2345395,120.9654145,2021-10-02,07:35 AM,eBird - Traveling Count,68,1,7.009,,4
S95455187,紅頭山雀,Aegithalos concinnus,24356,12,TW-TXG,,L4305412,台中大雪山IBA--大雪山林道35-43K(Dasyueshan IBA--Dasyueshan Forest-Road 35-43K),24.2623617,120.9944969,2021-10-02,08:47 AM,eBird - Traveling Count,57,1,7.81,,4
S95417070,紅頭山雀,Aegithalos concinnus,24356,1,TW-TXG,,L2259782,台中大雪山IBA--大雪山林道35-50K(Dasyueshan IBA--Dasyueshan Forest-Road 35-50K),24.258706,121.0091239,2021-10-01,04:35 PM,eBird - Traveling Count,70,1,7.763,,4
S95448203,紅頭山雀,Aegithalos concinnus,24356,5,TW-TXG,,L2395343,台中大雪山IBA--小雪山莊(50K)(Dasyueshan IBA--Xiaoxueshan Lodge (50K)),24.2792643,121.0259056,2021-10-02,05:58 AM,eBird - Traveling Count,35,1,.998,,4
S95450303,褐頭花翼,Fulvetta formosana,24544,1,TW-TXG,,L4084192,台中大雪山IBA--大雪山林道43-50K(Dasyueshan IBA--Dasyueshan Forest-Road 43-50K),24.2653828,121.0173655,2021-10-02,06:36 AM,eBird - Traveling Count,42,1,7.381,,4
S95415440,冠羽畫眉,Yuhina brunneiceps,24643,12,TW-TXG,,L9128028,台中大雪山IBA--大雪山林道15-23K(標記在19K處)(Dasyueshan IBA--Dasyueshan Forest-Road 15-23K),24.2482832,120.9184968,2021-10-01,01:46 PM,eBird - Traveling Count,57,1,8.047,,4
S95416405,冠羽畫眉,Yuhina brunneiceps,24643,5,TW-TXG,,L5612524,台中大雪山IBA--大雪山林道23-35K(標示在29K附近)(Dasyueshan IBA--Dasyueshan Forest-Road 23-35K),24.2345395,120.9654145,2021-10-01,03:11 PM,eBird - Traveling Count,71,1,10.636,,4
S95455187,冠羽畫眉,Yuhina brunneiceps,24643,12,TW-TXG,,L4305412,台中大雪山IBA--大雪山林道35-43K(Dasyueshan IBA--Dasyueshan Forest-Road 35-43K),24.2623617,120.9944969,2021-10-02,08:47 AM,eBird - Traveling Count,57,1,7.81,,4
S95417070,冠羽畫眉,Yuhina brunneiceps,24643,11,TW-TXG,,L2259782,台中大雪山IBA--大雪山林道35-50K(Dasyueshan IBA--Dasyueshan Forest-Road 35-50K),24.258706,121.0091239,2021-10-01,04:35 PM,eBird - Traveling Count,70,1,7.763,,4
S95450303,冠羽畫眉,Yuhina brunneiceps,24643,8,TW-TXG,,L4084192,台中大雪山IBA--大雪山林道43-50K(Dasyueshan IBA--Dasyueshan Forest-Road 43-50K),24.2653828,121.0173655,2021-10-02,06:36 AM,eBird - Traveling Count,42,1,7.381,,4
S95411687,斯氏繡眼,Zosterops simplex,24735,15,TW-TXG,,L3624542,台中--東勢林業文化園區(Taichung--Dongshi Forestry Culture Park),24.2442193,120.8344549,2021-10-01,10:09 AM,eBird - Traveling Count,58,1,1.66,,4
S95413593,山紅頭,Cyanoderma ruficeps,25080,1,TW-TXG,,L3866533,台中大雪山IBA--大雪山林道12K(Dasyueshan IBA--Dasyueshan Forest-Road 12K),24.2208817,120.8941362,2021-10-01,12:17 PM,eBird - Traveling Count,57,1,7.656,,4
S95413593,小彎嘴,Pomatorhinus musicus,25143,1,TW-TXG,,L3866533,台中大雪山IBA--大雪山林道12K(Dasyueshan IBA--Dasyueshan Forest-Road 12K),24.2208817,120.8941362,2021-10-01,12:17 PM,eBird - Traveling Count,57,1,7.656,,4
S95413593,頭烏線,Schoeniparus brunneus,25299,1,TW-TXG,,L3866533,台中大雪山IBA--大雪山林道12K(Dasyueshan IBA--Dasyueshan Forest-Road 12K),24.2208817,120.8941362,2021-10-01,12:17 PM,eBird - Traveling Count,57,1,7.656,,4
S95415440,頭烏線,Schoeniparus brunneus,25299,1,TW-TXG,,L9128028,台中大雪山IBA--大雪山林道15-23K(標記在19K處)(Dasyueshan IBA--Dasyueshan Forest-Road 15-23K),24.2482832,120.9184968,2021-10-01,01:46 PM,eBird - Traveling Count,57,1,8.047,,4
S95415440,繡眼畫眉,Alcippe morrisonia,25509,4,TW-TXG,,L9128028,台中大雪山IBA--大雪山林道15-23K(標記在19K處)(Dasyueshan IBA--Dasyueshan Forest-Road 15-23K),24.2482832,120.9184968,2021-10-01,01:46 PM,eBird - Traveling Count,57,1,8.047,,4
S95448203,繡眼畫眉,Alcippe morrisonia,25509,2,TW-TXG,,L2395343,台中大雪山IBA--小雪山莊(50K)(Dasyueshan IBA--Xiaoxueshan Lodge (50K)),24.2792643,121.0259056,2021-10-02,05:58 AM,eBird - Traveling Count,35,1,.998,,4
S95417070,台灣噪眉,Trochalopteron morrisonianum,25557,4,TW-TXG,,L2259782,台中大雪山IBA--大雪山林道35-50K(Dasyueshan IBA--Dasyueshan Forest-Road 35-50K),24.258706,121.0091239,2021-10-01,04:35 PM,eBird - Traveling Count,70,1,7.763,,4
S95450303,台灣噪眉,Trochalopteron morrisonianum,25557,2,TW-TXG,,L4084192,台中大雪山IBA--大雪山林道43-50K(Dasyueshan IBA--Dasyueshan Forest-Road 43-50K),24.2653828,121.0173655,2021-10-02,06:36 AM,eBird - Traveling Count,42,1,7.381,,4
S95448203,台灣噪眉,Trochalopteron morrisonianum,25557,3,TW-TXG,,L2395343,台中大雪山IBA--小雪山莊(50K)(Dasyueshan IBA--Xiaoxueshan Lodge (50K)),24.2792643,121.0259056,2021-10-02,05:58 AM,eBird - Traveling Count,35,1,.998,,4
S95415440,白耳畫眉,Heterophasia auricularis,25599,4,TW-TXG,,L9128028,台中大雪山IBA--大雪山林道15-23K(標記在19K處)(Dasyueshan IBA--Dasyueshan Forest-Road 15-23K),24.2482832,120.9184968,2021-10-01,01:46 PM,eBird - Traveling Count,57,1,8.047,,4
S95453388,白耳畫眉,Heterophasia auricularis,25599,8,TW-TXG,,L5612524,台中大雪山IBA--大雪山林道23-35K(標示在29K附近)(Dasyueshan IBA--Dasyueshan Forest-Road 23-35K),24.2345395,120.9654145,2021-10-02,07:35 AM,eBird - Traveling Count,68,1,7.009,,4
S95455187,白耳畫眉,Heterophasia auricularis,25599,1,TW-TXG,,L4305412,台中大雪山IBA--大雪山林道35-43K(Dasyueshan IBA--Dasyueshan Forest-Road 35-43K),24.2623617,120.9944969,2021-10-02,08:47 AM,eBird - Traveling Count,57,1,7.81,,4
S95453388,紋翼畫眉,Actinodura morrisoniana,25622,4,TW-TXG,,L5612524,台中大雪山IBA--大雪山林道23-35K(標示在29K附近)(Dasyueshan IBA--Dasyueshan Forest-Road 23-35K),24.2345395,120.9654145,2021-10-02,07:35 AM,eBird - Traveling Count,68,1,7.009,,4
S95413593,黃胸藪眉,Liocichla steerii,25695,1,TW-TXG,,L3866533,台中大雪山IBA--大雪山林道12K(Dasyueshan IBA--Dasyueshan Forest-Road 12K),24.2208817,120.8941362,2021-10-01,12:17 PM,eBird - Traveling Count,57,1,7.656,,4
S95415440,黃胸藪眉,Liocichla steerii,25695,3,TW-TXG,,L9128028,台中大雪山IBA--大雪山林道15-23K(標記在19K處)(Dasyueshan IBA--Dasyueshan Forest-Road 15-23K),24.2482832,120.9184968,2021-10-01,01:46 PM,eBird - Traveling Count,57,1,8.047,,4
S95416405,黃胸藪眉,Liocichla steerii,25695,2,TW-TXG,,L5612524,台中大雪山IBA--大雪山林道23-35K(標示在29K附近)(Dasyueshan IBA--Dasyueshan Forest-Road 23-35K),24.2345395,120.9654145,2021-10-01,03:11 PM,eBird - Traveling Count,71,1,10.636,,4
S95455187,黃胸藪眉,Liocichla steerii,25695,1,TW-TXG,,L4305412,台中大雪山IBA--大雪山林道35-43K(Dasyueshan IBA--Dasyueshan Forest-Road 35-43K),24.2623617,120.9944969,2021-10-02,08:47 AM,eBird - Traveling Count,57,1,7.81,,4
S95448203,黃胸藪眉,Liocichla steerii,25695,1,TW-TXG,,L2395343,台中大雪山IBA--小雪山莊(50K)(Dasyueshan IBA--Xiaoxueshan Lodge (50K)),24.2792643,121.0259056,2021-10-02,05:58 AM,eBird - Traveling Count,35,1,.998,,4
S95413593,台灣畫眉,Garrulax taewanus,25811,1,TW-TXG,,L3866533,台中大雪山IBA--大雪山林道12K(Dasyueshan IBA--Dasyueshan Forest-Road 12K),24.2208817,120.8941362,2021-10-01,12:17 PM,eBird - Traveling Count,57,1,7.656,,4
S95453388,台灣白喉噪眉,Pterorhinus ruficeps,25931,4,TW-TXG,,L5612524,台中大雪山IBA--大雪山林道23-35K(標示在29K附近)(Dasyueshan IBA--Dasyueshan Forest-Road 23-35K),24.2345395,120.9654145,2021-10-02,07:35 AM,eBird - Traveling Count,68,1,7.009,,4
S95416405,火冠戴菊鳥,Regulus goodfellowi,25971,1,TW-TXG,,L5612524,台中大雪山IBA--大雪山林道23-35K(標示在29K附近)(Dasyueshan IBA--Dasyueshan Forest-Road 23-35K),24.2345395,120.9654145,2021-10-01,03:11 PM,eBird - Traveling Count,71,1,10.636,,4
S95453388,火冠戴菊鳥,Regulus goodfellowi,25971,1,TW-TXG,,L5612524,台中大雪山IBA--大雪山林道23-35K(標示在29K附近)(Dasyueshan IBA--Dasyueshan Forest-Road 23-35K),24.2345395,120.9654145,2021-10-02,07:35 AM,eBird - Traveling Count,68,1,7.009,,4
S95417070,火冠戴菊鳥,Regulus goodfellowi,25971,1,TW-TXG,,L2259782,台中大雪山IBA--大雪山林道35-50K(Dasyueshan IBA--Dasyueshan Forest-Road 35-50K),24.258706,121.0091239,2021-10-01,04:35 PM,eBird - Traveling Count,70,1,7.763,,4
S95450303,火冠戴菊鳥,Regulus goodfellowi,25971,3,TW-TXG,,L4084192,台中大雪山IBA--大雪山林道43-50K(Dasyueshan IBA--Dasyueshan Forest-Road 43-50K),24.2653828,121.0173655,2021-10-02,06:36 AM,eBird - Traveling Count,42,1,7.381,,4
S95448203,火冠戴菊鳥,Regulus goodfellowi,25971,1,TW-TXG,,L2395343,台中大雪山IBA--小雪山莊(50K)(Dasyueshan IBA--Xiaoxueshan Lodge (50K)),24.2792643,121.0259056,2021-10-02,05:58 AM,eBird - Traveling Count,35,1,.998,,4
S95455187,茶腹鳾,Sitta europaea,25988,3,TW-TXG,,L4305412,台中大雪山IBA--大雪山林道35-43K(Dasyueshan IBA--Dasyueshan Forest-Road 35-43K),24.2623617,120.9944969,2021-10-02,08:47 AM,eBird - Traveling Count,57,1,7.81,,4
S95415440,河烏,Cinclus pallasii,26747,1,TW-TXG,,L9128028,台中大雪山IBA--大雪山林道15-23K(標記在19K處)(Dasyueshan IBA--Dasyueshan Forest-Road 15-23K),24.2482832,120.9184968,2021-10-01,01:46 PM,eBird - Traveling Count,57,1,8.047,,4
S95412824,白尾八哥,Acridotheres javanicus,26952,3,TW-TXG,,L2231451,台中--東勢中嵙溪大灣(Taihchung--Dongshi Zhongke River Dipper Spot),24.2600705,120.8695485,2021-10-01,11:20 AM,eBird - Traveling Count,52,1,4.413,,4
S95411687,白腰鵲鴝,Copsychus malabaricus,28031,3,TW-TXG,,L3624542,台中--東勢林業文化園區(Taichung--Dongshi Forestry Culture Park),24.2442193,120.8344549,2021-10-01,10:09 AM,eBird - Traveling Count,58,1,1.66,,4
S95455187,黃腹琉璃,Niltava vivida,28184,1,TW-TXG,,L4305412,台中大雪山IBA--大雪山林道35-43K(Dasyueshan IBA--Dasyueshan Forest-Road 35-43K),24.2623617,120.9944969,2021-10-02,08:47 AM,eBird - Traveling Count,57,1,7.81,,4
S95417070,小翼鶇,Brachypteryx goodfellowi,28374,1,TW-TXG,,L2259782,台中大雪山IBA--大雪山林道35-50K(Dasyueshan IBA--Dasyueshan Forest-Road 35-50K),24.258706,121.0091239,2021-10-01,04:35 PM,eBird - Traveling Count,70,1,7.763,,4
S95450303,小翼鶇,Brachypteryx goodfellowi,28374,1,TW-TXG,,L4084192,台中大雪山IBA--大雪山林道43-50K(Dasyueshan IBA--Dasyueshan Forest-Road 43-50K),24.2653828,121.0173655,2021-10-02,06:36 AM,eBird - Traveling Count,42,1,7.381,,4
S95448203,小翼鶇,Brachypteryx goodfellowi,28374,1,TW-TXG,,L2395343,台中大雪山IBA--小雪山莊(50K)(Dasyueshan IBA--Xiaoxueshan Lodge (50K)),24.2792643,121.0259056,2021-10-02,05:58 AM,eBird - Traveling Count,35,1,.998,,4
S95415440,台灣紫嘯鶇,Myophonus insularis,28441,1,TW-TXG,,L9128028,台中大雪山IBA--大雪山林道15-23K(標記在19K處)(Dasyueshan IBA--Dasyueshan Forest-Road 15-23K),24.2482832,120.9184968,2021-10-01,01:46 PM,eBird - Traveling Count,57,1,8.047,,4
S95415440,白尾鴝,Myiomela leucura,28483,1,TW-TXG,,L9128028,台中大雪山IBA--大雪山林道15-23K(標記在19K處)(Dasyueshan IBA--Dasyueshan Forest-Road 15-23K),24.2482832,120.9184968,2021-10-01,01:46 PM,eBird - Traveling Count,57,1,8.047,,4
S95453388,白尾鴝,Myiomela leucura,28483,2,TW-TXG,,L5612524,台中大雪山IBA--大雪山林道23-35K(標示在29K附近)(Dasyueshan IBA--Dasyueshan Forest-Road 23-35K),24.2345395,120.9654145,2021-10-02,07:35 AM,eBird - Traveling Count,68,1,7.009,,4
S95455187,白尾鴝,Myiomela leucura,28483,1,TW-TXG,,L4305412,台中大雪山IBA--大雪山林道35-43K(Dasyueshan IBA--Dasyueshan Forest-Road 35-43K),24.2623617,120.9944969,2021-10-02,08:47 AM,eBird - Traveling Count,57,1,7.81,,4
S95450303,白尾鴝,Myiomela leucura,28483,2,TW-TXG,,L4084192,台中大雪山IBA--大雪山林道43-50K(Dasyueshan IBA--Dasyueshan Forest-Road 43-50K),24.2653828,121.0173655,2021-10-02,06:36 AM,eBird - Traveling Count,42,1,7.381,,4
S95417070,白眉林鴝,Tarsiger indicus,28498,1,TW-TXG,,L2259782,台中大雪山IBA--大雪山林道35-50K(Dasyueshan IBA--Dasyueshan Forest-Road 35-50K),24.258706,121.0091239,2021-10-01,04:35 PM,eBird - Traveling Count,70,1,7.763,,4
S95448203,白眉林鴝,Tarsiger indicus,28498,1,TW-TXG,,L2395343,台中大雪山IBA--小雪山莊(50K)(Dasyueshan IBA--Xiaoxueshan Lodge (50K)),24.2792643,121.0259056,2021-10-02,05:58 AM,eBird - Traveling Count,35,1,.998,,4
S95417070,栗背林鴝,Tarsiger johnstoniae,28505,3,TW-TXG,,L2259782,台中大雪山IBA--大雪山林道35-50K(Dasyueshan IBA--Dasyueshan Forest-Road 35-50K),24.258706,121.0091239,2021-10-01,04:35 PM,eBird - Traveling Count,70,1,7.763,,4
S95450303,栗背林鴝,Tarsiger johnstoniae,28505,2,TW-TXG,,L4084192,台中大雪山IBA--大雪山林道43-50K(Dasyueshan IBA--Dasyueshan Forest-Road 43-50K),24.2653828,121.0173655,2021-10-02,06:36 AM,eBird - Traveling Count,42,1,7.381,,4
S95415440,鉛色水鶇,Phoenicurus fuliginosus,28606,2,TW-TXG,,L9128028,台中大雪山IBA--大雪山林道15-23K(標記在19K處)(Dasyueshan IBA--Dasyueshan Forest-Road 15-23K),24.2482832,120.9184968,2021-10-01,01:46 PM,eBird - Traveling Count,57,1,8.047,,4
S95453388,紅胸啄花,Dicaeum ignipectus,29077,3,TW-TXG,,L5612524,台中大雪山IBA--大雪山林道23-35K(標示在29K附近)(Dasyueshan IBA--Dasyueshan Forest-Road 23-35K),24.2345395,120.9654145,2021-10-02,07:35 AM,eBird - Traveling Count,68,1,7.009,,4
S95455187,紅胸啄花,Dicaeum ignipectus,29077,7,TW-TXG,,L4305412,台中大雪山IBA--大雪山林道35-43K(Dasyueshan IBA--Dasyueshan Forest-Road 35-43K),24.2623617,120.9944969,2021-10-02,08:47 AM,eBird - Traveling Count,57,1,7.81,,4
S95450303,紅胸啄花,Dicaeum ignipectus,29077,1,TW-TXG,,L4084192,台中大雪山IBA--大雪山林道43-50K(Dasyueshan IBA--Dasyueshan Forest-Road 43-50K),24.2653828,121.0173655,2021-10-02,06:36 AM,eBird - Traveling Count,42,1,7.381,,4
S95412824,斑文鳥,Lonchura punctulata,30045,2,TW-TXG,,L2231451,台中--東勢中嵙溪大灣(Taihchung--Dongshi Zhongke River Dipper Spot),24.2600705,120.8695485,2021-10-01,11:20 AM,eBird - Traveling Count,52,1,4.413,,4
S95412824,白腰文鳥,Lonchura striata,30063,11,TW-TXG,,L2231451,台中--東勢中嵙溪大灣(Taihchung--Dongshi Zhongke River Dipper Spot),24.2600705,120.8695485,2021-10-01,11:20 AM,eBird - Traveling Count,52,1,4.413,,4
S95413593,白腰文鳥,Lonchura striata,30063,12,TW-TXG,,L3866533,台中大雪山IBA--大雪山林道12K(Dasyueshan IBA--Dasyueshan Forest-Road 12K),24.2208817,120.8941362,2021-10-01,12:17 PM,eBird - Traveling Count,57,1,7.656,,4
S95412824,麻雀,Passer montanus,30560,35,TW-TXG,,L2231451,台中--東勢中嵙溪大灣(Taihchung--Dongshi Zhongke River Dipper Spot),24.2600705,120.8695485,2021-10-01,11:20 AM,eBird - Traveling Count,52,1,4.413,,4
S95412824,灰鶺鴒,Motacilla cinerea,30633,7,TW-TXG,,L2231451,台中--東勢中嵙溪大灣(Taihchung--Dongshi Zhongke River Dipper Spot),24.2600705,120.8695485,2021-10-01,11:20 AM,eBird - Traveling Count,52,1,4.413,,4
S95412824,白鶺鴒,Motacilla alba,30675,2,TW-TXG,,L2231451,台中--東勢中嵙溪大灣(Taihchung--Dongshi Zhongke River Dipper Spot),24.2600705,120.8695485,2021-10-01,11:20 AM,eBird - Traveling Count,52,1,4.413,,4
S95411687,白鶺鴒,Motacilla alba,30675,1,TW-TXG,,L3624542,台中--東勢林業文化園區(Taichung--Dongshi Forestry Culture Park),24.2442193,120.8344549,2021-10-01,10:09 AM,eBird - Traveling Count,58,1,1.66,,4
S95417070,台灣朱雀,Carpodacus formosanus,31123,1,TW-TXG,,L2259782,台中大雪山IBA--大雪山林道35-50K(Dasyueshan IBA--Dasyueshan Forest-Road 35-50K),24.258706,121.0091239,2021-10-01,04:35 PM,eBird - Traveling Count,70,1,7.763,,4
S95450303,台灣朱雀,Carpodacus formosanus,31123,2,TW-TXG,,L4084192,台中大雪山IBA--大雪山林道43-50K(Dasyueshan IBA--Dasyueshan Forest-Road 43-50K),24.2653828,121.0173655,2021-10-02,06:36 AM,eBird - Traveling Count,42,1,7.381,,4
S95455187,褐鷽,Pyrrhula nipalensis,31178,1,TW-TXG,,L4305412,台中大雪山IBA--大雪山林道35-43K(Dasyueshan IBA--Dasyueshan Forest-Road 35-43K),24.2623617,120.9944969,2021-10-02,08:47 AM,eBird - Traveling Count,57,1,7.81,,4
S95417070,灰鷽,Pyrrhula owstoni,31193,6,TW-TXG,,L2259782,台中大雪山IBA--大雪山林道35-50K(Dasyueshan IBA--Dasyueshan Forest-Road 35-50K),24.258706,121.0091239,2021-10-01,04:35 PM,eBird - Traveling Count,70,1,7.763,,4
S95450303,灰鷽,Pyrrhula owstoni,31193,3,TW-TXG,,L4084192,台中大雪山IBA--大雪山林道43-50K(Dasyueshan IBA--Dasyueshan Forest-Road 43-50K),24.2653828,121.0173655,2021-10-02,06:36 AM,eBird - Traveling Count,42,1,7.381,,4
