Submission ID,Common Name,Scientific Name,Taxonomic Order,Count,State/Province,County,Location ID,Location,Latitude,Longitude,Date,Time,Protocol,Duration (Min),All Obs Reported,Distance Traveled (km),Area Covered (ha),Number of Observers,Breeding Code,Observation Details,Checklist Comments,ML Catalog Numbers
S95453195,黑長尾雉,Syrmaticus mikado,1368,3,TW-TXG,,L2395343,台中大雪山IBA--小雪山莊(50K)(Dasyueshan IBA--Xiaoxueshan Lodge (50K)),24.2792643,121.0259056,2021-10-02,07:48 AM,eBird - Traveling Count,50,1,.67,,1
S95415918,藍腹鷴,Lophura swinhoii,1424,1,TW-TXG,,L3987481,台中大雪山IBA--大雪山林道0-15K(標記於9K處)(Dasyueshan IBA--Dasyueshan Forest-Road 0-15K),24.2152,120.88393,2021-10-01,03:34 PM,eBird - Casual Observation,,0,,,1
S95413492,藍腹鷴,Lophura swinhoii,1424,2,TW-TXG,,L2626987,台中大雪山IBA--大雪山林道23.5K(Dasyueshan IBA--Dasyueshan Forest-Road 23.5K),24.2464709,120.9355546,2021-10-01,12:42 PM,eBird - Stationary Count,22,0,,,1
S95411620,台灣竹雞,Bambusicola sonorivox,1520,1,TW-TXG,,L3987481,台中大雪山IBA--大雪山林道0-15K(標記於9K處)(Dasyueshan IBA--Dasyueshan Forest-Road 0-15K),24.2152,120.88393,2021-10-01,10:50 AM,eBird - Casual Observation,,0,,,1
S95411069,金背鳩,Streptopelia orientalis,1988,2,TW-TXG,,L3624542,台中--東勢林業文化園區(Taichung--Dongshi Forestry Culture Park),24.2442193,120.8344549,2021-10-01,10:10 AM,eBird - Traveling Count,29,1,.92,,1
S95411620,金背鳩,Streptopelia orientalis,1988,2,TW-TXG,,L3987481,台中大雪山IBA--大雪山林道0-15K(標記於9K處)(Dasyueshan IBA--Dasyueshan Forest-Road 0-15K),24.2152,120.88393,2021-10-01,10:50 AM,eBird - Casual Observation,,0,,,1
S95411069,紅鳩,Streptopelia tranquebarica,2024,3,TW-TXG,,L3624542,台中--東勢林業文化園區(Taichung--Dongshi Forestry Culture Park),24.2442193,120.8344549,2021-10-01,10:10 AM,eBird - Traveling Count,29,1,.92,,1
S95411620,紅鳩,Streptopelia tranquebarica,2024,2,TW-TXG,,L3987481,台中大雪山IBA--大雪山林道0-15K(標記於9K處)(Dasyueshan IBA--Dasyueshan Forest-Road 0-15K),24.2152,120.88393,2021-10-01,10:50 AM,eBird - Casual Observation,,0,,,1
S95411069,珠頸斑鳩,Streptopelia chinensis,2034,2,TW-TXG,,L3624542,台中--東勢林業文化園區(Taichung--Dongshi Forestry Culture Park),24.2442193,120.8344549,2021-10-01,10:10 AM,eBird - Traveling Count,29,1,.92,,1
S95411620,小雨燕,Apus nipalensis,4051,1,TW-TXG,,L3987481,台中大雪山IBA--大雪山林道0-15K(標記於9K處)(Dasyueshan IBA--Dasyueshan Forest-Road 0-15K),24.2152,120.88393,2021-10-01,10:50 AM,eBird - Casual Observation,,0,,,1
S95411069,中白鷺,Ardea intermedia,7207,2,TW-TXG,,L3624542,台中--東勢林業文化園區(Taichung--Dongshi Forestry Culture Park),24.2442193,120.8344549,2021-10-01,10:10 AM,eBird - Traveling Count,29,1,.92,,1
S95411069,小白鷺,Egretta garzetta,7217,1,TW-TXG,,L3624542,台中--東勢林業文化園區(Taichung--Dongshi Forestry Culture Park),24.2442193,120.8344549,2021-10-01,10:10 AM,eBird - Traveling Count,29,1,.92,,1
S95411069,黃頭鷺,Bubulcus ibis,7247,1,TW-TXG,,L3624542,台中--東勢林業文化園區(Taichung--Dongshi Forestry Culture Park),24.2442193,120.8344549,2021-10-01,10:10 AM,eBird - Traveling Count,29,1,.92,,1
S95411069,黑冠麻鷺,Gorsachius melanolophus,7332,3,TW-TXG,,L3624542,台中--東勢林業文化園區(Taichung--Dongshi Forestry Culture Park),24.2442193,120.8344549,2021-10-01,10:10 AM,eBird - Traveling Count,29,1,.92,,1
S95415918,東方蜂鷹,Pernis ptilorhynchus,7476,1,TW-TXG,,L3987481,台中大雪山IBA--大雪山林道0-15K(標記於9K處)(Dasyueshan IBA--Dasyueshan Forest-Road 0-15K),24.2152,120.88393,2021-10-01,03:34 PM,eBird - Casual Observation,,0,,,1
S95411620,大冠鷲,Spilornis cheela,7554,2,TW-TXG,,L3987481,台中大雪山IBA--大雪山林道0-15K(標記於9K處)(Dasyueshan IBA--Dasyueshan Forest-Road 0-15K),24.2152,120.88393,2021-10-01,10:50 AM,eBird - Casual Observation,,0,,,1
S95412715,大冠鷲,Spilornis cheela,7554,1,TW-TXG,,L1036980,台中大雪山IBA--橫流溪(15K)(Dasyueshan IBA--Hengliu Creek (15K)),24.2392182,120.9095398,2021-10-01,11:25 AM,eBird - Traveling Count,40,0,1.07,,1
S95411069,鳳頭蒼鷹,Accipiter trivirgatus,7742,1,TW-TXG,,L3624542,台中--東勢林業文化園區(Taichung--Dongshi Forestry Culture Park),24.2442193,120.8344549,2021-10-01,10:10 AM,eBird - Traveling Count,29,1,.92,,1
S95450309,黃嘴角鴞,Otus spilocephalus,8249,1,TW-TXG,,L1668212,台中大雪山IBA--鞍馬山莊(43K)(Dasyueshan IBA--Anmashan Lodge (43K)),24.2551921,121.0080309,2021-10-01,07:02 AM,eBird - Traveling Count,43,1,.58,,1
S95411069,五色鳥,Psilopogon nuchalis,10296,4,TW-TXG,,L3624542,台中--東勢林業文化園區(Taichung--Dongshi Forestry Culture Park),24.2442193,120.8344549,2021-10-01,10:10 AM,eBird - Traveling Count,29,1,.92,,1
S95411069,小啄木,Yungipicus canicapillus,10743,1,TW-TXG,,L3624542,台中--東勢林業文化園區(Taichung--Dongshi Forestry Culture Park),24.2442193,120.8344549,2021-10-01,10:10 AM,eBird - Traveling Count,29,1,.92,,1
S95411878,灰喉山椒鳥,Pericrocotus solaris,17875,1,TW-TXG,,L3866533,台中大雪山IBA--大雪山林道12K(Dasyueshan IBA--Dasyueshan Forest-Road 12K),24.2208817,120.8941362,2021-10-01,11:10 AM,eBird - Stationary Count,7,0,,,1
S95413066,灰喉山椒鳥,Pericrocotus solaris,17875,3,TW-TXG,,L9128028,台中大雪山IBA--大雪山林道15-23K(標記在19K處)(Dasyueshan IBA--Dasyueshan Forest-Road 15-23K),24.2482832,120.9184968,2021-10-01,12:15 PM,eBird - Stationary Count,16,1,,,1
S95413066,綠畫眉,Erpornis zantholeuca,18318,1,TW-TXG,,L9128028,台中大雪山IBA--大雪山林道15-23K(標記在19K處)(Dasyueshan IBA--Dasyueshan Forest-Road 15-23K),24.2482832,120.9184968,2021-10-01,12:15 PM,eBird - Stationary Count,16,1,,,1
S95411069,大卷尾,Dicrurus macrocercus,19657,1,TW-TXG,,L3624542,台中--東勢林業文化園區(Taichung--Dongshi Forestry Culture Park),24.2442193,120.8344549,2021-10-01,10:10 AM,eBird - Traveling Count,29,1,.92,,1
S95411620,大卷尾,Dicrurus macrocercus,19657,3,TW-TXG,,L3987481,台中大雪山IBA--大雪山林道0-15K(標記於9K處)(Dasyueshan IBA--Dasyueshan Forest-Road 0-15K),24.2152,120.88393,2021-10-01,10:50 AM,eBird - Casual Observation,,0,,,1
S95412715,大卷尾,Dicrurus macrocercus,19657,2,TW-TXG,,L1036980,台中大雪山IBA--橫流溪(15K)(Dasyueshan IBA--Hengliu Creek (15K)),24.2392182,120.9095398,2021-10-01,11:25 AM,eBird - Traveling Count,40,0,1.07,,1
S95411069,紅尾伯勞,Lanius cristatus,20246,1,TW-TXG,,L3624542,台中--東勢林業文化園區(Taichung--Dongshi Forestry Culture Park),24.2442193,120.8344549,2021-10-01,10:10 AM,eBird - Traveling Count,29,1,.92,,1
S95411069,樹鵲,Dendrocitta formosae,20650,2,TW-TXG,,L3624542,台中--東勢林業文化園區(Taichung--Dongshi Forestry Culture Park),24.2442193,120.8344549,2021-10-01,10:10 AM,eBird - Traveling Count,29,1,.92,,1
S95411620,樹鵲,Dendrocitta formosae,20650,2,TW-TXG,,L3987481,台中大雪山IBA--大雪山林道0-15K(標記於9K處)(Dasyueshan IBA--Dasyueshan Forest-Road 0-15K),24.2152,120.88393,2021-10-01,10:50 AM,eBird - Casual Observation,,0,,,1
S95411878,樹鵲,Dendrocitta formosae,20650,2,TW-TXG,,L3866533,台中大雪山IBA--大雪山林道12K(Dasyueshan IBA--Dasyueshan Forest-Road 12K),24.2208817,120.8941362,2021-10-01,11:10 AM,eBird - Stationary Count,7,0,,,1
S95412715,樹鵲,Dendrocitta formosae,20650,4,TW-TXG,,L1036980,台中大雪山IBA--橫流溪(15K)(Dasyueshan IBA--Hengliu Creek (15K)),24.2392182,120.9095398,2021-10-01,11:25 AM,eBird - Traveling Count,40,0,1.07,,1
S95453195,星鴉,Nucifraga caryocatactes,20691,1,TW-TXG,,L2395343,台中大雪山IBA--小雪山莊(50K)(Dasyueshan IBA--Xiaoxueshan Lodge (50K)),24.2792643,121.0259056,2021-10-02,07:48 AM,eBird - Traveling Count,50,1,.67,,1
S95450309,巨嘴鴉,Corvus macrorhynchos,20792,1,TW-TXG,,L1668212,台中大雪山IBA--鞍馬山莊(43K)(Dasyueshan IBA--Anmashan Lodge (43K)),24.2551921,121.0080309,2021-10-01,07:02 AM,eBird - Traveling Count,43,1,.58,,1
S95455432,巨嘴鴉,Corvus macrorhynchos,20792,2,TW-TXG,,L1668212,台中大雪山IBA--鞍馬山莊(43K)(Dasyueshan IBA--Anmashan Lodge (43K)),24.2551921,121.0080309,2021-10-02,09:49 AM,eBird - Stationary Count,4,1,,,1
S95453195,煤山雀,Periparus ater,21146,5,TW-TXG,,L2395343,台中大雪山IBA--小雪山莊(50K)(Dasyueshan IBA--Xiaoxueshan Lodge (50K)),24.2792643,121.0259056,2021-10-02,07:48 AM,eBird - Traveling Count,50,1,.67,,1
S95413066,青背山雀,Parus monticolus,21362,2,TW-TXG,,L9128028,台中大雪山IBA--大雪山林道15-23K(標記在19K處)(Dasyueshan IBA--Dasyueshan Forest-Road 15-23K),24.2482832,120.9184968,2021-10-01,12:15 PM,eBird - Stationary Count,16,1,,,1
S95413492,青背山雀,Parus monticolus,21362,8,TW-TXG,,L2626987,台中大雪山IBA--大雪山林道23.5K(Dasyueshan IBA--Dasyueshan Forest-Road 23.5K),24.2464709,120.9355546,2021-10-01,12:42 PM,eBird - Stationary Count,22,0,,,1
S95413066,黃山雀,Machlolophus holsti,21411,3,TW-TXG,,L9128028,台中大雪山IBA--大雪山林道15-23K(標記在19K處)(Dasyueshan IBA--Dasyueshan Forest-Road 15-23K),24.2482832,120.9184968,2021-10-01,12:15 PM,eBird - Stationary Count,16,1,,,1
S95411694,家燕,Hirundo rustica,23291,9,TW-TXG,,L2809040,台中大雪山IBA--出雲山農莊(13K)(Dasyueshan IBA--Chuyunshan Lodge (13K)),24.2269905,120.8942688,2021-10-01,11:08 AM,eBird - Casual Observation,,0,,,1
S95411620,洋燕,Hirundo tahitica,23319,9,TW-TXG,,L3987481,台中大雪山IBA--大雪山林道0-15K(標記於9K處)(Dasyueshan IBA--Dasyueshan Forest-Road 0-15K),24.2152,120.88393,2021-10-01,10:50 AM,eBird - Casual Observation,,0,,,1
S95411878,白環鸚嘴鵯,Spizixos semitorques,23637,1,TW-TXG,,L3866533,台中大雪山IBA--大雪山林道12K(Dasyueshan IBA--Dasyueshan Forest-Road 12K),24.2208817,120.8941362,2021-10-01,11:10 AM,eBird - Stationary Count,7,0,,,1
S95411069,白頭翁,Pycnonotus sinensis,23672,3,TW-TXG,,L3624542,台中--東勢林業文化園區(Taichung--Dongshi Forestry Culture Park),24.2442193,120.8344549,2021-10-01,10:10 AM,eBird - Traveling Count,29,1,.92,,1
S95411620,白頭翁,Pycnonotus sinensis,23672,3,TW-TXG,,L3987481,台中大雪山IBA--大雪山林道0-15K(標記於9K處)(Dasyueshan IBA--Dasyueshan Forest-Road 0-15K),24.2152,120.88393,2021-10-01,10:50 AM,eBird - Casual Observation,,0,,,1
S95411069,紅嘴黑鵯,Hypsipetes leucocephalus,23854,6,TW-TXG,,L3624542,台中--東勢林業文化園區(Taichung--Dongshi Forestry Culture Park),24.2442193,120.8344549,2021-10-01,10:10 AM,eBird - Traveling Count,29,1,.92,,1
S95411620,紅嘴黑鵯,Hypsipetes leucocephalus,23854,1,TW-TXG,,L3987481,台中大雪山IBA--大雪山林道0-15K(標記於9K處)(Dasyueshan IBA--Dasyueshan Forest-Road 0-15K),24.2152,120.88393,2021-10-01,10:50 AM,eBird - Casual Observation,,0,,,1
S95412715,紅嘴黑鵯,Hypsipetes leucocephalus,23854,1,TW-TXG,,L1036980,台中大雪山IBA--橫流溪(15K)(Dasyueshan IBA--Hengliu Creek (15K)),24.2392182,120.9095398,2021-10-01,11:25 AM,eBird - Traveling Count,40,0,1.07,,1
S95413066,棕面鶯,Abroscopus albogularis,24247,1,TW-TXG,,L9128028,台中大雪山IBA--大雪山林道15-23K(標記在19K處)(Dasyueshan IBA--Dasyueshan Forest-Road 15-23K),24.2482832,120.9184968,2021-10-01,12:15 PM,eBird - Stationary Count,16,1,,,1
S95413492,棕面鶯,Abroscopus albogularis,24247,5,TW-TXG,,L2626987,台中大雪山IBA--大雪山林道23.5K(Dasyueshan IBA--Dasyueshan Forest-Road 23.5K),24.2464709,120.9355546,2021-10-01,12:42 PM,eBird - Stationary Count,22,0,,,1
S95453195,日本/遠東樹鶯,Horornis diphone/canturians,24287,1,TW-TXG,,L2395343,台中大雪山IBA--小雪山莊(50K)(Dasyueshan IBA--Xiaoxueshan Lodge (50K)),24.2792643,121.0259056,2021-10-02,07:48 AM,eBird - Traveling Count,50,1,.67,,1
S95454213,深山鶯,Horornis acanthizoides,24304,2,TW-TXG,,L2395343,台中大雪山IBA--小雪山莊(50K)(Dasyueshan IBA--Xiaoxueshan Lodge (50K)),24.2792643,121.0259056,2021-10-02,08:43 AM,eBird - Traveling Count,28,1,.41,,1
S95413066,紅頭山雀,Aegithalos concinnus,24356,4,TW-TXG,,L9128028,台中大雪山IBA--大雪山林道15-23K(標記在19K處)(Dasyueshan IBA--Dasyueshan Forest-Road 15-23K),24.2482832,120.9184968,2021-10-01,12:15 PM,eBird - Stationary Count,16,1,,,1
S95454213,褐頭花翼,Fulvetta formosana,24544,3,TW-TXG,,L2395343,台中大雪山IBA--小雪山莊(50K)(Dasyueshan IBA--Xiaoxueshan Lodge (50K)),24.2792643,121.0259056,2021-10-02,08:43 AM,eBird - Traveling Count,28,1,.41,,1
S95413066,冠羽畫眉,Yuhina brunneiceps,24643,5,TW-TXG,,L9128028,台中大雪山IBA--大雪山林道15-23K(標記在19K處)(Dasyueshan IBA--Dasyueshan Forest-Road 15-23K),24.2482832,120.9184968,2021-10-01,12:15 PM,eBird - Stationary Count,16,1,,,1
S95412715,冠羽畫眉,Yuhina brunneiceps,24643,6,TW-TXG,,L1036980,台中大雪山IBA--橫流溪(15K)(Dasyueshan IBA--Hengliu Creek (15K)),24.2392182,120.9095398,2021-10-01,11:25 AM,eBird - Traveling Count,40,0,1.07,,1
S95411069,斯氏繡眼,Zosterops simplex,24735,6,TW-TXG,,L3624542,台中--東勢林業文化園區(Taichung--Dongshi Forestry Culture Park),24.2442193,120.8344549,2021-10-01,10:10 AM,eBird - Traveling Count,29,1,.92,,1
S95411878,山紅頭,Cyanoderma ruficeps,25080,2,TW-TXG,,L3866533,台中大雪山IBA--大雪山林道12K(Dasyueshan IBA--Dasyueshan Forest-Road 12K),24.2208817,120.8941362,2021-10-01,11:10 AM,eBird - Stationary Count,7,0,,,1
S95411878,小彎嘴,Pomatorhinus musicus,25143,2,TW-TXG,,L3866533,台中大雪山IBA--大雪山林道12K(Dasyueshan IBA--Dasyueshan Forest-Road 12K),24.2208817,120.8941362,2021-10-01,11:10 AM,eBird - Stationary Count,7,0,,,1
S95412715,小彎嘴,Pomatorhinus musicus,25143,1,TW-TXG,,L1036980,台中大雪山IBA--橫流溪(15K)(Dasyueshan IBA--Hengliu Creek (15K)),24.2392182,120.9095398,2021-10-01,11:25 AM,eBird - Traveling Count,40,0,1.07,,1
S95413066,繡眼畫眉,Alcippe morrisonia,25509,1,TW-TXG,,L9128028,台中大雪山IBA--大雪山林道15-23K(標記在19K處)(Dasyueshan IBA--Dasyueshan Forest-Road 15-23K),24.2482832,120.9184968,2021-10-01,12:15 PM,eBird - Stationary Count,16,1,,,1
S95451293,台灣噪眉,Trochalopteron morrisonianum,25557,1,TW-TXG,,L3866487,台中大雪山IBA--大雪山林道48K(Dasyueshan IBA--Dasyueshan Forest-Road 48K),24.2691288,121.0306735,2021-10-02,07:38 AM,eBird - Casual Observation,,0,,,1
S95453195,台灣噪眉,Trochalopteron morrisonianum,25557,3,TW-TXG,,L2395343,台中大雪山IBA--小雪山莊(50K)(Dasyueshan IBA--Xiaoxueshan Lodge (50K)),24.2792643,121.0259056,2021-10-02,07:48 AM,eBird - Traveling Count,50,1,.67,,1
S95454213,台灣噪眉,Trochalopteron morrisonianum,25557,6,TW-TXG,,L2395343,台中大雪山IBA--小雪山莊(50K)(Dasyueshan IBA--Xiaoxueshan Lodge (50K)),24.2792643,121.0259056,2021-10-02,08:43 AM,eBird - Traveling Count,28,1,.41,,1
S95413066,白耳畫眉,Heterophasia auricularis,25599,2,TW-TXG,,L9128028,台中大雪山IBA--大雪山林道15-23K(標記在19K處)(Dasyueshan IBA--Dasyueshan Forest-Road 15-23K),24.2482832,120.9184968,2021-10-01,12:15 PM,eBird - Stationary Count,16,1,,,1
S95413066,黃胸藪眉,Liocichla steerii,25695,2,TW-TXG,,L9128028,台中大雪山IBA--大雪山林道15-23K(標記在19K處)(Dasyueshan IBA--Dasyueshan Forest-Road 15-23K),24.2482832,120.9184968,2021-10-01,12:15 PM,eBird - Stationary Count,16,1,,,1
S95453195,火冠戴菊鳥,Regulus goodfellowi,25971,4,TW-TXG,,L2395343,台中大雪山IBA--小雪山莊(50K)(Dasyueshan IBA--Xiaoxueshan Lodge (50K)),24.2792643,121.0259056,2021-10-02,07:48 AM,eBird - Traveling Count,50,1,.67,,1
S95454213,火冠戴菊鳥,Regulus goodfellowi,25971,2,TW-TXG,,L2395343,台中大雪山IBA--小雪山莊(50K)(Dasyueshan IBA--Xiaoxueshan Lodge (50K)),24.2792643,121.0259056,2021-10-02,08:43 AM,eBird - Traveling Count,28,1,.41,,1
S95453195,鷦鷯,Troglodytes troglodytes,26339,3,TW-TXG,,L2395343,台中大雪山IBA--小雪山莊(50K)(Dasyueshan IBA--Xiaoxueshan Lodge (50K)),24.2792643,121.0259056,2021-10-02,07:48 AM,eBird - Traveling Count,50,1,.67,,1
S95411620,家八哥,Acridotheres tristis,26935,2,TW-TXG,,L3987481,台中大雪山IBA--大雪山林道0-15K(標記於9K處)(Dasyueshan IBA--Dasyueshan Forest-Road 0-15K),24.2152,120.88393,2021-10-01,10:50 AM,eBird - Casual Observation,,0,,,1
S95413492,台灣紫嘯鶇,Myophonus insularis,28441,1,TW-TXG,,L2626987,台中大雪山IBA--大雪山林道23.5K(Dasyueshan IBA--Dasyueshan Forest-Road 23.5K),24.2464709,120.9355546,2021-10-01,12:42 PM,eBird - Stationary Count,22,0,,,1
S95413492,白尾鴝,Myiomela leucura,28483,1,TW-TXG,,L2626987,台中大雪山IBA--大雪山林道23.5K(Dasyueshan IBA--Dasyueshan Forest-Road 23.5K),24.2464709,120.9355546,2021-10-01,12:42 PM,eBird - Stationary Count,22,0,,,1
S95451293,栗背林鴝,Tarsiger johnstoniae,28505,2,TW-TXG,,L3866487,台中大雪山IBA--大雪山林道48K(Dasyueshan IBA--Dasyueshan Forest-Road 48K),24.2691288,121.0306735,2021-10-02,07:38 AM,eBird - Casual Observation,,0,,,1
S95412715,鉛色水鶇,Phoenicurus fuliginosus,28606,3,TW-TXG,,L1036980,台中大雪山IBA--橫流溪(15K)(Dasyueshan IBA--Hengliu Creek (15K)),24.2392182,120.9095398,2021-10-01,11:25 AM,eBird - Traveling Count,40,0,1.07,,1
S95450309,紅胸啄花,Dicaeum ignipectus,29077,2,TW-TXG,,L1668212,台中大雪山IBA--鞍馬山莊(43K)(Dasyueshan IBA--Anmashan Lodge (43K)),24.2551921,121.0080309,2021-10-01,07:02 AM,eBird - Traveling Count,43,1,.58,,1
S95455432,紅胸啄花,Dicaeum ignipectus,29077,3,TW-TXG,,L1668212,台中大雪山IBA--鞍馬山莊(43K)(Dasyueshan IBA--Anmashan Lodge (43K)),24.2551921,121.0080309,2021-10-02,09:49 AM,eBird - Stationary Count,4,1,,,1
S95411069,斑文鳥,Lonchura punctulata,30045,2,TW-TXG,,L3624542,台中--東勢林業文化園區(Taichung--Dongshi Forestry Culture Park),24.2442193,120.8344549,2021-10-01,10:10 AM,eBird - Traveling Count,29,1,.92,,1
S95411069,麻雀,Passer montanus,30560,4,TW-TXG,,L3624542,台中--東勢林業文化園區(Taichung--Dongshi Forestry Culture Park),24.2442193,120.8344549,2021-10-01,10:10 AM,eBird - Traveling Count,29,1,.92,,1
S95411069,灰鶺鴒,Motacilla cinerea,30633,1,TW-TXG,,L3624542,台中--東勢林業文化園區(Taichung--Dongshi Forestry Culture Park),24.2442193,120.8344549,2021-10-01,10:10 AM,eBird - Traveling Count,29,1,.92,,1
S95453195,灰鷽,Pyrrhula owstoni,31193,1,TW-TXG,,L2395343,台中大雪山IBA--小雪山莊(50K)(Dasyueshan IBA--Xiaoxueshan Lodge (50K)),24.2792643,121.0259056,2021-10-02,07:48 AM,eBird - Traveling Count,50,1,.67,,1
