Submission ID,Common Name,Scientific Name,Taxonomic Order,Count,State/Province,County,Location ID,Location,Latitude,Longitude,Date,Time,Protocol,Duration (Min),All Obs Reported,Distance Traveled (km),Area Covered (ha),Number of Observers,Breeding Code,Observation Details,Checklist Comments,ML Catalog Numbers
S95416927,黑長尾雉,Syrmaticus mikado,1368,2,TW-TXG,,L10643113,台中大雪山IBA--大雪山林道46.5K觀景台(Dasyueshan IBA--Dasyueshan Forest-Road 46.5K Observation Desk),24.2674668,121.0215282,2021-10-01,02:30 PM,eBird - Traveling Count,178,1,9.04,,4
S95414374,藍腹鷴,Lophura swinhoii,1424,1,TW-TXG,,L2626987,台中大雪山IBA--大雪山林道23.5K(Dasyueshan IBA--Dasyueshan Forest-Road 23.5K),24.2464709,120.9355546,2021-10-01,01:29 PM,eBird - Stationary Count,3,1,,,4
S95416927,灰林鴿,Columba pulchricollis,1890,4,TW-TXG,,L10643113,台中大雪山IBA--大雪山林道46.5K觀景台(Dasyueshan IBA--Dasyueshan Forest-Road 46.5K Observation Desk),24.2674668,121.0215282,2021-10-01,02:30 PM,eBird - Traveling Count,178,1,9.04,,4
S95412610,灰林鴿,Columba pulchricollis,1890,2,TW-TXG,,L1036980,台中大雪山IBA--橫流溪(15K)(Dasyueshan IBA--Hengliu Creek (15K)),24.2392182,120.9095398,2021-10-01,11:50 AM,eBird - Traveling Count,7,1,1.09,,4
S95410890,金背鳩,Streptopelia orientalis,1988,1,TW-TXG,,L3624542,台中--東勢林業文化園區(Taichung--Dongshi Forestry Culture Park),24.2442193,120.8344549,2021-10-01,10:09 AM,eBird - Traveling Count,22,1,.29,,1
S95412129,金背鳩,Streptopelia orientalis,1988,1,TW-TXG,,L2809040,台中大雪山IBA--出雲山農莊(13K)(Dasyueshan IBA--Chuyunshan Lodge (13K)),24.2269905,120.8942688,2021-10-01,11:16 AM,eBird - Traveling Count,13,1,.31,,4
S95412610,金背鳩,Streptopelia orientalis,1988,2,TW-TXG,,L1036980,台中大雪山IBA--橫流溪(15K)(Dasyueshan IBA--Hengliu Creek (15K)),24.2392182,120.9095398,2021-10-01,11:50 AM,eBird - Traveling Count,7,1,1.09,,4
S95411784,金背鳩,Streptopelia orientalis,1988,5,TW-TXG,,L16511884,"東勢區, 台中市, TW (24.228, 120.876)",24.2276268,120.8759218,2021-10-01,10:38 AM,eBird - Traveling Count,34,1,7.2,,1
S95413212,綠鳩,Treron sieboldii,2514,6,TW-TXG,,L16512169,"200線林道, 和平區, 台中市, TW (24.245, 120.93)",24.2451274,120.9297781,2021-10-01,12:41 PM,eBird - Casual Observation,,0,,,4
S95411784,林鵰,Ictinaetus malaiensis,7637,2,TW-TXG,,L16511884,"東勢區, 台中市, TW (24.228, 120.876)",24.2276268,120.8759218,2021-10-01,10:38 AM,eBird - Traveling Count,34,1,7.2,,1
S95421706,黃嘴角鴞,Otus spilocephalus,8249,1,TW-TXG,,L1668212,台中大雪山IBA--鞍馬山莊(43K)(Dasyueshan IBA--Anmashan Lodge (43K)),24.2551921,121.0080309,2021-10-01,09:11 PM,eBird - Casual Observation,,0,,,3
S95413194,五色鳥,Psilopogon nuchalis,10296,1,TW-TXG,,L16512164,"200線林道, 和平區, 台中市, TW (24.246, 120.924)",24.2462259,120.9238092,2021-10-01,12:03 PM,eBird - Traveling Count,37,1,2.24,,4
S95411784,五色鳥,Psilopogon nuchalis,10296,1,TW-TXG,,L16511884,"東勢區, 台中市, TW (24.228, 120.876)",24.2276268,120.8759218,2021-10-01,10:38 AM,eBird - Traveling Count,34,1,7.2,,1
S95413194,小啄木,Yungipicus canicapillus,10743,1,TW-TXG,,L16512164,"200線林道, 和平區, 台中市, TW (24.246, 120.924)",24.2462259,120.9238092,2021-10-01,12:03 PM,eBird - Traveling Count,37,1,2.24,,4
S95413194,綠啄木,Picus canus,11132,1,TW-TXG,,L16512164,"200線林道, 和平區, 台中市, TW (24.246, 120.924)",24.2462259,120.9238092,2021-10-01,12:03 PM,eBird - Traveling Count,37,1,2.24,,4
S95455602,遊隼,Falco peregrinus,11575,1,TW-TXG,,L16519866,"大雪山林道200線, 和平區, 台中市, TW (24.254, 121.01)",24.2538023,121.0095736,2021-10-02,09:56 AM,eBird - Casual Observation,,0,,,4
S95413194,灰喉山椒鳥,Pericrocotus solaris,17875,5,TW-TXG,,L16512164,"200線林道, 和平區, 台中市, TW (24.246, 120.924)",24.2462259,120.9238092,2021-10-01,12:03 PM,eBird - Traveling Count,37,1,2.24,,4
S95412610,灰喉山椒鳥,Pericrocotus solaris,17875,1,TW-TXG,,L1036980,台中大雪山IBA--橫流溪(15K)(Dasyueshan IBA--Hengliu Creek (15K)),24.2392182,120.9095398,2021-10-01,11:50 AM,eBird - Traveling Count,7,1,1.09,,4
S95413194,綠畫眉,Erpornis zantholeuca,18318,1,TW-TXG,,L16512164,"200線林道, 和平區, 台中市, TW (24.246, 120.924)",24.2462259,120.9238092,2021-10-01,12:03 PM,eBird - Traveling Count,37,1,2.24,,4
S95412129,樹鵲,Dendrocitta formosae,20650,1,TW-TXG,,L2809040,台中大雪山IBA--出雲山農莊(13K)(Dasyueshan IBA--Chuyunshan Lodge (13K)),24.2269905,120.8942688,2021-10-01,11:16 AM,eBird - Traveling Count,13,1,.31,,4
S95411784,樹鵲,Dendrocitta formosae,20650,5,TW-TXG,,L16511884,"東勢區, 台中市, TW (24.228, 120.876)",24.2276268,120.8759218,2021-10-01,10:38 AM,eBird - Traveling Count,34,1,7.2,,1
S95450898,星鴉,Nucifraga caryocatactes,20691,1,TW-TXG,,L2395343,台中大雪山IBA--小雪山莊(50K)(Dasyueshan IBA--Xiaoxueshan Lodge (50K)),24.2792643,121.0259056,2021-10-02,06:28 AM,eBird - Traveling Count,65,1,.43,,4
S95416927,煤山雀,Periparus ater,21146,1,TW-TXG,,L10643113,台中大雪山IBA--大雪山林道46.5K觀景台(Dasyueshan IBA--Dasyueshan Forest-Road 46.5K Observation Desk),24.2674668,121.0215282,2021-10-01,02:30 PM,eBird - Traveling Count,178,1,9.04,,4
S95413194,青背山雀,Parus monticolus,21362,1,TW-TXG,,L16512164,"200線林道, 和平區, 台中市, TW (24.246, 120.924)",24.2462259,120.9238092,2021-10-01,12:03 PM,eBird - Traveling Count,37,1,2.24,,4
S95416927,青背山雀,Parus monticolus,21362,1,TW-TXG,,L10643113,台中大雪山IBA--大雪山林道46.5K觀景台(Dasyueshan IBA--Dasyueshan Forest-Road 46.5K Observation Desk),24.2674668,121.0215282,2021-10-01,02:30 PM,eBird - Traveling Count,178,1,9.04,,4
S95413194,黃山雀,Machlolophus holsti,21411,1,TW-TXG,,L16512164,"200線林道, 和平區, 台中市, TW (24.246, 120.924)",24.2462259,120.9238092,2021-10-01,12:03 PM,eBird - Traveling Count,37,1,2.24,,4
S95412450,白環鸚嘴鵯,Spizixos semitorques,23637,1,TW-TXG,,L5757504,台中大雪山IBA--富山巷(Dasyueshan IBA--Fushan Lane (14K)),24.2323219,120.9015316,2021-10-01,11:33 AM,eBird - Traveling Count,15,1,1.84,,4
S95410890,白頭翁,Pycnonotus sinensis,23672,5,TW-TXG,,L3624542,台中--東勢林業文化園區(Taichung--Dongshi Forestry Culture Park),24.2442193,120.8344549,2021-10-01,10:09 AM,eBird - Traveling Count,22,1,.29,,1
S95412610,白頭翁,Pycnonotus sinensis,23672,1,TW-TXG,,L1036980,台中大雪山IBA--橫流溪(15K)(Dasyueshan IBA--Hengliu Creek (15K)),24.2392182,120.9095398,2021-10-01,11:50 AM,eBird - Traveling Count,7,1,1.09,,4
S95412129,紅嘴黑鵯,Hypsipetes leucocephalus,23854,4,TW-TXG,,L2809040,台中大雪山IBA--出雲山農莊(13K)(Dasyueshan IBA--Chuyunshan Lodge (13K)),24.2269905,120.8942688,2021-10-01,11:16 AM,eBird - Traveling Count,13,1,.31,,4
S95411784,紅嘴黑鵯,Hypsipetes leucocephalus,23854,8,TW-TXG,,L16511884,"東勢區, 台中市, TW (24.228, 120.876)",24.2276268,120.8759218,2021-10-01,10:38 AM,eBird - Traveling Count,34,1,7.2,,1
S95413194,棕面鶯,Abroscopus albogularis,24247,1,TW-TXG,,L16512164,"200線林道, 和平區, 台中市, TW (24.246, 120.924)",24.2462259,120.9238092,2021-10-01,12:03 PM,eBird - Traveling Count,37,1,2.24,,4
S95416927,深山鶯,Horornis acanthizoides,24304,1,TW-TXG,,L10643113,台中大雪山IBA--大雪山林道46.5K觀景台(Dasyueshan IBA--Dasyueshan Forest-Road 46.5K Observation Desk),24.2674668,121.0215282,2021-10-01,02:30 PM,eBird - Traveling Count,178,1,9.04,,4
S95416927,紅頭山雀,Aegithalos concinnus,24356,5,TW-TXG,,L10643113,台中大雪山IBA--大雪山林道46.5K觀景台(Dasyueshan IBA--Dasyueshan Forest-Road 46.5K Observation Desk),24.2674668,121.0215282,2021-10-01,02:30 PM,eBird - Traveling Count,178,1,9.04,,4
S95413194,紅頭山雀(concinnus群),Aegithalos concinnus [concinnus Group],24357,1,TW-TXG,,L16512164,"200線林道, 和平區, 台中市, TW (24.246, 120.924)",24.2462259,120.9238092,2021-10-01,12:03 PM,eBird - Traveling Count,37,1,2.24,,4
S95416927,褐頭花翼,Fulvetta formosana,24544,2,TW-TXG,,L10643113,台中大雪山IBA--大雪山林道46.5K觀景台(Dasyueshan IBA--Dasyueshan Forest-Road 46.5K Observation Desk),24.2674668,121.0215282,2021-10-01,02:30 PM,eBird - Traveling Count,178,1,9.04,,4
S95450898,褐頭花翼,Fulvetta formosana,24544,1,TW-TXG,,L2395343,台中大雪山IBA--小雪山莊(50K)(Dasyueshan IBA--Xiaoxueshan Lodge (50K)),24.2792643,121.0259056,2021-10-02,06:28 AM,eBird - Traveling Count,65,1,.43,,4
S95413194,冠羽畫眉,Yuhina brunneiceps,24643,15,TW-TXG,,L16512164,"200線林道, 和平區, 台中市, TW (24.246, 120.924)",24.2462259,120.9238092,2021-10-01,12:03 PM,eBird - Traveling Count,37,1,2.24,,4
S95450898,冠羽畫眉,Yuhina brunneiceps,24643,6,TW-TXG,,L2395343,台中大雪山IBA--小雪山莊(50K)(Dasyueshan IBA--Xiaoxueshan Lodge (50K)),24.2792643,121.0259056,2021-10-02,06:28 AM,eBird - Traveling Count,65,1,.43,,4
S95454190,冠羽畫眉,Yuhina brunneiceps,24643,3,TW-TXG,,L2395343,台中大雪山IBA--小雪山莊(50K)(Dasyueshan IBA--Xiaoxueshan Lodge (50K)),24.2792643,121.0259056,2021-10-02,07:34 AM,eBird - Traveling Count,96,1,1.94,,4
S95410890,斯氏繡眼,Zosterops simplex,24735,3,TW-TXG,,L3624542,台中--東勢林業文化園區(Taichung--Dongshi Forestry Culture Park),24.2442193,120.8344549,2021-10-01,10:09 AM,eBird - Traveling Count,22,1,.29,,1
S95454190,山紅頭,Cyanoderma ruficeps,25080,2,TW-TXG,,L2395343,台中大雪山IBA--小雪山莊(50K)(Dasyueshan IBA--Xiaoxueshan Lodge (50K)),24.2792643,121.0259056,2021-10-02,07:34 AM,eBird - Traveling Count,96,1,1.94,,4
S95413194,繡眼畫眉,Alcippe morrisonia,25509,1,TW-TXG,,L16512164,"200線林道, 和平區, 台中市, TW (24.246, 120.924)",24.2462259,120.9238092,2021-10-01,12:03 PM,eBird - Traveling Count,37,1,2.24,,4
S95412610,繡眼畫眉,Alcippe morrisonia,25509,2,TW-TXG,,L1036980,台中大雪山IBA--橫流溪(15K)(Dasyueshan IBA--Hengliu Creek (15K)),24.2392182,120.9095398,2021-10-01,11:50 AM,eBird - Traveling Count,7,1,1.09,,4
S95416927,台灣噪眉,Trochalopteron morrisonianum,25557,6,TW-TXG,,L10643113,台中大雪山IBA--大雪山林道46.5K觀景台(Dasyueshan IBA--Dasyueshan Forest-Road 46.5K Observation Desk),24.2674668,121.0215282,2021-10-01,02:30 PM,eBird - Traveling Count,178,1,9.04,,4
S95413212,白耳畫眉,Heterophasia auricularis,25599,5,TW-TXG,,L16512169,"200線林道, 和平區, 台中市, TW (24.245, 120.93)",24.2451274,120.9297781,2021-10-01,12:41 PM,eBird - Casual Observation,,0,,,4
S95413194,白耳畫眉,Heterophasia auricularis,25599,10,TW-TXG,,L16512164,"200線林道, 和平區, 台中市, TW (24.246, 120.924)",24.2462259,120.9238092,2021-10-01,12:03 PM,eBird - Traveling Count,37,1,2.24,,4
S95413194,紋翼畫眉,Actinodura morrisoniana,25622,1,TW-TXG,,L16512164,"200線林道, 和平區, 台中市, TW (24.246, 120.924)",24.2462259,120.9238092,2021-10-01,12:03 PM,eBird - Traveling Count,37,1,2.24,,4
S95450898,紋翼畫眉,Actinodura morrisoniana,25622,1,TW-TXG,,L2395343,台中大雪山IBA--小雪山莊(50K)(Dasyueshan IBA--Xiaoxueshan Lodge (50K)),24.2792643,121.0259056,2021-10-02,06:28 AM,eBird - Traveling Count,65,1,.43,,4
S95450898,火冠戴菊鳥,Regulus goodfellowi,25971,3,TW-TXG,,L2395343,台中大雪山IBA--小雪山莊(50K)(Dasyueshan IBA--Xiaoxueshan Lodge (50K)),24.2792643,121.0259056,2021-10-02,06:28 AM,eBird - Traveling Count,65,1,.43,,4
S95454190,紅尾鶲,Muscicapa ferruginea,27815,3,TW-TXG,,L2395343,台中大雪山IBA--小雪山莊(50K)(Dasyueshan IBA--Xiaoxueshan Lodge (50K)),24.2792643,121.0259056,2021-10-02,07:34 AM,eBird - Traveling Count,96,1,1.94,,4
S95413194,黃腹琉璃,Niltava vivida,28184,3,TW-TXG,,L16512164,"200線林道, 和平區, 台中市, TW (24.246, 120.924)",24.2462259,120.9238092,2021-10-01,12:03 PM,eBird - Traveling Count,37,1,2.24,,4
S95415155,台灣紫嘯鶇,Myophonus insularis,28441,1,TW-TXG,,L16512996,"200線林道, 和平區, 台中市, TW (24.248, 120.983)",24.248182,120.9834803,2021-10-01,02:18 PM,eBird - Traveling Count,2,1,1.,,4
S95450898,白眉林鴝,Tarsiger indicus,28498,3,TW-TXG,,L2395343,台中大雪山IBA--小雪山莊(50K)(Dasyueshan IBA--Xiaoxueshan Lodge (50K)),24.2792643,121.0259056,2021-10-02,06:28 AM,eBird - Traveling Count,65,1,.43,,4
S95450898,栗背林鴝,Tarsiger johnstoniae,28505,1,TW-TXG,,L2395343,台中大雪山IBA--小雪山莊(50K)(Dasyueshan IBA--Xiaoxueshan Lodge (50K)),24.2792643,121.0259056,2021-10-02,06:28 AM,eBird - Traveling Count,65,1,.43,,4
S95412450,鉛色水鶇,Phoenicurus fuliginosus,28606,2,TW-TXG,,L5757504,台中大雪山IBA--富山巷(Dasyueshan IBA--Fushan Lane (14K)),24.2323219,120.9015316,2021-10-01,11:33 AM,eBird - Traveling Count,15,1,1.84,,4
S95412450,灰鶺鴒,Motacilla cinerea,30633,1,TW-TXG,,L5757504,台中大雪山IBA--富山巷(Dasyueshan IBA--Fushan Lane (14K)),24.2323219,120.9015316,2021-10-01,11:33 AM,eBird - Traveling Count,15,1,1.84,,4
S95410890,白鶺鴒,Motacilla alba,30675,2,TW-TXG,,L3624542,台中--東勢林業文化園區(Taichung--Dongshi Forestry Culture Park),24.2442193,120.8344549,2021-10-01,10:09 AM,eBird - Traveling Count,22,1,.29,,1
S95450898,台灣朱雀,Carpodacus formosanus,31123,3,TW-TXG,,L2395343,台中大雪山IBA--小雪山莊(50K)(Dasyueshan IBA--Xiaoxueshan Lodge (50K)),24.2792643,121.0259056,2021-10-02,06:28 AM,eBird - Traveling Count,65,1,.43,,4
S95416927,灰鷽,Pyrrhula owstoni,31193,3,TW-TXG,,L10643113,台中大雪山IBA--大雪山林道46.5K觀景台(Dasyueshan IBA--Dasyueshan Forest-Road 46.5K Observation Desk),24.2674668,121.0215282,2021-10-01,02:30 PM,eBird - Traveling Count,178,1,9.04,,4
