Submission ID,Common Name,Scientific Name,Taxonomic Order,Count,State/Province,County,Location ID,Location,Latitude,Longitude,Date,Time,Protocol,Duration (Min),All Obs Reported,Distance Traveled (km),Area Covered (ha),Number of Observers,Breeding Code,Observation Details,Checklist Comments,ML Catalog Numbers
S95451573,黑長尾雉,Syrmaticus mikado,1368,3,TW-TXG,,L2395343,台中大雪山IBA--小雪山莊(50K)(Dasyueshan IBA--Xiaoxueshan Lodge (50K)),24.2792643,121.0259056,2021-10-02,05:56 AM,eBird - Traveling Count,114,1,3.327,,4
S95415795,藍腹鷴,Lophura swinhoii,1424,2,TW-TXG,,L2626987,台中大雪山IBA--大雪山林道23.5K(Dasyueshan IBA--Dasyueshan Forest-Road 23.5K),24.2464709,120.9355546,2021-10-01,02:30 PM,eBird - Traveling Count,43,1,.5,,4,,,記到一半跳掉&#xff0c;不知道時間地點有沒有跑掉
S95416037,藍腹鷴,Lophura swinhoii,1424,1,TW-TXG,,L3204811,台中大雪山IBA--收費站(35K)(Dasyueshan IBA--Ticket Booth (35K)),24.2441848,120.9752089,2021-10-01,03:44 PM,eBird - Stationary Count,5,1,,,4
S95412901,野鴿(野化),Columba livia (Feral Pigeon),1842,2,TW-TXG,,L3987481,台中大雪山IBA--大雪山林道0-15K(標記於9K處)(Dasyueshan IBA--Dasyueshan Forest-Road 0-15K),24.2152,120.88393,2021-10-01,12:14 PM,eBird - Stationary Count,5,1,,,4,,,福勝橋
S95415074,灰林鴿,Columba pulchricollis,1890,1,TW-TXG,,L9128028,台中大雪山IBA--大雪山林道15-23K(標記在19K處)(Dasyueshan IBA--Dasyueshan Forest-Road 15-23K),24.2482832,120.9184968,2021-10-01,02:07 PM,eBird - Traveling Count,8,1,.459,,4
S95415795,灰林鴿,Columba pulchricollis,1890,1,TW-TXG,,L2626987,台中大雪山IBA--大雪山林道23.5K(Dasyueshan IBA--Dasyueshan Forest-Road 23.5K),24.2464709,120.9355546,2021-10-01,02:30 PM,eBird - Traveling Count,43,1,.5,,4,,,記到一半跳掉&#xff0c;不知道時間地點有沒有跑掉
S95412901,金背鳩,Streptopelia orientalis,1988,2,TW-TXG,,L3987481,台中大雪山IBA--大雪山林道0-15K(標記於9K處)(Dasyueshan IBA--Dasyueshan Forest-Road 0-15K),24.2152,120.88393,2021-10-01,12:14 PM,eBird - Stationary Count,5,1,,,4,,,福勝橋
S95410944,紅鳩,Streptopelia tranquebarica,2024,1,TW-TXG,,L3624542,台中--東勢林業文化園區(Taichung--Dongshi Forestry Culture Park),24.2442193,120.8344549,2021-10-01,10:19 AM,eBird - Traveling Count,13,1,.498,,4
S95411650,紅鳩,Streptopelia tranquebarica,2024,6,TW-TXG,,L3987481,台中大雪山IBA--大雪山林道0-15K(標記於9K處)(Dasyueshan IBA--Dasyueshan Forest-Road 0-15K),24.2152,120.88393,2021-10-01,10:43 AM,eBird - Stationary Count,12,1,,,4,,,石角溪福泰橋
S95411650,珠頸斑鳩,Streptopelia chinensis,2034,8,TW-TXG,,L3987481,台中大雪山IBA--大雪山林道0-15K(標記於9K處)(Dasyueshan IBA--Dasyueshan Forest-Road 0-15K),24.2152,120.88393,2021-10-01,10:43 AM,eBird - Stationary Count,12,1,,,4,,,石角溪福泰橋
S95412901,珠頸斑鳩,Streptopelia chinensis,2034,1,TW-TXG,,L3987481,台中大雪山IBA--大雪山林道0-15K(標記於9K處)(Dasyueshan IBA--Dasyueshan Forest-Road 0-15K),24.2152,120.88393,2021-10-01,12:14 PM,eBird - Stationary Count,5,1,,,4,,,福勝橋
S95414758,綠鳩,Treron sieboldii,2514,3,TW-TXG,,L3866533,台中大雪山IBA--大雪山林道12K(Dasyueshan IBA--Dasyueshan Forest-Road 12K),24.2208817,120.8941362,2021-10-01,01:30 PM,eBird - Traveling Count,16,1,.314,,4
S95412703,小雨燕,Apus nipalensis,4051,1,TW-TXG,,L3987481,台中大雪山IBA--大雪山林道0-15K(標記於9K處)(Dasyueshan IBA--Dasyueshan Forest-Road 0-15K),24.2152,120.88393,2021-10-01,11:40 AM,eBird - Traveling Count,24,1,.51,,4,,,麻竹坑東坑路
S95454216,小雨燕,Apus nipalensis,4051,15,TW-TXG,,L2395343,台中大雪山IBA--小雪山莊(50K)(Dasyueshan IBA--Xiaoxueshan Lodge (50K)),24.2792643,121.0259056,2021-10-02,08:07 AM,eBird - Stationary Count,22,1,,,4,,,下面觀景台的
S95412703,白腹秧雞,Amaurornis phoenicurus,5407,1,TW-TXG,,L3987481,台中大雪山IBA--大雪山林道0-15K(標記於9K處)(Dasyueshan IBA--Dasyueshan Forest-Road 0-15K),24.2152,120.88393,2021-10-01,11:40 AM,eBird - Traveling Count,24,1,.51,,4,,,麻竹坑東坑路
S95411650,小環頸鴴,Charadrius dubius,5775,1,TW-TXG,,L3987481,台中大雪山IBA--大雪山林道0-15K(標記於9K處)(Dasyueshan IBA--Dasyueshan Forest-Road 0-15K),24.2152,120.88393,2021-10-01,10:43 AM,eBird - Stationary Count,12,1,,,4,,,石角溪福泰橋
S95412130,小環頸鴴,Charadrius dubius,5775,1,TW-TXG,,L3987481,台中大雪山IBA--大雪山林道0-15K(標記於9K處)(Dasyueshan IBA--Dasyueshan Forest-Road 0-15K),24.2152,120.88393,2021-10-01,11:09 AM,eBird - Stationary Count,20,1,,,4,,,石角溪龍神橋
S95411650,磯鷸,Actitis hypoleucos,6025,1,TW-TXG,,L3987481,台中大雪山IBA--大雪山林道0-15K(標記於9K處)(Dasyueshan IBA--Dasyueshan Forest-Road 0-15K),24.2152,120.88393,2021-10-01,10:43 AM,eBird - Stationary Count,12,1,,,4,,,石角溪福泰橋
S95412130,磯鷸,Actitis hypoleucos,6025,1,TW-TXG,,L3987481,台中大雪山IBA--大雪山林道0-15K(標記於9K處)(Dasyueshan IBA--Dasyueshan Forest-Road 0-15K),24.2152,120.88393,2021-10-01,11:09 AM,eBird - Stationary Count,20,1,,,4,,,石角溪龍神橋
S95411650,小白鷺,Egretta garzetta,7217,3,TW-TXG,,L3987481,台中大雪山IBA--大雪山林道0-15K(標記於9K處)(Dasyueshan IBA--Dasyueshan Forest-Road 0-15K),24.2152,120.88393,2021-10-01,10:43 AM,eBird - Stationary Count,12,1,,,4,,,石角溪福泰橋
S95412703,小白鷺,Egretta garzetta,7217,1,TW-TXG,,L3987481,台中大雪山IBA--大雪山林道0-15K(標記於9K處)(Dasyueshan IBA--Dasyueshan Forest-Road 0-15K),24.2152,120.88393,2021-10-01,11:40 AM,eBird - Traveling Count,24,1,.51,,4,,,麻竹坑東坑路
S95411650,黃頭鷺,Bubulcus ibis,7247,1,TW-TXG,,L3987481,台中大雪山IBA--大雪山林道0-15K(標記於9K處)(Dasyueshan IBA--Dasyueshan Forest-Road 0-15K),24.2152,120.88393,2021-10-01,10:43 AM,eBird - Stationary Count,12,1,,,4,,,石角溪福泰橋
S95412130,夜鷺,Nycticorax nycticorax,7305,1,TW-TXG,,L3987481,台中大雪山IBA--大雪山林道0-15K(標記於9K處)(Dasyueshan IBA--Dasyueshan Forest-Road 0-15K),24.2152,120.88393,2021-10-01,11:09 AM,eBird - Stationary Count,20,1,,,4,,,石角溪龍神橋
S95410944,黑冠麻鷺,Gorsachius melanolophus,7332,1,TW-TXG,,L3624542,台中--東勢林業文化園區(Taichung--Dongshi Forestry Culture Park),24.2442193,120.8344549,2021-10-01,10:19 AM,eBird - Traveling Count,13,1,.498,,4
S95412130,東方蜂鷹,Pernis ptilorhynchus,7476,2,TW-TXG,,L3987481,台中大雪山IBA--大雪山林道0-15K(標記於9K處)(Dasyueshan IBA--Dasyueshan Forest-Road 0-15K),24.2152,120.88393,2021-10-01,11:09 AM,eBird - Stationary Count,20,1,,,4,,,石角溪龍神橋
S95412130,大冠鷲,Spilornis cheela,7554,1,TW-TXG,,L3987481,台中大雪山IBA--大雪山林道0-15K(標記於9K處)(Dasyueshan IBA--Dasyueshan Forest-Road 0-15K),24.2152,120.88393,2021-10-01,11:09 AM,eBird - Stationary Count,20,1,,,4,,,石角溪龍神橋
S95412703,大冠鷲,Spilornis cheela,7554,1,TW-TXG,,L3987481,台中大雪山IBA--大雪山林道0-15K(標記於9K處)(Dasyueshan IBA--Dasyueshan Forest-Road 0-15K),24.2152,120.88393,2021-10-01,11:40 AM,eBird - Traveling Count,24,1,.51,,4,,,麻竹坑東坑路
S95412130,林鵰,Ictinaetus malaiensis,7637,1,TW-TXG,,L3987481,台中大雪山IBA--大雪山林道0-15K(標記於9K處)(Dasyueshan IBA--Dasyueshan Forest-Road 0-15K),24.2152,120.88393,2021-10-01,11:09 AM,eBird - Stationary Count,20,1,,,4,,,石角溪龍神橋
S95412703,鳳頭蒼鷹,Accipiter trivirgatus,7742,1,TW-TXG,,L3987481,台中大雪山IBA--大雪山林道0-15K(標記於9K處)(Dasyueshan IBA--Dasyueshan Forest-Road 0-15K),24.2152,120.88393,2021-10-01,11:40 AM,eBird - Traveling Count,24,1,.51,,4,,,麻竹坑東坑路
S95454216,鳳頭蒼鷹,Accipiter trivirgatus,7742,1,TW-TXG,,L2395343,台中大雪山IBA--小雪山莊(50K)(Dasyueshan IBA--Xiaoxueshan Lodge (50K)),24.2792643,121.0259056,2021-10-02,08:07 AM,eBird - Stationary Count,22,1,,,4,,,下面觀景台的
S95412703,東方鵟,Buteo japonicus,8133,1,TW-TXG,,L3987481,台中大雪山IBA--大雪山林道0-15K(標記於9K處)(Dasyueshan IBA--Dasyueshan Forest-Road 0-15K),24.2152,120.88393,2021-10-01,11:40 AM,eBird - Traveling Count,24,1,.51,,4,,,麻竹坑東坑路
S95418395,黃嘴角鴞,Otus spilocephalus,8249,2,TW-TXG,,L1668212,台中大雪山IBA--鞍馬山莊(43K)(Dasyueshan IBA--Anmashan Lodge (43K)),24.2551921,121.0080309,2021-10-01,07:12 PM,eBird - Stationary Count,10,1,,,4
S95445128,東方灰林鴞,Strix nivicolum,8763,1,TW-TXG,,L1668212,台中大雪山IBA--鞍馬山莊(43K)(Dasyueshan IBA--Anmashan Lodge (43K)),24.2551921,121.0080309,2021-10-02,05:17 AM,eBird - Stationary Count,10,1,,,4,,叫聲
S95412703,翠鳥,Alcedo atthis,9389,1,TW-TXG,,L3987481,台中大雪山IBA--大雪山林道0-15K(標記於9K處)(Dasyueshan IBA--Dasyueshan Forest-Road 0-15K),24.2152,120.88393,2021-10-01,11:40 AM,eBird - Traveling Count,24,1,.51,,4,,,麻竹坑東坑路
S95410944,五色鳥,Psilopogon nuchalis,10296,2,TW-TXG,,L3624542,台中--東勢林業文化園區(Taichung--Dongshi Forestry Culture Park),24.2442193,120.8344549,2021-10-01,10:19 AM,eBird - Traveling Count,13,1,.498,,4
S95414758,五色鳥,Psilopogon nuchalis,10296,2,TW-TXG,,L3866533,台中大雪山IBA--大雪山林道12K(Dasyueshan IBA--Dasyueshan Forest-Road 12K),24.2208817,120.8941362,2021-10-01,01:30 PM,eBird - Traveling Count,16,1,.314,,4
S95410944,小啄木,Yungipicus canicapillus,10743,1,TW-TXG,,L3624542,台中--東勢林業文化園區(Taichung--Dongshi Forestry Culture Park),24.2442193,120.8344549,2021-10-01,10:19 AM,eBird - Traveling Count,13,1,.498,,4
S95451573,大赤啄木,Dendrocopos leucotos,10830,1,TW-TXG,,L2395343,台中大雪山IBA--小雪山莊(50K)(Dasyueshan IBA--Xiaoxueshan Lodge (50K)),24.2792643,121.0259056,2021-10-02,05:56 AM,eBird - Traveling Count,114,1,3.327,,4
S95414758,灰喉山椒鳥,Pericrocotus solaris,17875,2,TW-TXG,,L3866533,台中大雪山IBA--大雪山林道12K(Dasyueshan IBA--Dasyueshan Forest-Road 12K),24.2208817,120.8941362,2021-10-01,01:30 PM,eBird - Traveling Count,16,1,.314,,4
S95414758,綠畫眉,Erpornis zantholeuca,18318,2,TW-TXG,,L3866533,台中大雪山IBA--大雪山林道12K(Dasyueshan IBA--Dasyueshan Forest-Road 12K),24.2208817,120.8941362,2021-10-01,01:30 PM,eBird - Traveling Count,16,1,.314,,4
S95410944,大卷尾,Dicrurus macrocercus,19657,1,TW-TXG,,L3624542,台中--東勢林業文化園區(Taichung--Dongshi Forestry Culture Park),24.2442193,120.8344549,2021-10-01,10:19 AM,eBird - Traveling Count,13,1,.498,,4
S95411650,大卷尾,Dicrurus macrocercus,19657,1,TW-TXG,,L3987481,台中大雪山IBA--大雪山林道0-15K(標記於9K處)(Dasyueshan IBA--Dasyueshan Forest-Road 0-15K),24.2152,120.88393,2021-10-01,10:43 AM,eBird - Stationary Count,12,1,,,4,,,石角溪福泰橋
S95412130,大卷尾,Dicrurus macrocercus,19657,1,TW-TXG,,L3987481,台中大雪山IBA--大雪山林道0-15K(標記於9K處)(Dasyueshan IBA--Dasyueshan Forest-Road 0-15K),24.2152,120.88393,2021-10-01,11:09 AM,eBird - Stationary Count,20,1,,,4,,,石角溪龍神橋
S95414758,小卷尾,Dicrurus aeneus,19691,2,TW-TXG,,L3866533,台中大雪山IBA--大雪山林道12K(Dasyueshan IBA--Dasyueshan Forest-Road 12K),24.2208817,120.8941362,2021-10-01,01:30 PM,eBird - Traveling Count,16,1,.314,,4
S95410944,黑枕藍鶲,Hypothymis azurea,19899,1,TW-TXG,,L3624542,台中--東勢林業文化園區(Taichung--Dongshi Forestry Culture Park),24.2442193,120.8344549,2021-10-01,10:19 AM,eBird - Traveling Count,13,1,.498,,4
S95410944,紅尾伯勞,Lanius cristatus,20246,1,TW-TXG,,L3624542,台中--東勢林業文化園區(Taichung--Dongshi Forestry Culture Park),24.2442193,120.8344549,2021-10-01,10:19 AM,eBird - Traveling Count,13,1,.498,,4
S95412703,紅尾伯勞,Lanius cristatus,20246,1,TW-TXG,,L3987481,台中大雪山IBA--大雪山林道0-15K(標記於9K處)(Dasyueshan IBA--Dasyueshan Forest-Road 0-15K),24.2152,120.88393,2021-10-01,11:40 AM,eBird - Traveling Count,24,1,.51,,4,,,麻竹坑東坑路
S95417088,松鴉,Garrulus glandarius,20545,1,TW-TXG,,L2395343,台中大雪山IBA--小雪山莊(50K)(Dasyueshan IBA--Xiaoxueshan Lodge (50K)),24.2792643,121.0259056,2021-10-01,04:20 PM,eBird - Traveling Count,86,1,2.282,,4,,鳥音
S95410944,樹鵲,Dendrocitta formosae,20650,1,TW-TXG,,L3624542,台中--東勢林業文化園區(Taichung--Dongshi Forestry Culture Park),24.2442193,120.8344549,2021-10-01,10:19 AM,eBird - Traveling Count,13,1,.498,,4
S95411650,樹鵲,Dendrocitta formosae,20650,2,TW-TXG,,L3987481,台中大雪山IBA--大雪山林道0-15K(標記於9K處)(Dasyueshan IBA--Dasyueshan Forest-Road 0-15K),24.2152,120.88393,2021-10-01,10:43 AM,eBird - Stationary Count,12,1,,,4,,,石角溪福泰橋
S95451573,星鴉,Nucifraga caryocatactes,20691,2,TW-TXG,,L2395343,台中大雪山IBA--小雪山莊(50K)(Dasyueshan IBA--Xiaoxueshan Lodge (50K)),24.2792643,121.0259056,2021-10-02,05:56 AM,eBird - Traveling Count,114,1,3.327,,4
S95454395,巨嘴鴉,Corvus macrorhynchos,20792,2,TW-TXG,,L5612524,台中大雪山IBA--大雪山林道23-35K(標示在29K附近)(Dasyueshan IBA--Dasyueshan Forest-Road 23-35K),24.2345395,120.9654145,2021-10-02,09:11 AM,eBird - Stationary Count,5,1,,,4,,,雪山橋
S95417088,煤山雀,Periparus ater,21146,1,TW-TXG,,L2395343,台中大雪山IBA--小雪山莊(50K)(Dasyueshan IBA--Xiaoxueshan Lodge (50K)),24.2792643,121.0259056,2021-10-01,04:20 PM,eBird - Traveling Count,86,1,2.282,,4,,鳥音
S95451573,煤山雀,Periparus ater,21146,3,TW-TXG,,L2395343,台中大雪山IBA--小雪山莊(50K)(Dasyueshan IBA--Xiaoxueshan Lodge (50K)),24.2792643,121.0259056,2021-10-02,05:56 AM,eBird - Traveling Count,114,1,3.327,,4
S95451573,青背山雀,Parus monticolus,21362,5,TW-TXG,,L2395343,台中大雪山IBA--小雪山莊(50K)(Dasyueshan IBA--Xiaoxueshan Lodge (50K)),24.2792643,121.0259056,2021-10-02,05:56 AM,eBird - Traveling Count,114,1,3.327,,4
S95417088,黃山雀,Machlolophus holsti,21411,1,TW-TXG,,L2395343,台中大雪山IBA--小雪山莊(50K)(Dasyueshan IBA--Xiaoxueshan Lodge (50K)),24.2792643,121.0259056,2021-10-01,04:20 PM,eBird - Traveling Count,86,1,2.282,,4,,鳥音
S95451573,黃山雀,Machlolophus holsti,21411,1,TW-TXG,,L2395343,台中大雪山IBA--小雪山莊(50K)(Dasyueshan IBA--Xiaoxueshan Lodge (50K)),24.2792643,121.0259056,2021-10-02,05:56 AM,eBird - Traveling Count,114,1,3.327,,4
S95414758,斑紋鷦鶯,Prinia striata,22371,1,TW-TXG,,L3866533,台中大雪山IBA--大雪山林道12K(Dasyueshan IBA--Dasyueshan Forest-Road 12K),24.2208817,120.8941362,2021-10-01,01:30 PM,eBird - Traveling Count,16,1,.314,,4
S95411650,褐頭鷦鶯,Prinia inornata,22454,1,TW-TXG,,L3987481,台中大雪山IBA--大雪山林道0-15K(標記於9K處)(Dasyueshan IBA--Dasyueshan Forest-Road 0-15K),24.2152,120.88393,2021-10-01,10:43 AM,eBird - Stationary Count,12,1,,,4,,,石角溪福泰橋
S95412130,褐頭鷦鶯,Prinia inornata,22454,1,TW-TXG,,L3987481,台中大雪山IBA--大雪山林道0-15K(標記於9K處)(Dasyueshan IBA--Dasyueshan Forest-Road 0-15K),24.2152,120.88393,2021-10-01,11:09 AM,eBird - Stationary Count,20,1,,,4,,,石角溪龍神橋
S95417088,台灣叢樹鶯,Locustella alishanensis,22990,1,TW-TXG,,L2395343,台中大雪山IBA--小雪山莊(50K)(Dasyueshan IBA--Xiaoxueshan Lodge (50K)),24.2792643,121.0259056,2021-10-01,04:20 PM,eBird - Traveling Count,86,1,2.282,,4,,鳥音
S95451573,台灣鷦眉,Pnoepyga formosana,23138,3,TW-TXG,,L2395343,台中大雪山IBA--小雪山莊(50K)(Dasyueshan IBA--Xiaoxueshan Lodge (50K)),24.2792643,121.0259056,2021-10-02,05:56 AM,eBird - Traveling Count,114,1,3.327,,4
S95412703,家燕,Hirundo rustica,23291,1,TW-TXG,,L3987481,台中大雪山IBA--大雪山林道0-15K(標記於9K處)(Dasyueshan IBA--Dasyueshan Forest-Road 0-15K),24.2152,120.88393,2021-10-01,11:40 AM,eBird - Traveling Count,24,1,.51,,4,,,麻竹坑東坑路
S95411650,洋燕,Hirundo tahitica,23319,1,TW-TXG,,L3987481,台中大雪山IBA--大雪山林道0-15K(標記於9K處)(Dasyueshan IBA--Dasyueshan Forest-Road 0-15K),24.2152,120.88393,2021-10-01,10:43 AM,eBird - Stationary Count,12,1,,,4,,,石角溪福泰橋
S95412130,洋燕,Hirundo tahitica,23319,7,TW-TXG,,L3987481,台中大雪山IBA--大雪山林道0-15K(標記於9K處)(Dasyueshan IBA--Dasyueshan Forest-Road 0-15K),24.2152,120.88393,2021-10-01,11:09 AM,eBird - Stationary Count,20,1,,,4,,,石角溪龍神橋
S95412703,赤腰燕,Cecropis striolata,23351,2,TW-TXG,,L3987481,台中大雪山IBA--大雪山林道0-15K(標記於9K處)(Dasyueshan IBA--Dasyueshan Forest-Road 0-15K),24.2152,120.88393,2021-10-01,11:40 AM,eBird - Traveling Count,24,1,.51,,4,,,麻竹坑東坑路
S95454395,東方毛腳燕,Delichon dasypus,23414,40,TW-TXG,,L5612524,台中大雪山IBA--大雪山林道23-35K(標示在29K附近)(Dasyueshan IBA--Dasyueshan Forest-Road 23-35K),24.2345395,120.9654145,2021-10-02,09:11 AM,eBird - Stationary Count,5,1,,,4,,,雪山橋
S95454216,東方毛腳燕,Delichon dasypus,23414,2,TW-TXG,,L2395343,台中大雪山IBA--小雪山莊(50K)(Dasyueshan IBA--Xiaoxueshan Lodge (50K)),24.2792643,121.0259056,2021-10-02,08:07 AM,eBird - Stationary Count,22,1,,,4,,,下面觀景台的
S95410944,白頭翁,Pycnonotus sinensis,23672,6,TW-TXG,,L3624542,台中--東勢林業文化園區(Taichung--Dongshi Forestry Culture Park),24.2442193,120.8344549,2021-10-01,10:19 AM,eBird - Traveling Count,13,1,.498,,4
S95411650,白頭翁,Pycnonotus sinensis,23672,1,TW-TXG,,L3987481,台中大雪山IBA--大雪山林道0-15K(標記於9K處)(Dasyueshan IBA--Dasyueshan Forest-Road 0-15K),24.2152,120.88393,2021-10-01,10:43 AM,eBird - Stationary Count,12,1,,,4,,,石角溪福泰橋
S95410944,紅嘴黑鵯,Hypsipetes leucocephalus,23854,3,TW-TXG,,L3624542,台中--東勢林業文化園區(Taichung--Dongshi Forestry Culture Park),24.2442193,120.8344549,2021-10-01,10:19 AM,eBird - Traveling Count,13,1,.498,,4
S95414758,棕面鶯,Abroscopus albogularis,24247,3,TW-TXG,,L3866533,台中大雪山IBA--大雪山林道12K(Dasyueshan IBA--Dasyueshan Forest-Road 12K),24.2208817,120.8941362,2021-10-01,01:30 PM,eBird - Traveling Count,16,1,.314,,4
S95415074,棕面鶯,Abroscopus albogularis,24247,1,TW-TXG,,L9128028,台中大雪山IBA--大雪山林道15-23K(標記在19K處)(Dasyueshan IBA--Dasyueshan Forest-Road 15-23K),24.2482832,120.9184968,2021-10-01,02:07 PM,eBird - Traveling Count,8,1,.459,,4
S95415795,棕面鶯,Abroscopus albogularis,24247,1,TW-TXG,,L2626987,台中大雪山IBA--大雪山林道23.5K(Dasyueshan IBA--Dasyueshan Forest-Road 23.5K),24.2464709,120.9355546,2021-10-01,02:30 PM,eBird - Traveling Count,43,1,.5,,4,,,記到一半跳掉&#xff0c;不知道時間地點有沒有跑掉
S95417088,深山鶯,Horornis acanthizoides,24304,2,TW-TXG,,L2395343,台中大雪山IBA--小雪山莊(50K)(Dasyueshan IBA--Xiaoxueshan Lodge (50K)),24.2792643,121.0259056,2021-10-01,04:20 PM,eBird - Traveling Count,86,1,2.282,,4,,鳥音
S95451573,深山鶯,Horornis acanthizoides,24304,2,TW-TXG,,L2395343,台中大雪山IBA--小雪山莊(50K)(Dasyueshan IBA--Xiaoxueshan Lodge (50K)),24.2792643,121.0259056,2021-10-02,05:56 AM,eBird - Traveling Count,114,1,3.327,,4
S95417088,紅頭山雀,Aegithalos concinnus,24356,4,TW-TXG,,L2395343,台中大雪山IBA--小雪山莊(50K)(Dasyueshan IBA--Xiaoxueshan Lodge (50K)),24.2792643,121.0259056,2021-10-01,04:20 PM,eBird - Traveling Count,86,1,2.282,,4,,鳥音
S95451573,褐頭花翼,Fulvetta formosana,24544,6,TW-TXG,,L2395343,台中大雪山IBA--小雪山莊(50K)(Dasyueshan IBA--Xiaoxueshan Lodge (50K)),24.2792643,121.0259056,2021-10-02,05:56 AM,eBird - Traveling Count,114,1,3.327,,4
S95415074,冠羽畫眉,Yuhina brunneiceps,24643,9,TW-TXG,,L9128028,台中大雪山IBA--大雪山林道15-23K(標記在19K處)(Dasyueshan IBA--Dasyueshan Forest-Road 15-23K),24.2482832,120.9184968,2021-10-01,02:07 PM,eBird - Traveling Count,8,1,.459,,4
S95451573,冠羽畫眉,Yuhina brunneiceps,24643,9,TW-TXG,,L2395343,台中大雪山IBA--小雪山莊(50K)(Dasyueshan IBA--Xiaoxueshan Lodge (50K)),24.2792643,121.0259056,2021-10-02,05:56 AM,eBird - Traveling Count,114,1,3.327,,4
S95410944,斯氏繡眼,Zosterops simplex,24735,4,TW-TXG,,L3624542,台中--東勢林業文化園區(Taichung--Dongshi Forestry Culture Park),24.2442193,120.8344549,2021-10-01,10:19 AM,eBird - Traveling Count,13,1,.498,,4
S95414758,山紅頭,Cyanoderma ruficeps,25080,1,TW-TXG,,L3866533,台中大雪山IBA--大雪山林道12K(Dasyueshan IBA--Dasyueshan Forest-Road 12K),24.2208817,120.8941362,2021-10-01,01:30 PM,eBird - Traveling Count,16,1,.314,,4
S95415795,山紅頭,Cyanoderma ruficeps,25080,1,TW-TXG,,L2626987,台中大雪山IBA--大雪山林道23.5K(Dasyueshan IBA--Dasyueshan Forest-Road 23.5K),24.2464709,120.9355546,2021-10-01,02:30 PM,eBird - Traveling Count,43,1,.5,,4,,,記到一半跳掉&#xff0c;不知道時間地點有沒有跑掉
S95451573,山紅頭,Cyanoderma ruficeps,25080,1,TW-TXG,,L2395343,台中大雪山IBA--小雪山莊(50K)(Dasyueshan IBA--Xiaoxueshan Lodge (50K)),24.2792643,121.0259056,2021-10-02,05:56 AM,eBird - Traveling Count,114,1,3.327,,4
S95454216,山紅頭,Cyanoderma ruficeps,25080,1,TW-TXG,,L2395343,台中大雪山IBA--小雪山莊(50K)(Dasyueshan IBA--Xiaoxueshan Lodge (50K)),24.2792643,121.0259056,2021-10-02,08:07 AM,eBird - Stationary Count,22,1,,,4,,,下面觀景台的
S95415795,頭烏線,Schoeniparus brunneus,25299,1,TW-TXG,,L2626987,台中大雪山IBA--大雪山林道23.5K(Dasyueshan IBA--Dasyueshan Forest-Road 23.5K),24.2464709,120.9355546,2021-10-01,02:30 PM,eBird - Traveling Count,43,1,.5,,4,,,記到一半跳掉&#xff0c;不知道時間地點有沒有跑掉
S95414758,繡眼畫眉,Alcippe morrisonia,25509,4,TW-TXG,,L3866533,台中大雪山IBA--大雪山林道12K(Dasyueshan IBA--Dasyueshan Forest-Road 12K),24.2208817,120.8941362,2021-10-01,01:30 PM,eBird - Traveling Count,16,1,.314,,4
S95417088,台灣噪眉,Trochalopteron morrisonianum,25557,6,TW-TXG,,L2395343,台中大雪山IBA--小雪山莊(50K)(Dasyueshan IBA--Xiaoxueshan Lodge (50K)),24.2792643,121.0259056,2021-10-01,04:20 PM,eBird - Traveling Count,86,1,2.282,,4
S95451573,台灣噪眉,Trochalopteron morrisonianum,25557,2,TW-TXG,,L2395343,台中大雪山IBA--小雪山莊(50K)(Dasyueshan IBA--Xiaoxueshan Lodge (50K)),24.2792643,121.0259056,2021-10-02,05:56 AM,eBird - Traveling Count,114,1,3.327,,4
S95455256,白耳畫眉,Heterophasia auricularis,25599,1,TW-TXG,,L3204811,台中大雪山IBA--收費站(35K)(Dasyueshan IBA--Ticket Booth (35K)),24.2441848,120.9752089,2021-10-02,09:27 AM,eBird - Traveling Count,19,1,.741,,4
S95415074,紋翼畫眉,Actinodura morrisoniana,25622,1,TW-TXG,,L9128028,台中大雪山IBA--大雪山林道15-23K(標記在19K處)(Dasyueshan IBA--Dasyueshan Forest-Road 15-23K),24.2482832,120.9184968,2021-10-01,02:07 PM,eBird - Traveling Count,8,1,.459,,4
S95415074,黃胸藪眉,Liocichla steerii,25695,1,TW-TXG,,L9128028,台中大雪山IBA--大雪山林道15-23K(標記在19K處)(Dasyueshan IBA--Dasyueshan Forest-Road 15-23K),24.2482832,120.9184968,2021-10-01,02:07 PM,eBird - Traveling Count,8,1,.459,,4
S95415795,黃胸藪眉,Liocichla steerii,25695,1,TW-TXG,,L2626987,台中大雪山IBA--大雪山林道23.5K(Dasyueshan IBA--Dasyueshan Forest-Road 23.5K),24.2464709,120.9355546,2021-10-01,02:30 PM,eBird - Traveling Count,43,1,.5,,4,,,記到一半跳掉&#xff0c;不知道時間地點有沒有跑掉
S95451573,黃胸藪眉,Liocichla steerii,25695,1,TW-TXG,,L2395343,台中大雪山IBA--小雪山莊(50K)(Dasyueshan IBA--Xiaoxueshan Lodge (50K)),24.2792643,121.0259056,2021-10-02,05:56 AM,eBird - Traveling Count,114,1,3.327,,4
S95455256,棕噪眉,Pterorhinus poecilorhynchus,25939,1,TW-TXG,,L3204811,台中大雪山IBA--收費站(35K)(Dasyueshan IBA--Ticket Booth (35K)),24.2441848,120.9752089,2021-10-02,09:27 AM,eBird - Traveling Count,19,1,.741,,4,,模仿大冠鷲叫聲
S95451573,火冠戴菊鳥,Regulus goodfellowi,25971,2,TW-TXG,,L2395343,台中大雪山IBA--小雪山莊(50K)(Dasyueshan IBA--Xiaoxueshan Lodge (50K)),24.2792643,121.0259056,2021-10-02,05:56 AM,eBird - Traveling Count,114,1,3.327,,4
S95455256,茶腹鳾,Sitta europaea,25988,3,TW-TXG,,L3204811,台中大雪山IBA--收費站(35K)(Dasyueshan IBA--Ticket Booth (35K)),24.2441848,120.9752089,2021-10-02,09:27 AM,eBird - Traveling Count,19,1,.741,,4
S95451573,鷦鷯,Troglodytes troglodytes,26339,1,TW-TXG,,L2395343,台中大雪山IBA--小雪山莊(50K)(Dasyueshan IBA--Xiaoxueshan Lodge (50K)),24.2792643,121.0259056,2021-10-02,05:56 AM,eBird - Traveling Count,114,1,3.327,,4
S95411650,家八哥,Acridotheres tristis,26935,1,TW-TXG,,L3987481,台中大雪山IBA--大雪山林道0-15K(標記於9K處)(Dasyueshan IBA--Dasyueshan Forest-Road 0-15K),24.2152,120.88393,2021-10-01,10:43 AM,eBird - Stationary Count,12,1,,,4,,,石角溪福泰橋
S95411650,白尾八哥,Acridotheres javanicus,26952,8,TW-TXG,,L3987481,台中大雪山IBA--大雪山林道0-15K(標記於9K處)(Dasyueshan IBA--Dasyueshan Forest-Road 0-15K),24.2152,120.88393,2021-10-01,10:43 AM,eBird - Stationary Count,12,1,,,4,,,石角溪福泰橋
S95412130,白尾八哥,Acridotheres javanicus,26952,2,TW-TXG,,L3987481,台中大雪山IBA--大雪山林道0-15K(標記於9K處)(Dasyueshan IBA--Dasyueshan Forest-Road 0-15K),24.2152,120.88393,2021-10-01,11:09 AM,eBird - Stationary Count,20,1,,,4,,,石角溪龍神橋
S95417088,小翼鶇,Brachypteryx goodfellowi,28374,2,TW-TXG,,L2395343,台中大雪山IBA--小雪山莊(50K)(Dasyueshan IBA--Xiaoxueshan Lodge (50K)),24.2792643,121.0259056,2021-10-01,04:20 PM,eBird - Traveling Count,86,1,2.282,,4
S95451573,小翼鶇,Brachypteryx goodfellowi,28374,2,TW-TXG,,L2395343,台中大雪山IBA--小雪山莊(50K)(Dasyueshan IBA--Xiaoxueshan Lodge (50K)),24.2792643,121.0259056,2021-10-02,05:56 AM,eBird - Traveling Count,114,1,3.327,,4
S95416037,台灣紫嘯鶇,Myophonus insularis,28441,1,TW-TXG,,L3204811,台中大雪山IBA--收費站(35K)(Dasyueshan IBA--Ticket Booth (35K)),24.2441848,120.9752089,2021-10-01,03:44 PM,eBird - Stationary Count,5,1,,,4
S95415795,白尾鴝,Myiomela leucura,28483,2,TW-TXG,,L2626987,台中大雪山IBA--大雪山林道23.5K(Dasyueshan IBA--Dasyueshan Forest-Road 23.5K),24.2464709,120.9355546,2021-10-01,02:30 PM,eBird - Traveling Count,43,1,.5,,4,,,記到一半跳掉&#xff0c;不知道時間地點有沒有跑掉
S95417088,栗背林鴝,Tarsiger johnstoniae,28505,2,TW-TXG,,L2395343,台中大雪山IBA--小雪山莊(50K)(Dasyueshan IBA--Xiaoxueshan Lodge (50K)),24.2792643,121.0259056,2021-10-01,04:20 PM,eBird - Traveling Count,86,1,2.282,,4
S95451573,栗背林鴝,Tarsiger johnstoniae,28505,6,TW-TXG,,L2395343,台中大雪山IBA--小雪山莊(50K)(Dasyueshan IBA--Xiaoxueshan Lodge (50K)),24.2792643,121.0259056,2021-10-02,05:56 AM,eBird - Traveling Count,114,1,3.327,,4
S95411650,斑文鳥,Lonchura punctulata,30045,4,TW-TXG,,L3987481,台中大雪山IBA--大雪山林道0-15K(標記於9K處)(Dasyueshan IBA--Dasyueshan Forest-Road 0-15K),24.2152,120.88393,2021-10-01,10:43 AM,eBird - Stationary Count,12,1,,,4,,,石角溪福泰橋
S95412703,白腰文鳥,Lonchura striata,30063,4,TW-TXG,,L3987481,台中大雪山IBA--大雪山林道0-15K(標記於9K處)(Dasyueshan IBA--Dasyueshan Forest-Road 0-15K),24.2152,120.88393,2021-10-01,11:40 AM,eBird - Traveling Count,24,1,.51,,4,,,麻竹坑東坑路
S95410944,麻雀,Passer montanus,30560,10,TW-TXG,,L3624542,台中--東勢林業文化園區(Taichung--Dongshi Forestry Culture Park),24.2442193,120.8344549,2021-10-01,10:19 AM,eBird - Traveling Count,13,1,.498,,4
S95411650,麻雀,Passer montanus,30560,6,TW-TXG,,L3987481,台中大雪山IBA--大雪山林道0-15K(標記於9K處)(Dasyueshan IBA--Dasyueshan Forest-Road 0-15K),24.2152,120.88393,2021-10-01,10:43 AM,eBird - Stationary Count,12,1,,,4,,,石角溪福泰橋
S95411650,灰鶺鴒,Motacilla cinerea,30633,3,TW-TXG,,L3987481,台中大雪山IBA--大雪山林道0-15K(標記於9K處)(Dasyueshan IBA--Dasyueshan Forest-Road 0-15K),24.2152,120.88393,2021-10-01,10:43 AM,eBird - Stationary Count,12,1,,,4,,,石角溪福泰橋
S95412130,灰鶺鴒,Motacilla cinerea,30633,1,TW-TXG,,L3987481,台中大雪山IBA--大雪山林道0-15K(標記於9K處)(Dasyueshan IBA--Dasyueshan Forest-Road 0-15K),24.2152,120.88393,2021-10-01,11:09 AM,eBird - Stationary Count,20,1,,,4,,,石角溪龍神橋
S95412703,灰鶺鴒,Motacilla cinerea,30633,2,TW-TXG,,L3987481,台中大雪山IBA--大雪山林道0-15K(標記於9K處)(Dasyueshan IBA--Dasyueshan Forest-Road 0-15K),24.2152,120.88393,2021-10-01,11:40 AM,eBird - Traveling Count,24,1,.51,,4,,,麻竹坑東坑路
S95412130,東方黃鶺鴒,Motacilla tschutschensis,30655,1,TW-TXG,,L3987481,台中大雪山IBA--大雪山林道0-15K(標記於9K處)(Dasyueshan IBA--Dasyueshan Forest-Road 0-15K),24.2152,120.88393,2021-10-01,11:09 AM,eBird - Stationary Count,20,1,,,4,,,石角溪龍神橋
S95411650,白鶺鴒,Motacilla alba,30675,1,TW-TXG,,L3987481,台中大雪山IBA--大雪山林道0-15K(標記於9K處)(Dasyueshan IBA--Dasyueshan Forest-Road 0-15K),24.2152,120.88393,2021-10-01,10:43 AM,eBird - Stationary Count,12,1,,,4,,,石角溪福泰橋
S95412130,白鶺鴒,Motacilla alba,30675,1,TW-TXG,,L3987481,台中大雪山IBA--大雪山林道0-15K(標記於9K處)(Dasyueshan IBA--Dasyueshan Forest-Road 0-15K),24.2152,120.88393,2021-10-01,11:09 AM,eBird - Stationary Count,20,1,,,4,,,石角溪龍神橋
S95451573,台灣朱雀,Carpodacus formosanus,31123,1,TW-TXG,,L2395343,台中大雪山IBA--小雪山莊(50K)(Dasyueshan IBA--Xiaoxueshan Lodge (50K)),24.2792643,121.0259056,2021-10-02,05:56 AM,eBird - Traveling Count,114,1,3.327,,4
S95417088,灰鷽,Pyrrhula owstoni,31193,1,TW-TXG,,L2395343,台中大雪山IBA--小雪山莊(50K)(Dasyueshan IBA--Xiaoxueshan Lodge (50K)),24.2792643,121.0259056,2021-10-01,04:20 PM,eBird - Traveling Count,86,1,2.282,,4
S95451573,灰鷽,Pyrrhula owstoni,31193,1,TW-TXG,,L2395343,台中大雪山IBA--小雪山莊(50K)(Dasyueshan IBA--Xiaoxueshan Lodge (50K)),24.2792643,121.0259056,2021-10-02,05:56 AM,eBird - Traveling Count,114,1,3.327,,4
